repo_name,language,clone_url,github_id,created_at,pushed_at,topics,stars,forks,num_contributors
yiuchoi/microreader,java,https://github.com/yiuchoi/microreader.git,3230812,2016-03-04,2017-01-01T06:01:57,[],861,223,2
nightonke/wowoviewpager,java,https://github.com/nightonke/wowoviewpager.git,3234475,2016-03-03,2017-04-06T02:07:25,[],2726,451,2
rukey7/mvpapp,java,https://github.com/rukey7/mvpapp.git,3236559,2016-08-19,2017-05-31T09:06:24,[],2338,678,0
byhieg/javatutorial,java,https://github.com/byhieg/javatutorial.git,3238499,2016-12-27,2017-07-03T08:55:23,[],543,286,0
material-foundation/material-remixer-android,java,https://github.com/material-foundation/material-remixer-android.git,3239507,2016-08-16,2017-09-05T03:59:46,[],783,55,11
rogerou/baby,java,https://github.com/rogerou/baby.git,3239509,2016-04-06,2017-08-29T08:31:53,[],684,219,3
452mj/c9mj,java,https://github.com/452mj/c9mj.git,3239510,2016-08-30,2017-08-20T02:19:03,[],601,190,0
burgessjp/ganhuoio,java,https://github.com/burgessjp/ganhuoio.git,3241023,2016-05-21,2017-10-12T02:15:08,[],735,164,0
wuapnjie/puzzleview,java,https://github.com/wuapnjie/puzzleview.git,3243503,2016-08-19,2017-12-19T09:11:26,[],709,134,2
opntec/open-event-android,java,https://github.com/opntec/open-event-android.git,3244570,2017-11-24,2018-01-23T10:22:28,[],1175,1,68
weexteam/hackernews-app-powered-by-apache-weex,java,https://github.com/weexteam/hackernews-app-powered-by-apache-weex.git,3244571,2016-12-08,2018-01-04T01:29:25,[],1170,242,6
diwi/pixelflow,java,https://github.com/diwi/pixelflow.git,3244575,2016-09-06,2018-01-10T06:06:29,[],953,96,2
jigsaw-projects/jigsaw-payment,java,https://github.com/jigsaw-projects/jigsaw-payment.git,3244578,2017-08-04,2018-01-04T03:04:06,[],642,347,7
daxiak/mydiary,java,https://github.com/daxiak/mydiary.git,3245894,2016-11-04,2018-02-12T02:24:09,[],1456,248,16
typ0520/fastdex,java,https://github.com/typ0520/fastdex.git,3245895,2016-07-13,2018-02-06T09:37:21,[],1412,192,0
cameloeanthony/ant,java,https://github.com/cameloeanthony/ant.git,3245898,2016-04-28,2018-02-23T02:42:58,[],807,222,0
xiaojianglaile/calendar,java,https://github.com/xiaojianglaile/calendar.git,3247192,2016-10-08,2018-02-27T04:54:28,[],1176,248,2
androidjiang/stockchart,java,https://github.com/androidjiang/stockchart.git,3247194,2016-05-18,2024-11-15T06:17:28,[],1085,320,4
blox/blox,java,https://github.com/blox/blox.git,3247727,2016-11-18,2018-03-14T09:54:22,[],941,81,22
baidao/tinker-manager,java,https://github.com/baidao/tinker-manager.git,3247761,2016-11-04,2018-03-19T04:17:08,[],669,176,3
licola1213/huabandemo,java,https://github.com/licola1213/huabandemo.git,3247798,2016-01-09,2018-03-15T08:39:58,[],574,182,0
gcssloop/diycode,java,https://github.com/gcssloop/diycode.git,3248310,2017-02-03,2018-03-26T05:17:44,[],931,200,0
jameszbl/java_design_patterns,java,https://github.com/jameszbl/java_design_patterns.git,3248406,2017-11-09,2018-04-20T01:45:39,[],538,325,0
nightonke/boommenu,java,https://github.com/nightonke/boommenu.git,3249640,2016-03-19,2023-03-12T07:41:43,[],5776,1176,3
megagao/production_ssm,java,https://github.com/megagao/production_ssm.git,3249648,2016-09-14,2018-04-23T01:21:36,[],954,601,2
xiaoyaoyou1212/ble,java,https://github.com/xiaoyaoyou1212/ble.git,3251000,2016-08-05,2018-05-28T03:05:32,[],1162,310,0
crossoverjie/ssm,java,https://github.com/crossoverjie/ssm.git,3252360,2016-06-21,2018-07-02T02:32:39,[],3323,1370,5
xinghongfei/looklook,java,https://github.com/xinghongfei/looklook.git,3252361,2016-08-20,2018-06-25T07:13:08,[],2237,740,8
aa112901/remusic,java,https://github.com/aa112901/remusic.git,3253389,2016-03-24,2018-07-20T03:52:21,[],5790,1876,2
xiaoyaoyou1212/xsnow,java,https://github.com/xiaoyaoyou1212/xsnow.git,3253391,2017-01-16,2018-07-16T07:01:07,[],1677,395,0
topjohnwu/magiskmanager,java,https://github.com/topjohnwu/magiskmanager.git,3253395,2016-08-05,2018-07-18T09:47:03,[],1119,224,68
xujeff/tianti,java,https://github.com/xujeff/tianti.git,3253396,2017-02-08,2022-05-20T09:31:18,[],1067,594,2
codeestx/geeknews,java,https://github.com/codeestx/geeknews.git,3253988,2016-08-07,2018-08-25T11:26:10,[],3506,853,3
kaz-anova/stacknet,java,https://github.com/kaz-anova/stacknet.git,3253998,2017-03-12,2018-09-19T03:19:50,[],1254,345,3
horrarndoo/yizhi,java,https://github.com/horrarndoo/yizhi.git,3254009,2017-09-16,2022-08-31T08:16:54,[],674,186,1
konifar/droidkaigi2016,java,https://github.com/konifar/droidkaigi2016.git,3254010,2016-01-01,2018-09-26T09:57:02,[],680,145,41
zfman/timetableview,java,https://github.com/zfman/timetableview.git,3254767,2018-01-13,2019-01-11T01:51:21,[],628,95,2
imeiji/toutiao,java,https://github.com/imeiji/toutiao.git,3255188,2016-12-16,2019-01-19T06:04:58,[],2191,588,0
g-joker/weaponapp,java,https://github.com/g-joker/weaponapp.git,3255192,2017-09-08,2024-05-27T03:40:39,"[""android"", ""databinding"", ""gradle"", ""mvvm"", ""okhttp"", ""retrofit2"", ""rxjava"", ""small"", ""unit-test""]",1010,200,4
huangyanbin/smarttable,java,https://github.com/huangyanbin/smarttable.git,3255259,2017-11-08,2022-03-11T09:08:26,[],4699,786,1
zwwill/yanxuan-weex-demo,java,https://github.com/zwwill/yanxuan-weex-demo.git,3255269,2017-09-05,2021-04-26T12:54:30,[],3052,673,2
yago-naga/yago3,java,https://github.com/yago-naga/yago3.git,3255549,2017-08-29,2019-01-29T09:13:41,[],608,82,8
li-yu/fakeweather,java,https://github.com/li-yu/fakeweather.git,3255576,2017-01-04,2022-12-05T07:32:27,[],725,174,1
grover-c13/pokegoapi-java,java,https://github.com/grover-c13/pokegoapi-java.git,3255591,2016-07-16,2019-04-07T02:06:25,[],1066,364,63
tencent/rapidview,java,https://github.com/tencent/rapidview.git,3255592,2017-10-23,2022-05-26T02:10:56,[],970,109,2
a2888409/face2face,java,https://github.com/a2888409/face2face.git,3255609,2016-01-25,2019-04-10T08:20:49,[],1412,656,3
airbnb/native-navigation,java,https://github.com/airbnb/native-navigation.git,3255618,2016-09-16,2023-03-04T02:23:14,[],3132,191,21
jdsjlzx/lrecyclerview,java,https://github.com/jdsjlzx/lrecyclerview.git,3255619,2016-05-19,2019-06-27T02:37:21,[],2452,607,4
philliphsu/bottomsheetpickers,java,https://github.com/philliphsu/bottomsheetpickers.git,3255624,2016-10-06,2019-07-02T08:35:43,[],1101,140,2
razerdp/friendcircle,java,https://github.com/razerdp/friendcircle.git,3255633,2016-02-09,2019-08-14T03:46:25,[],1162,199,2
mitchtabian/android-instagram-clone,java,https://github.com/mitchtabian/android-instagram-clone.git,3255638,2017-05-28,2019-07-24T04:30:53,[],812,452,2
google/blockly-android,java,https://github.com/google/blockly-android.git,3255645,2016-02-08,2019-07-25T01:23:11,[],617,206,16
janishar/placeholderview,java,https://github.com/janishar/placeholderview.git,3255662,2016-08-18,2026-02-03T07:28:56,"[""android"", ""animation"", ""annotation-processing"", ""annotation-processor"", ""annotations"", ""gridview"", ""listview"", ""loadmore"", ""placeholderview"", ""recyclerview"", ""swipe"", ""swipeview"", ""tinder"", ""tinder-swiper"", ""tinder-ui""]",2224,368,6
ucodeustory/s-mvp,java,https://github.com/ucodeustory/s-mvp.git,3255672,2017-10-11,2019-08-23T08:21:00,[],1095,169,0
iqiyi/andromeda,java,https://github.com/iqiyi/andromeda.git,3255688,2018-04-20,2019-09-16T06:24:59,[],2096,241,2
hotbitmapgg/bilibili-android-client,java,https://github.com/hotbitmapgg/bilibili-android-client.git,3255693,2016-06-01,2019-12-17T03:51:16,[],4315,1445,2
nytimes/store,java,https://github.com/nytimes/store.git,3255695,2016-11-29,2019-12-06T09:32:10,[],3605,315,48
maoruibin/translateapp,java,https://github.com/maoruibin/translateapp.git,3255704,2016-02-26,2019-12-11T02:27:27,[],1706,403,8
algorithm004-01/algorithm004-01,java,https://github.com/algorithm004-01/algorithm004-01.git,3255708,2019-09-28,2019-12-22T04:52:32,[],972,391,109
loda-kun/spring-boot-learning,java,https://github.com/loda-kun/spring-boot-learning.git,3255872,2019-04-28,2024-08-26T04:35:46,[],1702,1066,2
tencent/vassonic,java,https://github.com/tencent/vassonic.git,3256736,2017-08-01,2023-04-07T11:37:52,[],11648,1619,13
google/wycheproof,java,https://github.com/google/wycheproof.git,3256752,2016-11-08,2024-03-15T10:05:16,"[""crypto"", ""cryptography""]",2698,286,22
javaee/javamail,java,https://github.com/javaee/javamail.git,3256764,2017-04-25,2025-08-20T03:28:28,[],583,246,8
linkedin/pygradle,java,https://github.com/linkedin/pygradle.git,3257477,2016-06-20,2020-03-05T09:58:21,[],521,142,25
chora10/cknife,java,https://github.com/chora10/cknife.git,3257581,2016-02-18,2023-11-29T08:25:57,[],2396,917,2
eleme/amigo,java,https://github.com/eleme/amigo.git,3257582,2016-08-25,2020-03-21T05:19:30,[],1345,206,9
whataa/pandora,java,https://github.com/whataa/pandora.git,3257583,2018-06-27,2023-11-01T08:35:58,"[""android-library"", ""assistant"", ""databsae"", ""debug"", ""debugging-tool"", ""network-monitoring""]",1483,169,5
newbiechen1024/novelreader,java,https://github.com/newbiechen1024/novelreader.git,3257584,2017-05-25,2020-03-15T02:54:51,[],1258,448,5
kymjs/rxvolley,java,https://github.com/kymjs/rxvolley.git,3257585,2016-01-04,2026-03-17T07:04:38,[],1157,229,3
penglu20/bigbang,java,https://github.com/penglu20/bigbang.git,3257589,2017-01-03,2020-03-23T07:48:51,[],596,155,2
yueyi2019/online-taxi,java,https://github.com/yueyi2019/online-taxi.git,3257591,2019-09-04,2020-03-17T03:54:29,[],569,444,0
googlearchive/firebase-jobdispatcher-android,java,https://github.com/googlearchive/firebase-jobdispatcher-android.git,3257606,2016-05-18,2020-04-07T09:08:39,[],1813,225,16
bephrem1/backtobackswe,java,https://github.com/bephrem1/backtobackswe.git,3257611,2018-12-31,2022-11-24T12:33:34,[],1775,792,13
kangjianwei/learningjdk,java,https://github.com/kangjianwei/learningjdk.git,3257618,2018-10-15,2022-03-28T03:23:35,[],1158,566,1
byron4j/cookbook,java,https://github.com/byron4j/cookbook.git,3257635,2018-10-16,2026-05-07T01:41:32,"[""cookbooks"", ""elasticsearch"", ""git"", ""javassist"", ""jenkins"", ""jvm"", ""kafka"", ""maven"", ""mybatis"", ""mysql"", ""netty"", ""nio"", ""python"", ""rabbitmq"", ""redis"", ""rocketmq"", ""spring-boot"", ""spring-cloud"", ""tomcat"", ""zookeeper""]",1014,303,2
zhanghai/douya,java,https://github.com/zhanghai/douya.git,3257638,2016-02-01,2021-06-14T08:48:22,[],4475,1181,1
alidili/demos,java,https://github.com/alidili/demos.git,3257641,2017-06-20,2025-12-25T01:46:48,[],1852,1206,2
javaee/glassfish,java,https://github.com/javaee/glassfish.git,3257649,2017-04-20,2020-04-24T08:20:35,[],716,191,75
neo4j-contrib/neo4j-graph-algorithms,java,https://github.com/neo4j-contrib/neo4j-graph-algorithms.git,3257650,2017-02-17,2020-04-22T12:55:18,[],703,191,17
linecutfeng/playpicdio,java,https://github.com/linecutfeng/playpicdio.git,3257659,2018-09-09,2023-02-12T01:43:14,[],501,47,1
jeasonlzy/okhttp-okgo,java,https://github.com/jeasonlzy/okhttp-okgo.git,3257668,2016-01-15,2022-09-06T01:29:03,[],10444,2527,4
wuyouzhuguli/springall,java,https://github.com/wuyouzhuguli/springall.git,3257673,2018-05-02,2024-05-31T02:56:35,"[""learning"", ""shiro"", ""spring-boot"", ""spring-boot-learning"", ""spring-cloud"", ""spring-security"", ""springboot""]",27885,8070,2
alibaba/freeline,java,https://github.com/alibaba/freeline.git,3257674,2016-08-03,2020-05-10T03:57:31,[],5405,624,17
goldze/mvvmhabit,java,https://github.com/goldze/mvvmhabit.git,3257676,2017-07-21,2022-08-11T09:18:55,[],7045,1624,1
yanzhenjie/swiperecyclerview,java,https://github.com/yanzhenjie/swiperecyclerview.git,3257677,2016-08-03,2024-07-30T05:28:04,"[""footerview"", ""headerview"", ""item-drag"", ""loadmore"", ""recyclerview"", ""swipe-delete"", ""swipe-menu""]",5598,1090,5
luckybilly/cc,java,https://github.com/luckybilly/cc.git,3257679,2017-11-23,2023-10-11T01:51:19,"[""android-architecture"", ""android-component"", ""architecture-components"", ""cc"", ""component"", ""componentization""]",4021,655,6
doikki/dkvideoplayer,java,https://github.com/doikki/dkvideoplayer.git,3257681,2017-04-11,2024-06-03T02:41:30,"[""android"", ""exoplayer"", ""ffmpeg"", ""filter"", ""ijkplayer"", ""mediaplayer"", ""opengl"", ""player"", ""tiktok"", ""video"", ""video-player"", ""watermark""]",4931,1022,6
linkedin/dr-elephant,java,https://github.com/linkedin/dr-elephant.git,3257689,2016-03-02,2023-03-28T08:16:18,[],1303,847,44
yangpeixing/yimagepicker,java,https://github.com/yangpeixing/yimagepicker.git,3257692,2018-04-09,2020-05-28T03:24:12,[],880,133,0
mzcretin/autoupdateproject,java,https://github.com/mzcretin/autoupdateproject.git,3257693,2017-03-13,2025-08-12T12:23:49,"[""appupdate"", ""sdk""]",1098,228,2
maventalker/simplemall,java,https://github.com/maventalker/simplemall.git,3257695,2017-08-12,2020-06-06T12:51:41,[],680,359,2
1024-lab/smart-admin,java,https://github.com/1024-lab/smart-admin.git,3257697,2019-11-16,2026-07-01T02:27:42,"[""ant-design-vue"", ""codegenerator"", ""composition-api"", ""element-plus"", ""element-ui"", ""java"", ""low-code"", ""smart"", ""spring-boot"", ""spring-cloud"", ""springboot"", ""typescript"", ""vue"", ""vue3""]",3753,996,4
mpusher/mpush,java,https://github.com/mpusher/mpush.git,3258063,2016-04-28,2021-12-09T07:25:16,[],3452,1401,2
huantansheng/easyphotos,java,https://github.com/huantansheng/easyphotos.git,3258067,2017-10-19,2024-01-16T08:15:35,[],2908,492,6
alibaba/vlayout,java,https://github.com/alibaba/vlayout.git,3258141,2017-02-27,2021-07-14T04:40:34,[],10795,1818,17
getactivity/androidproject,java,https://github.com/getactivity/androidproject.git,3258142,2018-10-23,2026-07-23T12:34:21,"[""android"", ""baseactivity"", ""compose"", ""dialog"", ""flutter"", ""glide"", ""jetpack"", ""kotlin"", ""mvi"", ""mvp"", ""mvvm"", ""okhttp"", ""popupwindow"", ""recyclerview"", ""retrofit"", ""rxjava"", ""titlebar"", ""toast""]",6897,1418,2
dragonetmc/dragonproxy,java,https://github.com/dragonetmc/dragonproxy.git,3258152,2016-07-29,2021-04-07T11:31:21,[],996,153,11
lovebing/react-native-baidu-map,java,https://github.com/lovebing/react-native-baidu-map.git,3258158,2016-04-16,2023-01-03T04:23:24,[],793,327,22
kohgylw/kiftd-source,java,https://github.com/kohgylw/kiftd-source.git,3258160,2018-07-30,2026-06-14T10:12:30,"[""cloud-driver"", ""open-source-cloud-driver"", ""sky-driver""]",1177,538,1
tophold/financialcustomerview,java,https://github.com/tophold/financialcustomerview.git,3258161,2017-10-25,2020-07-18T10:39:50,[],628,127,0
samourai-wallet/samourai-wallet-android,java,https://github.com/samourai-wallet/samourai-wallet-android.git,3258167,2016-03-30,2021-10-18T11:41:00,[],549,211,34
k0shk0sh/fasthub,java,https://github.com/k0shk0sh/fasthub.git,3258812,2017-02-18,2022-09-12T01:15:21,[],5618,1011,92
victoralbertos/rxcache,java,https://github.com/victoralbertos/rxcache.git,3258816,2016-01-10,2020-08-09T01:34:50,[],2398,199,14
yanzhenjie/album,java,https://github.com/yanzhenjie/album.git,3258817,2016-11-02,2022-08-25T09:09:56,[],2467,502,4
alibaba/tangram-android,java,https://github.com/alibaba/tangram-android.git,3258818,2017-03-29,2021-07-14T04:43:37,[],4022,516,8
2227324689/gpmall,java,https://github.com/2227324689/gpmall.git,3258819,2019-07-18,2022-12-11T01:19:58,[],4512,1830,29
liuyangming/bytetcc,java,https://github.com/liuyangming/bytetcc.git,3258822,2016-02-12,2022-04-15T01:50:00,[],2779,918,2
timusus/shuttle,java,https://github.com/timusus/shuttle.git,3258824,2017-02-21,2022-12-28T11:40:53,[],2212,492,24
microservices-patterns/ftgo-application,java,https://github.com/microservices-patterns/ftgo-application.git,3258828,2017-10-23,2026-03-13T01:11:04,[],3683,1399,3
lipangit/jiaozivideoplayer,java,https://github.com/lipangit/jiaozivideoplayer.git,3258830,2016-02-06,2020-09-14T07:02:20,[],10296,2416,25
zhou-you/rxeasyhttp,java,https://github.com/zhou-you/rxeasyhttp.git,3258833,2017-06-07,2022-03-22T06:13:56,[],3022,608,1
finalteam/rxgalleryfinal,java,https://github.com/finalteam/rxgalleryfinal.git,3258835,2016-04-22,2022-03-12T04:00:10,[],2808,510,7
javen205/ijpay,java,https://github.com/javen205/ijpay.git,3258836,2017-05-02,2025-04-10T02:41:48,"[""alipay"", ""ijpay"", ""jpay"", ""pay"", ""payment"", ""weixin"", ""wxpay""]",5676,1384,17
qnjr-group/easytransaction,java,https://github.com/qnjr-group/easytransaction.git,3258840,2017-03-28,2023-10-11T09:05:57,"[""base"", ""distributed-transaction"", ""saga"", ""tcc"", ""transaction""]",2344,816,8
ac-pm/inspeckage,java,https://github.com/ac-pm/inspeckage.git,3258841,2016-02-28,2020-09-22T01:45:56,[],1982,433,6
liaoinstan/springview,java,https://github.com/liaoinstan/springview.git,3258842,2016-03-28,2020-09-27T11:33:55,[],1905,355,2
cainkernel/caincamera,java,https://github.com/cainkernel/caincamera.git,3258845,2017-07-19,2021-10-01T12:53:27,[],2340,624,2
apache/servicecomb-pack,java,https://github.com/apache/servicecomb-pack.git,3258846,2017-07-18,2024-09-19T04:21:31,"[""servicecomb""]",1926,435,57
tencent/soter,java,https://github.com/tencent/soter.git,3258847,2017-07-18,2025-11-26T07:43:14,"[""authentication"", ""authentication-flow"", ""fingerprint"", ""fingerprint-authentication"", ""wechat-payment""]",1981,209,7
luizgrp/sectionedrecyclerviewadapter,java,https://github.com/luizgrp/sectionedrecyclerviewadapter.git,3258848,2016-02-07,2022-02-27T11:51:14,[],1661,364,6
ainilili/ratel,java,https://github.com/ainilili/ratel.git,3258850,2018-10-16,2026-01-17T01:33:07,"[""game"", ""landlord"", ""netty4""]",2201,315,20
voghdev/pdfviewpager,java,https://github.com/voghdev/pdfviewpager.git,3258853,2016-02-10,2021-08-31T05:48:38,[],1463,302,3
mikaelzero/mojito,java,https://github.com/mikaelzero/mojito.git,3258862,2018-11-06,2022-12-10T12:15:56,[],1404,157,3
jthink/skyeye,java,https://github.com/jthink/skyeye.git,3258865,2017-02-27,2020-09-14T01:57:27,[],791,371,4
roncoo/roncoo-education,java,https://github.com/roncoo/roncoo-education.git,3258868,2018-12-18,2026-06-14T10:19:45,"[""ai"", ""educational-project"", ""educational-software"", ""spring-boot"", ""spring-cloud-alibaba""]",1514,591,12
fabienrenaud/java-json-benchmark,java,https://github.com/fabienrenaud/java-json-benchmark.git,3258871,2016-06-27,2026-05-11T06:19:35,[],1030,139,23
microsoft/malmo,java,https://github.com/microsoft/malmo.git,3258878,2016-05-17,2025-09-03T01:10:21,[],4200,604,26
bjmashibing/internetarchitect,java,https://github.com/bjmashibing/internetarchitect.git,3258879,2019-10-19,2022-12-14T08:42:20,[],4108,2805,1
stfalcon-studio/chatkit,java,https://github.com/stfalcon-studio/chatkit.git,3258880,2017-02-02,2021-10-24T02:22:23,[],3468,788,22
gouthampradhan/leetcode,java,https://github.com/gouthampradhan/leetcode.git,3258881,2017-03-09,2024-12-19T12:17:15,"[""algorithms"", ""coding-interviews"", ""competitive-programming"", ""java"", ""leetcode"", ""leetcode-java"", ""leetcode-solutions""]",3293,820,2
baronz88/minimalistweather,java,https://github.com/baronz88/minimalistweather.git,3258882,2016-04-07,2020-10-09T03:27:48,[],2366,563,0
mercyblitz/segmentfault-lessons,java,https://github.com/mercyblitz/segmentfault-lessons.git,3258887,2017-06-02,2025-12-27T09:33:35,"[""java"", ""mercyblitz"", ""online-course"", ""segmentfault"", ""spring-boot"", ""spring-cloud""]",1443,973,4
youseries/ureport,java,https://github.com/youseries/ureport.git,3258889,2017-06-05,2023-02-10T08:04:59,[],1710,781,6
android-notes/swissarmyknife,java,https://github.com/android-notes/swissarmyknife.git,3258890,2016-11-30,2025-08-28T07:30:44,"[""android"", ""debug"", ""tools"", ""ui""]",1360,231,1
youlookwhat/bywebview,java,https://github.com/youlookwhat/bywebview.git,3258896,2016-11-15,2026-05-12T03:20:22,"[""android"", ""android-webview"", ""deeplink"", ""tencent-x5"", ""webview"", ""x5""]",1574,306,2
stevenhalim/cpbook-code,java,https://github.com/stevenhalim/cpbook-code.git,3258897,2018-11-27,2026-06-16T05:58:28,[],2322,539,25
requery/sqlite-android,java,https://github.com/requery/sqlite-android.git,3258898,2016-04-03,2025-10-14T03:15:21,"[""android"", ""android-database-api"", ""sqlite"", ""sqlite-android""]",1107,151,28
crossoverjie/jcsprout,java,https://github.com/crossoverjie/jcsprout.git,3258904,2017-12-17,2024-05-21T02:46:20,"[""algorithm"", ""basic-java"", ""concurrent-programming"", ""java"", ""jvm"", ""netty""]",27068,7100,23
shuzheng/zheng,java,https://github.com/shuzheng/zheng.git,3258906,2016-10-04,2022-12-16T09:53:00,[],16405,7462,8
crossoverjie/cim,java,https://github.com/crossoverjie/cim.git,3258907,2018-05-20,2026-04-05T02:05:13,"[""heartbeat"", ""im"", ""netty"", ""tcp""]",9486,2873,16
vedenin/useful-java-links,java,https://github.com/vedenin/useful-java-links.git,3258908,2016-02-13,2026-05-08T07:26:19,"[""awesome"", ""awesome-list"", ""java-api"", ""java-applications"", ""java-frameworks"", ""java-libraries"", ""java-links"", ""lists"", ""machine-learning"", ""resources""]",6162,1200,70
ehsantang/apimanager,java,https://github.com/ehsantang/apimanager.git,3258953,2016-03-29,2024-03-29T05:39:27,"[""angularjs"", ""api"", ""apimanager"", ""crapapi""]",2355,792,6
wkeyuan/dwsurvey,java,https://github.com/wkeyuan/dwsurvey.git,3259024,2017-06-11,2025-03-19T12:25:40,"[""questionnaire"", ""survey"", ""survey-form"", ""survey-system""]",2762,780,7
rhwayfun/spring-boot-learning-examples,java,https://github.com/rhwayfun/spring-boot-learning-examples.git,3259080,2017-03-28,2022-03-21T09:55:22,[],1355,542,2
houko/springbootunity,java,https://github.com/houko/springbootunity.git,3259181,2016-04-02,2022-06-22T09:06:01,[],847,447,5
zephery/newblog,java,https://github.com/zephery/newblog.git,3259227,2017-07-13,2023-10-19T10:38:24,"[""blog"", ""java"", ""javablog"", ""mybatis"", ""personal-website"", ""spring"", ""springmvc""]",1037,350,2
alibaba/jetcache,java,https://github.com/alibaba/jetcache.git,3259433,2017-04-12,2026-07-31T08:45:21,"[""cache"", ""java"", ""jcache"", ""redis"", ""spring"", ""spring-cache""]",5596,1086,34
ngbdf/redis-manager,java,https://github.com/ngbdf/redis-manager.git,3259435,2018-05-18,2022-10-23T04:14:37,[],2795,690,11
yinjihuan/spring-cloud,java,https://github.com/yinjihuan/spring-cloud.git,3259436,2017-10-24,2020-10-13T01:57:24,[],1557,868,0
richardgong/playwithcompiler,java,https://github.com/richardgong/playwithcompiler.git,3259440,2019-06-06,2021-02-18T02:30:19,[],525,223,0
ibcalpha/ibc,java,https://github.com/ibcalpha/ibc.git,3259450,2018-02-08,2026-08-02T11:40:38,[],1591,266,19
rohanpadhye/jqf,java,https://github.com/rohanpadhye/jqf.git,3259451,2017-02-23,2026-07-22T07:41:52,"[""afl"", ""coverage-guided-fuzzing"", ""fuzzing"", ""junit"", ""property-based-testing"", ""quickcheck""]",740,117,22
yanzhenjie/andpermission,java,https://github.com/yanzhenjie/andpermission.git,3259515,2016-09-11,2022-02-24T04:56:01,[],6552,1111,5
iqiyi/qigsaw,java,https://github.com/iqiyi/qigsaw.git,3259688,2019-06-24,2023-10-25T03:57:57,"[""android"", ""android-app-bundle"", ""dynamic"", ""iqiyi"", ""java"", ""play"", ""play-core"", ""plugin-framework"", ""split-apk""]",1630,258,5
kongzue/dialogv3,java,https://github.com/kongzue/dialogv3.git,3259733,2019-03-22,2021-06-25T05:59:29,[],1125,151,1
qiurunze123/threadandjuc,java,https://github.com/qiurunze123/threadandjuc.git,3259797,2018-09-17,2023-11-30T10:02:53,"[""demo"", ""guava"", ""java"", ""thread""]",1929,483,1
aefyr/sai,java,https://github.com/aefyr/sai.git,3259808,2018-12-14,2024-06-03T09:59:10,[],2245,245,11
fayson/cdhproject,java,https://github.com/fayson/cdhproject.git,3259820,2017-11-21,2023-01-04T07:25:27,[],858,517,1
baidu/brpc-java,java,https://github.com/baidu/brpc-java.git,3259850,2018-12-20,2022-08-11T07:31:25,[],786,258,38
hank-whu/rpc-benchmark,java,https://github.com/hank-whu/rpc-benchmark.git,3259878,2017-12-23,2022-11-29T07:27:18,[],508,123,6
guang19/framework-learning,java,https://github.com/guang19/framework-learning.git,3259887,2019-12-24,2022-09-08T01:20:10,[],979,204,5
han-ylun/saas_ihrm,java,https://github.com/han-ylun/saas_ihrm.git,3259905,2019-12-29,2026-04-20T03:15:32,"[""redis"", ""saas-ihrm"", ""springboot"", ""springcloud""]",593,325,2
openjdk/jol,java,https://github.com/openjdk/jol.git,3259959,2020-09-24,2026-01-21T04:31:45,[],1032,109,13
moxi624/learningnotes,java,https://github.com/moxi624/learningnotes.git,3260002,2019-12-22,2023-03-07T02:14:58,[],531,129,9
scwang90/smartrefreshlayout,java,https://github.com/scwang90/smartrefreshlayout.git,3260037,2017-06-02,2024-12-04T12:28:17,"[""android"", ""android-ui"", ""footer"", ""header"", ""overscroll"", ""pull-to-refresh"", ""pulltorefresh"", ""refreshlayout""]",24964,4955,8
527515025/springboot,java,https://github.com/527515025/springboot.git,3260048,2016-11-07,2023-10-09T02:53:36,[],6200,3064,1
arello-mobile/moxy,java,https://github.com/arello-mobile/moxy.git,3260188,2016-02-12,2020-10-15T03:00:53,[],1600,221,19
shuzijun/leetcode-editor,java,https://github.com/shuzijun/leetcode-editor.git,3260219,2019-03-19,2026-08-03T03:39:44,"[""algorithm"", ""idea"", ""intellij-plugin"", ""leetcode""]",3976,425,9
ryanfehr/hackerrank,java,https://github.com/ryanfehr/hackerrank.git,3260309,2016-09-11,2024-02-22T11:50:08,"[""algorithms"", ""cpp"", ""csharp"", ""data-structures"", ""hackerrank"", ""java"", ""java8"", ""javascript"", ""python""]",1232,684,9
maning0303/gankmm,java,https://github.com/maning0303/gankmm.git,3260396,2016-03-16,2021-11-05T10:36:06,[],560,164,2
aachartmodel/aachartcore,java,https://github.com/aachartmodel/aachartcore.git,3260430,2018-02-03,2026-03-31T11:54:19,"[""android"", ""android-charts"", ""animation"", ""area-chart"", ""bar-chart"", ""bubble-chart"", ""chart"", ""chart-library"", ""charts"", ""column-chart"", ""data-visualization"", ""dynamic"", ""graphics"", ""highcharts"", ""hybird"", ""hybrid"", ""line-chart"", ""pie-chart"", ""radar-chart"", ""webview""]",1022,138,2
yushijinhun/authlib-injector,java,https://github.com/yushijinhun/authlib-injector.git,3260448,2017-08-12,2026-07-11T05:14:13,"[""minecraft"", ""minecraft-authentication"", ""yggdrasil""]",919,104,8
ityouknow/spring-boot-examples,java,https://github.com/ityouknow/spring-boot-examples.git,3260696,2016-11-05,2023-11-18T04:32:16,"[""docker"", ""docker-composer"", ""fastdfs"", ""java"", ""mongodb"", ""mybatis"", ""rabbitmq"", ""scheduler"", ""spring"", ""spring-boot"", ""spring-boot-examples"", ""spring-boot-mail"", ""spring-boot-mongodb"", ""spring-boot-upload-file"", ""spring-cloud"", ""spring-data-jpa"", ""springboot"", ""springboot-shiro"", ""springcloud"", ""thymeleaf""]",29650,12392,8
jessyancoding/mvparms,java,https://github.com/jessyancoding/mvparms.git,3260699,2016-08-06,2023-03-22T06:53:43,[],10202,2425,18
saysky/forestblog,java,https://github.com/saysky/forestblog.git,3260704,2017-10-08,2024-07-03T04:38:32,"[""blog"", ""java"", ""ssm"", ""ssm-maven""]",4422,1645,1
qunarcorp/bistoury,java,https://github.com/qunarcorp/bistoury.git,3260706,2019-08-01,2022-12-16T08:45:38,[],3585,760,8
daniulive/smarterstreaming,java,https://github.com/daniulive/smarterstreaming.git,3260731,2016-03-26,2026-04-15T02:19:00,"[""android-rtmp"", ""gb28181"", ""hevc"", ""http-flv"", ""ios-rtmp"", ""linux"", ""player"", ""rtmp"", ""rtmp-client"", ""rtmp-h265"", ""rtmp-player"", ""rtmp-pusher"", ""rtmpclient"", ""rtsp"", ""rtsp-player"", ""rtsp-relay"", ""rtsp-to-rtmp"", ""rtspclient"", ""windows-rtmp""]",11171,2762,2
dyc87112/springcloud-learning,java,https://github.com/dyc87112/springcloud-learning.git,3260801,2016-08-21,2023-02-22T07:00:15,[],7097,2906,2
apache/dubbo-spring-boot-project,java,https://github.com/apache/dubbo-spring-boot-project.git,3260828,2018-01-18,2023-01-25T12:11:57,[],5355,1870,49
lawnchairlauncher/lawnchair,java,https://github.com/lawnchairlauncher/lawnchair.git,3260890,2017-03-03,2026-08-06T04:32:29,"[""android"", ""app"", ""hacktoberfest"", ""java"", ""kotlin"", ""launcher"", ""launcher3""]",13263,1607,162
vipshop/saturn,java,https://github.com/vipshop/saturn.git,3261036,2016-11-30,2025-11-12T10:34:10,"[""java"", ""job"", ""saturn"", ""scheduling"", ""vipshop""]",2304,698,17
nisrulz/android-examples,java,https://github.com/nisrulz/android-examples.git,3261106,2016-02-25,2023-10-12T04:48:31,"[""android"", ""android-studio"", ""apps"", ""basic"", ""examples""]",1739,667,6
baeldung/spring-security-oauth,java,https://github.com/baeldung/spring-security-oauth.git,3261108,2016-03-02,2026-06-26T07:16:12,"[""oauth"", ""spring-security"", ""spring-security-oauth""]",2019,1910,49
android/animation-samples,java,https://github.com/android/animation-samples.git,3261111,2019-08-08,2024-12-09T01:19:38,"[""samples""]",2578,906,10
json-iterator/java,java,https://github.com/json-iterator/java.git,3261112,2016-12-05,2023-11-23T04:20:23,"[""deserialization"", ""java"", ""json"", ""json-parser"", ""parser"", ""serialization"", ""serializer""]",1481,592,15
dkzwm/smoothrefreshlayout,java,https://github.com/dkzwm/smoothrefreshlayout.git,3261116,2017-05-31,2021-09-09T11:02:10,[],1229,217,1
jzyong/game-server,java,https://github.com/jzyong/game-server.git,3261119,2017-08-16,2025-08-20T05:46:58,"[""ai"", ""astar-algorithm"", ""behavior-tree"", ""chess"", ""distributed"", ""fish"", ""game"", ""gate"", ""java"", ""mina"", ""mmo"", ""mmorpg-server"", ""navmesh"", ""netty"", ""quad-tree"", ""rpg"", ""server""]",1200,491,4
simon987/much-assembly-required,java,https://github.com/simon987/much-assembly-required.git,3261120,2017-11-03,2024-10-24T12:37:03,"[""assembly"", ""game"", ""mongodb"", ""websocket"", ""x86-16""]",930,88,31
lenve/javaboy-code-samples,java,https://github.com/lenve/javaboy-code-samples.git,3261125,2019-05-10,2023-05-14T02:02:01,[],1252,566,1
eventuate-local/eventuate-local,java,https://github.com/eventuate-local/eventuate-local.git,3261126,2016-08-06,2026-04-01T11:33:36,[],816,205,5
eventuate-tram/eventuate-tram-sagas,java,https://github.com/eventuate-tram/eventuate-tram-sagas.git,3261129,2017-10-23,2026-04-01T11:54:32,[],1077,237,3
google/science-journal,java,https://github.com/google/science-journal.git,3261137,2016-06-29,2020-10-28T02:36:18,[],501,152,15
eventuate-tram/eventuate-tram-core,java,https://github.com/eventuate-tram/eventuate-tram-core.git,3261138,2017-07-29,2026-04-27T01:59:57,[],1154,194,4
yinjihuan/kitty,java,https://github.com/yinjihuan/kitty.git,3261144,2020-01-11,2022-11-21T10:39:21,[],619,277,2
superblaubeere27/obfuscator,java,https://github.com/superblaubeere27/obfuscator.git,3261155,2018-05-10,2023-06-14T10:29:49,"[""java"", ""java-bytecode"", ""obfuscation""]",721,211,8
liuyueyi/spring-boot-demo,java,https://github.com/liuyueyi/spring-boot-demo.git,3261178,2018-09-21,2024-04-15T01:16:19,"[""aop"", ""bean"", ""influxdb"", ""jdbctemplate"", ""jpa"", ""mongodb"", ""mysql"", ""react"", ""redis"", ""solr"", ""spel"", ""spring"", ""spring-boot"", ""spring-cloud"", ""spring-mvc"", ""springboot-redis"", ""springsecurity"", ""sse"", ""webflux"", ""websocket""]",628,322,1
zhihu/matisse,java,https://github.com/zhihu/matisse.git,3261203,2017-04-13,2023-05-15T09:55:57,[],12407,2074,28
hs-web/hsweb-framework,java,https://github.com/hs-web/hsweb-framework.git,3261227,2016-01-18,2026-07-22T07:50:10,"[""hsweb"", ""java"", ""java8"", ""javaweb"", ""mybatis"", ""r2dbc"", ""reactive-streams"", ""reactor"", ""spring-boot"", ""spring-webflux""]",8399,3021,31
alipay/solopi,java,https://github.com/alipay/solopi.git,3261295,2019-03-14,2024-07-11T07:19:06,"[""adb"", ""android"", ""arkts"", ""automated-testing"", ""automation"", ""harmony"", ""mobile-testing"", ""test-automation"", ""ui-testing""]",5675,1190,6
bytedance/bytex,java,https://github.com/bytedance/bytex.git,3261456,2020-01-10,2022-03-11T12:27:37,[],2346,325,4
project-travel-mate/travel-mate,java,https://github.com/project-travel-mate/travel-mate.git,3261478,2016-01-30,2021-10-03T06:10:12,[],1170,858,100
sofastack/sofa-ark,java,https://github.com/sofastack/sofa-ark.git,3261521,2018-03-12,2026-07-15T10:03:31,"[""classloader-isolation"", ""sofa-ark"", ""sofa-boot"", ""sofastack""]",1637,527,62
ruffianzhong/rwidgethelper,java,https://github.com/ruffianzhong/rwidgethelper.git,3261595,2018-04-26,2023-05-08T10:30:19,[],1612,146,2
nacos-group/nacos-spring-project,java,https://github.com/nacos-group/nacos-spring-project.git,3261680,2018-07-26,2025-12-15T08:32:58,"[""distributed-configuration"", ""java"", ""nacos"", ""spring"", ""springframework""]",766,315,32
smarteist/android-image-slider,java,https://github.com/smarteist/android-image-slider.git,3261681,2018-03-12,2024-08-19T01:07:55,[],944,283,8
janino-compiler/janino,java,https://github.com/janino-compiler/janino.git,3261682,2016-06-12,2026-07-04T07:43:33,"[""compiler"", ""in-memory-java-compiler"", ""janino"", ""java-compiler""]",1325,213,11
tls-attacker/tls-attacker,java,https://github.com/tls-attacker/tls-attacker.git,3261683,2016-04-20,2026-07-24T11:20:24,[],876,145,93
dunwu/java-tutorial,java,https://github.com/dunwu/java-tutorial.git,3261687,2017-11-29,2024-12-31T12:09:46,[],1888,274,5
coderbruis/javasourcecodelearning,java,https://github.com/coderbruis/javasourcecodelearning.git,3261688,2020-06-02,2026-07-22T03:13:28,[],3754,596,6
byteblogs168/plumemo,java,https://github.com/byteblogs168/plumemo.git,3261691,2019-09-23,2022-11-14T02:02:29,[],514,126,4
gayanvoice/android-vpn-client-ics-openvpn,java,https://github.com/gayanvoice/android-vpn-client-ics-openvpn.git,3261704,2019-09-09,2023-09-20T08:35:35,"[""android"", ""android-studio"", ""androidx"", ""java"", ""openvpn"", ""openvpn-client"", ""vpn"", ""vpn-client""]",534,321,2
spring-petclinic/spring-petclinic-rest,java,https://github.com/spring-petclinic/spring-petclinic-rest.git,3261707,2016-11-18,2026-08-01T03:02:59,"[""hibernate"", ""jackson"", ""jdbc"", ""jmeter"", ""mysql-database"", ""openapi"", ""rest"", ""rest-api"", ""sample"", ""spring"", ""spring-data"", ""spring-data-jpa"", ""spring-mvc"", ""springdoc"", ""springframework"", ""swagger""]",593,1113,60
krlvm/powertunnel,java,https://github.com/krlvm/powertunnel.git,3261727,2019-10-25,2023-09-06T10:37:27,"[""anti-censorship"", ""anticensorship"", ""censorship-circumvention"", ""deep-packet-inspection"", ""dpi"", ""dpi-filtering"", ""government-censorship"", ""proxy""]",784,56,4
alibaba/arouter,java,https://github.com/alibaba/arouter.git,3261823,2016-12-14,2023-09-11T06:07:41,"[""android"", ""componentization"", ""dependency-injection"", ""interceptor"", ""navigation"", ""router""]",14265,2587,19
newbee-ltd/newbee-mall,java,https://github.com/newbee-ltd/newbee-mall.git,3261837,2019-09-21,2025-10-27T10:43:30,"[""adminlte"", ""java"", ""mall"", ""microservice"", ""mybatis"", ""shop"", ""spring-boot"", ""spring-cloud"", ""spring-cloud-alibaba"", ""springboot"", ""springboot-learning"", ""springboot-mybatis"", ""springboot-sample"", ""springboot-vue"", ""springboot2"", ""springcloud"", ""vue"", ""vue3"", ""vuejs3"", ""wangeditor""]",11430,2738,5
tywo45/t-io,java,https://github.com/tywo45/t-io.git,3261906,2017-03-30,2025-06-24T08:16:21,"[""aio"", ""im"", ""iot"", ""protocol"", ""socket"", ""t-io"", ""tcp"", ""tio"", ""udp"", ""websocket""]",1828,573,10
ashqal/md360player4android,java,https://github.com/ashqal/md360player4android.git,3261961,2016-03-21,2022-03-10T09:04:46,[],992,347,8
hansolo/tilesfx,java,https://github.com/hansolo/tilesfx.git,3261971,2016-12-21,2024-10-18T04:59:34,"[""dashboards"", ""java"", ""javafx"", ""javafx-components"", ""javafx-library""]",1426,201,9
chillzhuang/blade-tool,java,https://github.com/chillzhuang/blade-tool.git,3262034,2018-12-24,2026-07-13T06:05:52,[],1781,789,4
oasisfeng/island,java,https://github.com/oasisfeng/island.git,3262057,2016-04-23,2025-04-24T02:46:04,"[""android""]",2970,214,2
ddssingsong/webrtc_android,java,https://github.com/ddssingsong/webrtc_android.git,3262091,2019-01-02,2025-01-09T05:55:34,"[""p2p"", ""video"", ""videocall"", ""videochat"", ""webrtc"", ""webrtc-android"", ""webrtc-demos""]",1577,509,4
sylvainhalle/textidote,java,https://github.com/sylvainhalle/textidote.git,3262190,2018-06-11,2026-04-16T01:24:03,"[""grammar-checker"", ""languagetool"", ""latex"", ""linter"", ""spell-check"", ""spell-checker""]",1042,72,32
mkyong/spring-boot,java,https://github.com/mkyong/spring-boot.git,3262197,2019-02-01,2026-06-09T06:11:37,[],845,940,1
tencent/tencentkona-8,java,https://github.com/tencent/tencentkona-8.git,3262199,2019-11-01,2026-08-05T03:17:17,[],1004,150,141
getactivity/easyhttp,java,https://github.com/getactivity/easyhttp.git,3262205,2019-11-24,2026-07-11T11:14:25,"[""android"", ""android-http-request"", ""download"", ""gson"", ""httpclient"", ""httpdns"", ""httpurlconnection"", ""nohttp"", ""okgo"", ""okhttp"", ""okhttputils"", ""retrofit"", ""retrofit2"", ""rxjava"", ""rxjava-retrofit"", ""rxjava2""]",1520,216,2
javapathfinder/jpf-core,java,https://github.com/javapathfinder/jpf-core.git,3262208,2017-05-31,2026-07-29T12:51:58,[],614,407,33
andreale94/moneywallet,java,https://github.com/andreale94/moneywallet.git,3262222,2018-11-15,2024-01-08T02:24:48,"[""hacktoberfest"", ""playstore""]",551,139,18
hex007/freej2me,java,https://github.com/hex007/freej2me.git,3262224,2017-09-23,2026-07-27T08:16:41,"[""awt"", ""emulator"", ""emulator-frontend"", ""j2me"", ""libretro"", ""sdl2"", ""sdl2-frontends""]",661,122,23
darbyluv2code/spring-and-hibernate-for-beginners,java,https://github.com/darbyluv2code/spring-and-hibernate-for-beginners.git,3262226,2019-09-04,2026-04-19T05:34:45,"[""aop"", ""crud"", ""hibernate"", ""java"", ""jpa"", ""maven"", ""mysql"", ""rest"", ""spring"", ""spring-boot"", ""spring-data-jpa"", ""spring-data-rest"", ""spring-mvc"", ""spring-security"", ""springdata"", ""springdatarest"", ""springsecurity"", ""tutorial"", ""udemy""]",808,767,2
pop4959/chunky,java,https://github.com/pop4959/chunky.git,3262305,2020-07-13,2026-07-23T04:15:58,[],748,101,21
smart-cloud/smart-cloud,java,https://github.com/smart-cloud/smart-cloud.git,3262318,2019-04-28,2026-06-12T12:25:56,"[""dynamic-datasource"", ""gateway"", ""integration-test"", ""java"", ""mock"", ""mybatis"", ""mybatis-plus"", ""openfeign"", ""rabbitmq"", ""redis"", ""sharding-jdbc"", ""spring"", ""spring-boot"", ""spring-cloud"", ""springcloud"", ""starter"", ""yapi""]",687,170,1
zhisheng17/flink-learning,java,https://github.com/zhisheng17/flink-learning.git,3262350,2019-01-01,2026-05-06T01:39:08,"[""clickhouse"", ""elasticsearch"", ""flink"", ""hbase"", ""influxdb"", ""kafka"", ""loki"", ""mysql"", ""opentsdb"", ""rabbitmq"", ""redis"", ""rocketmq"", ""spark"", ""stream-processing"", ""streaming""]",15053,3948,7
huanghaibin-dev/calendarview,java,https://github.com/huanghaibin-dev/calendarview.git,3262362,2017-03-11,2025-12-04T03:09:32,"[""android"", ""calendar"", ""calendar-api"", ""calendar-component"", ""calendar-view"", ""calendar-widget"", ""calendarview""]",9346,1837,8
amitshekhariitbhu/fast-android-networking,java,https://github.com/amitshekhariitbhu/fast-android-networking.git,3262389,2016-03-21,2026-02-05T09:09:48,"[""android"", ""android-library"", ""awesome"", ""download"", ""downloader"", ""downloadmanager"", ""fast"", ""fast-android-networking"", ""http"", ""http-client"", ""http2"", ""https"", ""internet"", ""libraries"", ""network"", ""networking"", ""okhttp"", ""okhttpclient"", ""rxjava"", ""rxjava2""]",5883,971,12
google/volley,java,https://github.com/google/volley.git,3262522,2017-01-24,2026-08-06T04:06:16,[],3420,750,54
android/views-widgets-samples,java,https://github.com/android/views-widgets-samples.git,3262545,2019-09-06,2025-07-11T01:00:08,[],5147,3014,20
geekidea/spring-boot-plus,java,https://github.com/geekidea/spring-boot-plus.git,3262611,2019-06-20,2024-02-27T09:45:02,"[""centos"", ""generator"", ""knife4j"", ""mybatis"", ""mybatis-plus"", ""redis"", ""spring-boot"", ""spring-boot-plus"", ""springboot"", ""swagger"", ""swagger-ui""]",2423,716,5
qihoo360/quicksql,java,https://github.com/qihoo360/quicksql.git,3262655,2019-01-04,2022-10-25T11:52:06,[],1944,555,12
winterchens/my-site,java,https://github.com/winterchens/my-site.git,3262670,2018-05-03,2026-05-17T06:02:19,[],3474,1064,8
aserbao/androidcamera,java,https://github.com/aserbao/androidcamera.git,3262683,2018-05-04,2024-05-11T09:47:39,"[""camera"", ""decode"", ""editor"", ""effect"", ""encode"", ""encoder-decoder"", ""filters"", ""media"", ""muxer"", ""opengl"", ""sticker"", ""tiktok"", ""video""]",2921,634,1
siaorg/sia-task,java,https://github.com/siaorg/sia-task.git,3262699,2019-05-15,2022-02-12T05:58:37,[],1734,565,8
yangchong211/ycvideoplayer,java,https://github.com/yangchong211/ycvideoplayer.git,3262730,2017-12-28,2022-02-22T12:18:05,[],1908,397,1
aslody/virtualapp,java,https://github.com/aslody/virtualapp.git,3262796,2016-07-06,2026-08-04T07:51:55,"[""android"", ""framework"", ""plugin"", ""plugin-manager""]",11056,3038,35
thirtydegreesray/openhub,java,https://github.com/thirtydegreesray/openhub.git,3262857,2017-07-11,2024-05-30T02:01:01,"[""android-client"", ""github"", ""github-android"", ""github-client"", ""openhub""]",4226,414,17
alibaba/qlexpress,java,https://github.com/alibaba/qlexpress.git,3262932,2017-03-15,2026-07-05T01:40:59,[],5602,1214,14
eclipse/paho.mqtt.android,java,https://github.com/eclipse/paho.mqtt.android.git,3262952,2016-02-19,2024-08-06T03:13:03,"[""eclipseiot"", ""internet-of-things"", ""iot"", ""mqtt""]",2897,875,10
heinrichreimer/material-intro,java,https://github.com/heinrichreimer/material-intro.git,3263022,2016-02-18,2024-06-17T12:08:06,"[""android"", ""android-library"", ""animations"", ""autoplay"", ""java"", ""jitpack"", ""material"", ""material-components"", ""material-design"", ""slides-featuring""]",1738,308,27
sukritishah15/ds-algo-point,java,https://github.com/sukritishah15/ds-algo-point.git,3263171,2020-09-28,2023-10-24T03:12:13,"[""algorithms"", ""c"", ""cpp"", ""csharp"", ""data-structures"", ""go"", ""hacktoberfest"", ""java"", ""javascript"", ""kotlin"", ""php"", ""python"", ""scala""]",959,333,188
java-aid/hackerrank-solutions,java,https://github.com/java-aid/hackerrank-solutions.git,3263273,2017-11-30,2025-12-31T06:59:24,"[""30-days-of-code"", ""algorithm-challenges"", ""algorithms-and-data-structures"", ""coding-challenges"", ""cracking-the-coding-interview"", ""data-structures-and-algorithms"", ""hackerrank-algorithms-solutions"", ""hackerrank-algorithms-youtube"", ""hackerrank-all-solutions"", ""hackerrank-challenges"", ""hackerrank-ctci"", ""hackerrank-implementation"", ""hackerrank-java"", ""hackerrank-practice"", ""hackerrank-problem-solutions"", ""hackerrank-problem-solving"", ""hackerrank-solutions"", ""hackerrank-solutions-for-java"", ""hackerrank-solutions-github""]",1807,868,10
hantsy/spring-reactive-sample,java,https://github.com/hantsy/spring-reactive-sample.git,3263284,2017-07-24,2026-08-01T06:08:29,"[""kotlin"", ""reactive-streams"", ""reactor"", ""rxjava"", ""rxjava2"", ""rxjava3"", ""spring"", ""spring-boot"", ""spring-data"", ""spring-data-cassandra"", ""spring-data-couchbase"", ""spring-data-elasticsearch"", ""spring-data-mongodb-reactive"", ""spring-data-neo4j"", ""spring-data-r2dbc"", ""spring-data-redis"", ""spring-security"", ""spring-session"", ""spring-webflux""]",1368,457,12
jakewharton/dagger-reflect,java,https://github.com/jakewharton/dagger-reflect.git,3263304,2019-01-30,2021-05-19T03:41:07,[],643,44,11
guxingke/mini-jvm,java,https://github.com/guxingke/mini-jvm.git,3263307,2019-10-07,2023-07-31T09:21:59,"[""interpreter"", ""jvm"", ""jvm-bytecode"", ""jvm8""]",693,95,5
foobnix/librerareader,java,https://github.com/foobnix/librerareader.git,3263310,2017-04-13,2026-07-23T10:25:06,[],4651,430,57
automvc/bee,java,https://github.com/automvc/bee.git,3263311,2018-06-21,2026-07-26T06:14:38,"[""android-orm"", ""dao"", ""mongodb-orm"", ""orm"", ""sharding-jdbc""]",637,59,8
shpralex/sproutlife,java,https://github.com/shpralex/sproutlife.git,3263326,2016-01-16,2022-07-17T05:32:27,[],571,23,2
bluemap-minecraft/bluemap,java,https://github.com/bluemap-minecraft/bluemap.git,3263335,2019-11-02,2026-07-27T07:16:54,"[""bluemap"", ""minecraft"", ""minecraft-mod"", ""minecraft-plugin"", ""threejs"", ""webgl""]",2770,226,55
ozlerhakan/poiji,java,https://github.com/ozlerhakan/poiji.git,3263337,2017-01-19,2026-07-12T04:55:49,"[""apache"", ""apache-poi"", ""converter"", ""data"", ""deserialize"", ""excel"", ""java"", ""java-11"", ""java-17"", ""java-23"", ""java-records"", ""mapper"", ""mapping"", ""microsoft-excel"", ""parser"", ""performance"", ""poi"", ""poiji"", ""pojo"", ""unmarshall""]",529,138,27
tianma8023/xposedsmscode,java,https://github.com/tianma8023/xposedsmscode.git,3263352,2018-05-26,2024-05-03T11:56:54,"[""xposed"", ""xposedmodule""]",716,60,6
jackson0714/passjava-platform,java,https://github.com/jackson0714/passjava-platform.git,3263353,2020-04-05,2023-12-17T03:40:45,[],2376,555,1
alibaba/compileflow,java,https://github.com/alibaba/compileflow.git,3263360,2020-07-14,2025-10-05T09:40:42,"[""alibaba"", ""bpmn2"", ""compile"", ""flow"", ""halo-platform"", ""java"", ""process"", ""process-engine"", ""spring""]",1924,275,7
gessnerfl/fake-smtp-server,java,https://github.com/gessnerfl/fake-smtp-server.git,3263404,2017-05-13,2026-04-16T04:06:25,"[""fake-smtp-server"", ""smtp-server"", ""spring-boot""]",503,101,15
jeffli1993/springboot-learning-example,java,https://github.com/jeffli1993/springboot-learning-example.git,3263895,2017-02-06,2023-12-03T12:33:47,"[""dubbo"", ""elasticsearch"", ""jpa"", ""mybatis"", ""redis"", ""springboot"", ""webflux""]",15870,7140,3
yalantis/ucrop,java,https://github.com/yalantis/ucrop.git,3263917,2016-01-05,2025-08-07T04:51:43,"[""android"", ""animation"", ""crop"", ""image"", ""java"", ""photo"", ""rotation"", ""scale""]",12014,2220,56
exrick/xmall,java,https://github.com/exrick/xmall.git,3263976,2017-07-28,2022-12-16T08:55:14,[],6809,2548,1
quartz-scheduler/quartz,java,https://github.com/quartz-scheduler/quartz.git,3264022,2016-03-07,2026-08-06T02:35:19,[],6749,1989,72
objectbox/objectbox-java,java,https://github.com/objectbox/objectbox-java.git,3264023,2017-01-24,2026-08-03T10:42:55,"[""android"", ""database"", ""edge"", ""embedded"", ""java"", ""kotlin"", ""mobile"", ""nosql"", ""sqlite"", ""sustainable"", ""sync"", ""vector""]",4621,309,8
jtablesaw/tablesaw,java,https://github.com/jtablesaw/tablesaw.git,3264026,2016-01-01,2026-07-24T10:01:07,"[""chart"", ""data-analysis"", ""data-frame"", ""data-science"", ""data-visualization"", ""dataframe"", ""high-performance"", ""java"", ""java-dataframe"", ""machine-learning"", ""plotly"", ""plotting"", ""statistical-analysis"", ""statistics"", ""visualization""]",3761,648,88
zhaoss/weixinrecordeddemo,java,https://github.com/zhaoss/weixinrecordeddemo.git,3264030,2017-03-01,2020-11-16T09:40:18,[],2089,442,0
lognet/grpc-spring-boot-starter,java,https://github.com/lognet/grpc-spring-boot-starter.git,3264034,2016-01-28,2025-11-13T09:06:50,"[""grpc"", ""grpc-framework"", ""grpc-service"", ""java"", ""spring"", ""spring-boot"", ""spring-boot-starter"", ""spring-cloud""]",2251,434,24
vector4wang/spring-boot-quick,java,https://github.com/vector4wang/spring-boot-quick.git,3264036,2017-03-13,2026-05-16T06:22:44,"[""assembly"", ""druid"", ""dubbo"", ""elasticsearch"", ""hbase"", ""jwt"", ""k3d"", ""k3s"", ""k8s"", ""maven"", ""modules"", ""multi-data"", ""mybatis"", ""oauth2"", ""rabbitmq"", ""spark"", ""spring-boot"", ""springboot"", ""sse"", ""swagger""]",2769,927,4
netflix/metacat,java,https://github.com/netflix/metacat.git,3264043,2016-03-19,2026-07-16T07:38:42,[],1688,286,32
joychou93/java-sec-code,java,https://github.com/joychou93/java-sec-code.git,3264044,2017-12-26,2024-10-28T03:36:44,"[""benchmark"", ""code"", ""cors"", ""deserialize"", ""java"", ""jsonp"", ""rce"", ""rmi"", ""security"", ""spel"", ""sqli"", ""ssrf"", ""tomcat"", ""web"", ""xxe""]",2413,645,6
lerry903/ruoyi,java,https://github.com/lerry903/ruoyi.git,3264045,2018-12-12,2023-12-16T05:29:05,"[""druid-spring-boot-starter"", ""hutool"", ""mybatis"", ""shiro"", ""spring-boot"", ""swagger2""]",1201,500,18
laodaobazi/ldbz-shop,java,https://github.com/laodaobazi/ldbz-shop.git,3264050,2018-09-10,2023-12-18T03:15:00,[],1002,440,1
chiclaim/androidall,java,https://github.com/chiclaim/androidall.git,3264051,2017-03-05,2024-01-28T02:48:11,"[""android-architecture"", ""android-source"", ""butterknife"", ""custom-view"", ""dagger"", ""datastructures-algorithms"", ""flutter"", ""fragment"", ""jetpack"", ""jni-android"", ""kotlin"", ""okhttp"", ""optimized-memory"", ""react-native"", ""retrofit"", ""rxjava""]",1559,385,2
yacy/yacy_grid_parser,java,https://github.com/yacy/yacy_grid_parser.git,3264055,2017-02-19,2022-12-10T03:54:57,[],636,12,4
uavorg/uavstack,java,https://github.com/uavorg/uavstack.git,3264058,2017-09-04,2022-12-16T11:16:11,[],680,284,21
salesforce/reactive-grpc,java,https://github.com/salesforce/reactive-grpc.git,3264060,2017-11-07,2026-06-02T06:03:13,"[""grpc-java"", ""reactor"", ""rxjava2""]",842,121,30
chinalwb/android-rich-text-editor,java,https://github.com/chinalwb/android-rich-text-editor.git,3264062,2017-06-04,2026-04-18T09:10:26,"[""android"", ""emoji-picker"", ""font-size"", ""image"", ""internet"", ""ordered-list"", ""quotes"", ""rich-text-editor"", ""subscript"", ""superscript"", ""video"", ""youdaonote""]",873,171,7
wangdayeeeeee/geometricweather,java,https://github.com/wangdayeeeeee/geometricweather.git,3264065,2016-02-21,2023-07-26T01:15:32,[],2049,196,15
spring-projects-experimental/spring-boot-thin-launcher,java,https://github.com/spring-projects-experimental/spring-boot-thin-launcher.git,3264073,2016-10-18,2025-01-15T01:57:09,[],687,90,17
leosanqing/java-notes,java,https://github.com/leosanqing/java-notes.git,3264075,2019-03-21,2021-11-19T09:28:40,[],622,117,1
update4j/update4j,java,https://github.com/update4j/update4j.git,3264076,2018-03-11,2024-03-18T04:22:52,"[""auto"", ""auto-update"", ""download"", ""downloader"", ""dynamic"", ""dynamically"", ""java"", ""launch"", ""launcher"", ""update"", ""updater"", ""webstart""]",783,73,9
gejun123456/intellij-generateallsetmethod,java,https://github.com/gejun123456/intellij-generateallsetmethod.git,3264078,2016-12-24,2026-07-08T03:05:10,"[""andriod"", ""intellij"", ""java""]",593,148,7
crashinvaders/gdx-texture-packer-gui,java,https://github.com/crashinvaders/gdx-texture-packer-gui.git,3264082,2016-08-16,2024-07-14T06:17:04,"[""libgdx"", ""texture-atlas"", ""texture-packing"", ""texturepacker"", ""utility""]",588,74,8
nextgenhealthcare/connect,java,https://github.com/nextgenhealthcare/connect.git,3264095,2018-06-06,2024-09-23T04:32:01,"[""healthcare"", ""hl7"", ""integration"", ""interoperability"", ""mirth"", ""mirth-connect""]",910,273,17
wh1t3p1g/ysomap,java,https://github.com/wh1t3p1g/ysomap.git,3264101,2020-02-08,2025-02-17T06:35:51,"[""exploitation-framework"", ""java-deserialization""]",1197,150,6
dhatim/fastexcel,java,https://github.com/dhatim/fastexcel.git,3264106,2016-02-17,2026-07-22T11:47:31,"[""excel"", ""java"", ""performance""]",908,145,43
jagrosh/vortex,java,https://github.com/jagrosh/vortex.git,3264108,2016-10-25,2024-03-13T02:57:51,"[""auto-moderation"", ""auto-moderator"", ""automod"", ""automoderator"", ""bot"", ""discord"", ""discordapp"", ""jda"", ""logging"", ""logs"", ""moderation"", ""moderation-bot"", ""vortex""]",553,322,10
refactoringguru/design-patterns-java,java,https://github.com/refactoringguru/design-patterns-java.git,3264113,2017-09-15,2026-04-14T05:37:09,"[""design-patterns"", ""java""]",1106,329,12
aikar/commands,java,https://github.com/aikar/commands.git,3264116,2016-12-21,2026-05-11T10:10:10,"[""acf"", ""aikar-commands"", ""bukkit"", ""bukkit-command-framework"", ""bukkit-commands"", ""command"", ""framework"", ""hacktoberfest"", ""hacktoberfest2020"", ""java"", ""java-command-framework""]",628,149,65
niefy/wx-api,java,https://github.com/niefy/wx-api.git,3264122,2020-01-02,2026-07-14T08:12:09,[],996,433,6
creativeinquiry/pembroider,java,https://github.com/creativeinquiry/pembroider.git,3264126,2020-06-04,2025-06-13T05:05:44,"[""creative-coding"", ""embroider"", ""embroidery"", ""generative-art"", ""java"", ""processing"", ""textile-engineering""]",518,29,4
nicennnnnnnlee/bilibililiverecorder,java,https://github.com/nicennnnnnnlee/bilibililiverecorder.git,3264138,2019-05-15,2024-12-02T11:59:22,"[""acfun"", ""bilibili"", ""douyin"", ""douyu"", ""huya"", ""java"", ""kuaishou"", ""live""]",804,112,1
open-scratch/teaching-open,java,https://github.com/open-scratch/teaching-open.git,3264194,2019-11-22,2026-07-06T03:09:07,"[""scratch"", ""teaching""]",610,279,4
banqijane/bilibili_danmuji,java,https://github.com/banqijane/bilibili_danmuji.git,3264283,2020-05-11,2026-04-28T01:09:14,"[""bilibili"", ""bilibili-danmuji"", ""bilibili-live-tools"", ""springboot"", ""websocket""]",900,117,6
emanuele-f/pcapdroid,java,https://github.com/emanuele-f/pcapdroid.git,3264312,2020-01-06,2026-08-05T05:03:19,"[""android"", ""capture-traffic"", ""decryption"", ""firewall"", ""network-analysis"", ""no-root"", ""pcap"", ""pcap-files"", ""sniffer"", ""sniffing"", ""traffic-monitor"", ""wireshark""]",4391,519,62
yokeyword/fragmentation,java,https://github.com/yokeyword/fragmentation.git,3265041,2016-02-23,2021-06-03T12:38:20,[],9684,2126,16
justson/agentweb,java,https://github.com/justson/agentweb.git,3265044,2017-05-12,2026-05-11T12:20:05,"[""agentweb-android-webview"", ""android-webview"", ""cookie"", ""hybrid"", ""webview"", ""webview-agentweb-web"", ""wechat-pay""]",9416,1657,7
tencent/shadow,java,https://github.com/tencent/shadow.git,3265045,2019-06-13,2026-03-23T09:01:46,"[""android""]",7742,1345,35
pay-group/best-pay-sdk,java,https://github.com/pay-group/best-pay-sdk.git,3265049,2017-03-03,2023-12-21T10:03:27,"[""alipay"", ""pay"", ""pay-sdk"", ""wxpay""]",2871,910,10
mqzhangw/jimu,java,https://github.com/mqzhangw/jimu.git,3265050,2017-08-21,2021-06-13T03:55:29,[],2245,366,6
sjwall/materialtaptargetprompt,java,https://github.com/sjwall/materialtaptargetprompt.git,3265054,2016-06-05,2023-04-12T06:06:58,[],1519,216,21
dtstack/flinkstreamsql,java,https://github.com/dtstack/flinkstreamsql.git,3265055,2018-09-12,2024-02-21T12:11:04,"[""bigdata"", ""flink"", ""sql"", ""stream""]",1995,928,20
liaochong/myexcel,java,https://github.com/liaochong/myexcel.git,3265056,2017-12-05,2024-11-14T09:23:20,"[""csv"", ""excel"", ""poi"", ""xls"", ""xlsx""]",1661,325,14
intuit/wasabi,java,https://github.com/intuit/wasabi.git,3265058,2016-06-21,2023-05-26T10:25:00,[],1104,250,32
jellysquid3/sodium-fabric,java,https://github.com/jellysquid3/sodium-fabric.git,3265059,2020-02-01,2021-01-31T02:40:11,[],1113,174,8
federicodotta/brida,java,https://github.com/federicodotta/brida.git,3265060,2017-07-28,2025-10-30T01:47:46,[],1778,219,2
goweii/anylayer,java,https://github.com/goweii/anylayer.git,3265065,2018-10-27,2023-08-04T12:28:25,"[""android"", ""bottomsheet"", ""dialog"", ""float"", ""guide"", ""layer"", ""menu"", ""notification"", ""overlay"", ""popup"", ""toast""]",987,111,2
java-diff-utils/java-diff-utils,java,https://github.com/java-diff-utils/java-diff-utils.git,3265068,2017-03-30,2026-07-04T04:42:30,"[""computing-diffs"", ""diff"", ""diff-algorithm"", ""inline"", ""java"", ""java-diff-utils"", ""merge-text"", ""meyer"", ""tools"", ""unified-diffs""]",1539,221,37
javacc/javacc,java,https://github.com/javacc/javacc.git,3265072,2016-07-20,2025-06-24T05:44:05,[],1239,251,39
mylhyl/android-zxing,java,https://github.com/mylhyl/android-zxing.git,3265073,2016-07-01,2021-06-06T10:35:36,[],557,165,2
yellowcath/videoprocessor,java,https://github.com/yellowcath/videoprocessor.git,3265075,2018-02-09,2023-04-13T02:41:26,[],834,133,3
vert-x3/vertx-guide-for-java-devs,java,https://github.com/vert-x3/vertx-guide-for-java-devs.git,3265076,2017-06-09,2023-12-05T10:18:32,"[""async"", ""book"", ""guide"", ""java"", ""reactive"", ""rxjava"", ""vertx""]",547,236,16
hansolo/medusa,java,https://github.com/hansolo/medusa.git,3265078,2016-01-08,2023-12-01T05:40:35,"[""javafx"", ""javafx-components"", ""javafx-library""]",669,132,7
univocity/univocity-trader,java,https://github.com/univocity/univocity-trader.git,3265080,2019-11-15,2022-01-07T12:40:18,[],534,121,8
baidu-aip/speech-demo,java,https://github.com/baidu-aip/speech-demo.git,3265081,2018-02-24,2024-07-25T02:45:12,"[""baidu"", ""rest-api"", ""speech-recognition"", ""speech-to-text""]",681,761,4
alloytools/org.alloytools.alloy,java,https://github.com/alloytools/org.alloytools.alloy.git,3265083,2017-07-19,2026-06-11T08:06:50,[],842,143,29
apache/bahir-flink,java,https://github.com/apache/bahir-flink.git,3265085,2016-08-18,2023-08-24T09:09:34,"[""bahir""]",762,428,48
exch-bms2/beatoraja,java,https://github.com/exch-bms2/beatoraja.git,3265088,2016-02-03,2026-08-06T04:38:26,"[""bmson"", ""rhythm-game""]",787,161,51
graphql-java/java-dataloader,java,https://github.com/graphql-java/java-dataloader.git,3265089,2017-07-16,2026-08-03T10:12:36,"[""batch"", ""batch-loader"", ""dataloader"", ""facebook-dataloader"", ""graphql"", ""java""]",524,102,24
m2049r/xmrwallet,java,https://github.com/m2049r/xmrwallet.git,3265094,2017-08-02,2025-06-17T05:47:24,[],640,279,60
replaymod/replaymod,java,https://github.com/replaymod/replaymod.git,3265096,2016-11-11,2026-07-12T07:23:17,"[""forge-mod"", ""minecraft"", ""mod"", ""replay""]",1009,175,10
lucko/spark,java,https://github.com/lucko/spark.git,3265174,2018-05-26,2026-07-26T05:01:10,"[""bukkit"", ""fabric"", ""fabricmc"", ""forge"", ""minecraft"", ""minecraft-server"", ""performance"", ""profiler"", ""spigot""]",1310,190,38
yangchong211/ycandroidtool,java,https://github.com/yangchong211/ycandroidtool.git,3265241,2020-05-29,2023-08-29T01:09:15,[],630,142,1
fanyong920/jvppeteer,java,https://github.com/fanyong920/jvppeteer.git,3265476,2020-03-11,2026-07-12T07:37:27,"[""chrome"", ""chrome-headless"", ""crawler"", ""java"", ""jvppeteer"", ""puppeteer"", ""scraper""]",808,170,10
dyc87112/springboot-learning,java,https://github.com/dyc87112/springboot-learning.git,3265521,2016-08-21,2023-12-17T03:45:30,"[""dubbo"", ""jdbctemplate"", ""log4j"", ""mybatis"", ""redis"", ""spring-boot"", ""spring-cloud"", ""spring-data-jpa""]",15485,4902,1
guardianproject/haven,java,https://github.com/guardianproject/haven.git,3265522,2017-03-01,2022-10-26T10:43:24,[],6259,744,54
tiann/epic,java,https://github.com/tiann/epic.git,3265528,2017-05-22,2023-07-22T02:04:07,"[""android"", ""aop"", ""art"", ""dexposed"", ""epic"", ""hook"", ""xposed""]",4186,785,9
teradata/kylo,java,https://github.com/teradata/kylo.git,3265541,2017-02-08,2023-01-12T08:25:19,[],1037,574,34
nikita36078/j2me-loader,java,https://github.com/nikita36078/j2me-loader.git,3265543,2017-05-21,2026-02-06T07:42:08,"[""android"", ""emulator"", ""j2me"", ""javame""]",2472,241,18
88250/symphony,java,https://github.com/88250/symphony.git,3265544,2019-12-01,2026-07-24T06:25:11,"[""bbs"", ""community"", ""discussion"", ""forum"", ""java"", ""markdown"", ""sns"", ""sym"", ""vditor""]",2938,504,28
88250/solo,java,https://github.com/88250/solo.git,3265545,2019-12-01,2026-05-28T10:25:42,"[""b3log"", ""blog"", ""markdown"", ""solo"", ""static-site-generator"", ""vditor""]",1746,447,31
uber/ureplicator,java,https://github.com/uber/ureplicator.git,3265546,2016-06-01,2023-12-16T08:30:09,[],886,206,18
yacy/yacy_grid_mcp,java,https://github.com/yacy/yacy_grid_mcp.git,3265547,2017-01-30,2022-12-22T12:17:01,[],657,25,8
gothinkster/spring-boot-realworld-example-app,java,https://github.com/gothinkster/spring-boot-realworld-example-app.git,3265550,2017-08-28,2024-07-13T10:14:03,"[""mybatis"", ""realworld"", ""spring-boot""]",1270,668,13
masayukisuda/mp4composer-android,java,https://github.com/masayukisuda/mp4composer-android.git,3265551,2018-01-15,2020-11-25T03:32:02,[],633,148,9
kaiwaehner/kafka-streams-machine-learning-examples,java,https://github.com/kaiwaehner/kafka-streams-machine-learning-examples.git,3265552,2017-08-16,2023-12-17T11:31:08,"[""deep-learning"", ""deeplearning4j"", ""dl4j"", ""h2o"", ""h2oai"", ""java"", ""kafka"", ""kafka-client"", ""kafka-streams"", ""keras"", ""keras-tensorflow"", ""ksql"", ""machine-learning"", ""open-source"", ""python"", ""tensorflow""]",810,304,4
jfree/jfreechart,java,https://github.com/jfree/jfreechart.git,3265554,2016-02-01,2025-11-22T01:28:08,"[""charts"", ""data-visualization"", ""java2d"", ""javafx"", ""swing""]",1339,613,30
audiveris/audiveris,java,https://github.com/audiveris/audiveris.git,3265555,2016-09-07,2026-07-23T08:43:41,"[""java"", ""open-source"", ""optical-music-recognition""]",2652,387,34
minbox-projects/api-boot,java,https://github.com/minbox-projects/api-boot.git,3265561,2019-03-19,2025-12-18T07:50:50,"[""datasource-switch"", ""logging"", ""mybatis"", ""mybatis-pageable"", ""oauth2"", ""oss"", ""qps"", ""quartz"", ""rate-limiter"", ""redis"", ""sms"", ""spring-cloud"", ""spring-security"", ""springboot""]",544,150,6
dlsc-software-consulting-gmbh/preferencesfx,java,https://github.com/dlsc-software-consulting-gmbh/preferencesfx.git,3265566,2018-04-04,2026-04-10T11:53:40,"[""component"", ""framework"", ""javafx"", ""preferences"", ""ui""]",603,68,29
hivemq/hivemq-mqtt-client,java,https://github.com/hivemq/hivemq-mqtt-client.git,3265572,2018-01-02,2026-08-06T03:00:50,"[""backpressure"", ""internet-of-things"", ""iot"", ""java"", ""mqtt"", ""mqtt-client"", ""mqtt-protocol"", ""mqtt5"", ""reactive-programming"", ""reactive-streams"", ""reactor"", ""rxjava""]",1108,183,24
gotify/android,java,https://github.com/gotify/android.git,3265578,2018-02-14,2026-07-06T03:43:42,"[""android"", ""fdroid"", ""gotify"", ""java"", ""playstore"", ""push-notifications""]",1426,208,23
javastacks/spring-boot-best-practice,java,https://github.com/javastacks/spring-boot-best-practice.git,3265579,2018-11-09,2026-03-09T10:02:35,"[""java"", ""spring"", ""springboot""]",5031,1358,1
youlookwhat/byrecyclerview,java,https://github.com/youlookwhat/byrecyclerview.git,3265588,2019-08-20,2025-08-11T03:10:47,"[""adapter-databinding"", ""brvah-xrecyclerview"", ""byrecyclerview"", ""headerview"", ""itemdecoration"", ""recyclerview"", ""skeleton"", ""swiperefreshlayout"", ""xrecyclerview""]",821,140,2
anji-plus/captcha,java,https://github.com/anji-plus/captcha.git,3265591,2020-03-12,2025-02-24T01:37:24,"[""captcha"", ""flutter"", ""java"", ""uni-app"", ""vue""]",1462,332,21
mkulesh/micromathematics,java,https://github.com/mkulesh/micromathematics.git,3265595,2017-07-29,2026-02-27T09:31:25,"[""android"", ""calculator"", ""computer-algebra-system"", ""mathematical-calculations"", ""mathematical-expressions"", ""plotting""]",634,71,11
kongzue/baseframework,java,https://github.com/kongzue/baseframework.git,3265597,2018-05-08,2025-05-20T07:37:20,"[""android-framework"", ""baseactivity"", ""basefragment""]",517,70,1
chromiumembedded/java-cef,java,https://github.com/chromiumembedded/java-cef.git,3265621,2017-04-02,2026-05-12T01:51:35,"[""browser"", ""cef"", ""chromium"", ""framework"", ""java""]",853,193,28
maruohon/litematica,java,https://github.com/maruohon/litematica.git,3265640,2018-04-04,2026-07-26T12:49:43,[],928,341,4
mircokroon/minecraft-world-downloader,java,https://github.com/mircokroon/minecraft-world-downloader.git,3265656,2019-05-09,2026-01-26T09:42:51,"[""cross-platform"", ""gui"", ""minecraft""]",1455,109,16
ssssssss-team/magic-api,java,https://github.com/ssssssss-team/magic-api.git,3265685,2020-05-05,2025-06-05T11:14:14,"[""api"", ""api-framework"", ""automatic-api"", ""http-api"", ""http-api-generator"", ""magic-api"", ""magic-script"", ""restful-api"", ""sql""]",1674,382,28
yermak/audiobookconverter,java,https://github.com/yermak/audiobookconverter.git,3265700,2017-12-27,2026-07-25T07:11:15,"[""aac"", ""audio-book-converter"", ""ffmpeg"", ""ibooks"", ""iphone-audio-books"", ""ipod"", ""m4b"", ""mp3""]",1081,72,8
maruohon/tweakeroo,java,https://github.com/maruohon/tweakeroo.git,3265708,2018-03-17,2026-06-23T11:19:01,[],538,162,1
bancolombia/scaffold-clean-architecture,java,https://github.com/bancolombia/scaffold-clean-architecture.git,3266105,2019-12-03,2026-07-08T10:58:19,"[""architecture"", ""gradle"", ""java"", ""open-source"", ""scaffolding""]",523,190,41
gaia-app/gaia,java,https://github.com/gaia-app/gaia.git,3266150,2019-04-26,2023-03-30T11:59:10,[],676,70,4
lambdaurora/lambdynamiclights,java,https://github.com/lambdaurora/lambdynamiclights.git,3266190,2020-06-30,2026-06-20T12:21:44,"[""dynamic-lights-mod"", ""fabricmc"", ""hacktoberfest"", ""java"", ""minecraft"", ""minecraft-mod"", ""modtoberfest""]",509,116,60
h-mdm/hmdm-server,java,https://github.com/h-mdm/hmdm-server.git,3266219,2019-08-09,2026-08-04T06:41:35,"[""android-mdm"", ""enrollment"", ""mdm"", ""mobile-device-management"", ""mobile-management""]",537,250,11
mirfatif/permissionmanagerx,java,https://github.com/mirfatif/permissionmanagerx.git,3266876,2020-10-31,2025-10-20T06:18:53,"[""adb"", ""android"", ""appops"", ""manifest-permissions"", ""privacy-protection"", ""privacy-tool"", ""root-privileges""]",532,42,2
kdn251/interviews,java,https://github.com/kdn251/interviews.git,3266949,2017-02-14,2025-05-12T12:56:04,"[""algorithm"", ""algorithm-challenges"", ""algorithm-competitions"", ""algorithms"", ""coding-challenge"", ""coding-challenges"", ""coding-interview"", ""coding-interviews"", ""interview"", ""interview-practice"", ""interview-prep"", ""interview-preparation"", ""interview-questions"", ""interviews"", ""java"", ""leetcode"", ""leetcode-java"", ""leetcode-questions"", ""leetcode-solutions"", ""technical-coding-interview""]",64116,12913,28
linlinjava/litemall,java,https://github.com/linlinjava/litemall.git,3266952,2018-03-22,2026-07-01T11:50:50,"[""litemall"", ""mall"", ""spring-boot"", ""vue"", ""wechat"", ""wechat-mini-program""]",20310,7316,63
elunez/eladmin,java,https://github.com/elunez/eladmin.git,3266953,2018-12-14,2026-05-09T09:41:00,"[""admin"", ""eladmin"", ""element-ui"", ""jpa"", ""jwt"", ""redis"", ""spring-boot"", ""spring-security"", ""swagger2"", ""vue""]",21926,7368,51
gyf-dev/immersionbar,java,https://github.com/gyf-dev/immersionbar.git,3266954,2017-04-19,2026-08-01T06:32:47,"[""android"", ""bar"", ""dialog"", ""immersion"", ""kotlin"", ""navigation"", ""navigationbar"", ""status"", ""statusbar""]",11467,1917,3
codingapi/tx-lcn,java,https://github.com/codingapi/tx-lcn.git,3266957,2017-11-11,2023-09-06T07:27:14,"[""dubbo"", ""jta"", ""motan"", ""spring-cloud"", ""transaction"", ""tx-lcn""]",4208,1467,19
alibaba/alink,java,https://github.com/alibaba/alink.git,3266961,2018-09-30,2024-06-07T02:56:29,"[""apriori"", ""classification"", ""clustering"", ""data-mining"", ""feature-engineering"", ""flink"", ""flink-machine-learning"", ""flink-ml"", ""fm"", ""graph-algorithms"", ""graph-embedding"", ""kafka"", ""machine-learning"", ""recommender"", ""recommender-system"", ""regression"", ""statistics"", ""word2vec"", ""xgboost""]",3514,796,16
jsonchao/awesome-wanandroid,java,https://github.com/jsonchao/awesome-wanandroid.git,3266962,2018-03-09,2026-04-20T12:26:34,"[""android"", ""app"", ""bugly"", ""butterknife"", ""dagger2"", ""glide"", ""greendao"", ""java"", ""junit4"", ""leakcanary"", ""logger"", ""material-design"", ""mvp-architecture"", ""okhttp3"", ""retrofit2"", ""rxbus"", ""rxjava2"", ""wanandroid""]",2725,596,1
zlt2000/microservices-platform,java,https://github.com/zlt2000/microservices-platform.git,3266963,2019-03-07,2025-04-28T09:50:09,"[""elk"", ""gpe"", ""java"", ""jwt"", ""microservices"", ""nacos"", ""oauth2"", ""platform"", ""rbac"", ""sentiel"", ""spring-boot"", ""spring-cloud"", ""spring-cloud-alibaba"", ""zuul""]",4658,1694,13
obsidiandynamics/kafdrop,java,https://github.com/obsidiandynamics/kafdrop.git,3266966,2019-05-27,2026-08-03T06:54:13,"[""consumer-group"", ""consumer-producer"", ""docker"", ""event-sourcing"", ""event-streaming"", ""kafka"", ""kafka-tools"", ""kafka-ui"", ""kafka-utils"", ""kubernetes"", ""pub-sub"", ""topic"", ""web-ui"", ""zookeeper""]",6153,898,81
javahongxi/whatsmars,java,https://github.com/javahongxi/whatsmars.git,3266969,2016-04-01,2026-08-04T12:30:28,"[""dubbo"", ""elastic-job"", ""elasticsearch"", ""grpc"", ""java"", ""kafka"", ""langchain4j"", ""microservices"", ""nacos"", ""netty"", ""redis"", ""rocketmq"", ""rpc"", ""sentinel"", ""sharding-jdbc"", ""spring"", ""spring-ai"", ""spring-boot"", ""spring-mvc"", ""zookeeper""]",1969,603,2
codedrinker/community,java,https://github.com/codedrinker/community.git,3266971,2019-04-23,2023-07-07T09:44:58,"[""bootstrap"", ""flyway"", ""h2-database"", ""mybatis"", ""mybatis-generator"", ""mysql"", ""spring"", ""springboot""]",2447,760,3
iot-technology/iot-technical-guide,java,https://github.com/iot-technology/iot-technical-guide.git,3266972,2019-04-02,2023-09-05T12:28:00,"[""coap"", ""gateway"", ""internet-of-things"", ""iot"", ""iot-platform"", ""jwt"", ""micorservice"", ""modbus"", ""mqtt"", ""multitenant"", ""nosql"", ""opc-ua"", ""real-time"", ""rule-engine"", ""thingsboard"", ""token"", ""tsl"", ""websocket""]",3548,946,2
yangchong211/ycwebview,java,https://github.com/yangchong211/ycwebview.git,3266973,2017-08-03,2022-03-01T04:40:21,[],1528,250,1
apache/dubbo-samples,java,https://github.com/apache/dubbo-samples.git,3266974,2018-04-28,2026-04-23T02:04:08,"[""dubbo""]",2376,1984,164
baomidou/mybatis-plus-samples,java,https://github.com/baomidou/mybatis-plus-samples.git,3266977,2018-07-23,2026-01-11T11:49:34,[],2368,2104,13
hbb20/countrycodepickerproject,java,https://github.com/hbb20/countrycodepickerproject.git,3266981,2016-01-20,2023-12-19T10:01:17,"[""andriod-country-spinner"", ""android"", ""android-edittext-phone-mask"", ""android-library"", ""android-phone-formatting"", ""ccp"", ""country-codes"", ""country-flags"", ""country-phone"", ""country-picker"", ""country-selector"", ""country-spinner"", ""international-phone"", ""international-phone-input"", ""international-phone-view"", ""libphonenumber"", ""library"", ""phone-validation"", ""phonecode-spinner"", ""phonenumber""]",1466,496,70
zhkl0228/unidbg,java,https://github.com/zhkl0228/unidbg.git,3266982,2019-02-26,2026-07-27T06:54:49,"[""android"", ""capstone"", ""debugger"", ""dynarmic"", ""emulation"", ""emulator"", ""fishhook"", ""hypervisor"", ""ios"", ""keystone"", ""kvm"", ""mcp"", ""unicorn"", ""unidbg"", ""whale"", ""xhook""]",5097,1169,20
zhuinden/simple-stack,java,https://github.com/zhuinden/simple-stack.git,3266983,2017-01-12,2025-12-25T08:10:25,"[""android"", ""backstack"", ""fragments"", ""navigation"", ""simple-stack"", ""single-activity-pattern"", ""state-persistence""]",1380,76,4
elderdrivers/edxposedmanager,java,https://github.com/elderdrivers/edxposedmanager.git,3266984,2019-10-28,2021-10-04T03:48:43,[],1402,214,76
zq2599/blog_demos,java,https://github.com/zq2599/blog_demos.git,3266986,2017-04-09,2026-03-09T03:27:30,"[""docker"", ""docker-java"", ""docker-jib"", ""flink"", ""java"", ""jenkins"", ""kubernetes"", ""kubernetes-java"", ""kubernetes-jenkins-maven"", ""spring"", ""spring-cloud"", ""spring-cloud-kubernetes"", ""springboot""]",4759,1923,2
controlsfx/controlsfx,java,https://github.com/controlsfx/controlsfx.git,3266989,2018-12-18,2026-08-04T07:20:48,"[""controlsfx"", ""javafx""]",1704,298,123
chillingvan/android-opengl-canvas,java,https://github.com/chillingvan/android-opengl-canvas.git,3266990,2016-11-07,2023-01-16T09:10:01,[],991,195,4
repeats/repeat,java,https://github.com/repeats/repeat.git,3266994,2016-09-10,2023-06-18T06:20:08,"[""autohotkey"", ""automation"", ""automation-framework"", ""csharp"", ""hotkey"", ""java"", ""keyboard"", ""keyboard-shortcuts"", ""macro"", ""macros"", ""mouse"", ""python"", ""replay""]",951,67,2
seandragon/protools,java,https://github.com/seandragon/protools.git,3267000,2017-08-28,2025-04-17T04:18:15,"[""date"", ""decimal"", ""http"", ""jdk8"", ""netty"", ""okhttp"", ""security"", ""tool"", ""util""]",688,207,5
listenzz/androidnavigation,java,https://github.com/listenzz/androidnavigation.git,3267001,2018-01-14,2026-04-11T12:10:34,"[""activity-fragment"", ""dialog"", ""fragment"", ""navigation"", ""statusbar"", ""swipeback"", ""toolbar""]",714,95,1
liuyueyi/quick-media,java,https://github.com/liuyueyi/quick-media.git,3267004,2017-07-13,2026-02-09T07:03:24,"[""audio-plugin"", ""awt"", ""batik"", ""emotion"", ""ffmpeg"", ""flexmark"", ""gif"", ""html-images"", ""image-magick"", ""java"", ""markdown-html"", ""phantomjs"", ""png2svg"", ""qrcode"", ""qrcode-plugin"", ""spring-boot"", ""svg"", ""svg2png"", ""zxing"", ""zxing-qrcode""]",910,324,5
kingston-csj/jforgame,java,https://github.com/kingston-csj/jforgame.git,3267009,2017-06-18,2026-08-06T07:12:59,"[""cocos"", ""game"", ""game-framework"", ""game-server"", ""hotswap"", ""java"", ""mina"", ""netty"", ""network"", ""socket-io"", ""socket-io-client"", ""socket-io-server"", ""socketio"", ""unity"", ""websocket""]",1083,337,8
fengzhizi715/netdiscovery,java,https://github.com/fengzhizi715/netdiscovery.git,3267010,2017-11-26,2026-06-05T07:30:34,"[""coroutines"", ""crawler"", ""disruptor"", ""dsl"", ""htmlunit"", ""kafka"", ""kotlin"", ""lettuce"", ""middleware"", ""redis"", ""rxjava2"", ""selenium"", ""spider"", ""vertx3""]",646,150,5
swati4star/images-to-pdf,java,https://github.com/swati4star/images-to-pdf.git,3267013,2016-02-22,2026-01-08T01:28:49,"[""convert-images"", ""hacktoberfest"", ""jpg"", ""jpg-images"", ""pdf"", ""pdf-converter"", ""pdf-files"", ""playstore"", ""text-to-pdf""]",1299,813,143
android/connectivity-samples,java,https://github.com/android/connectivity-samples.git,3267015,2019-09-06,2025-07-10T03:23:23,[],1735,1343,20
makejavas/easycode,java,https://github.com/makejavas/easycode.git,3267017,2018-07-24,2024-11-18T04:35:46,"[""code-generator"", ""idea-plugin""]",1044,329,9
dwmkerr/app-icon,java,https://github.com/dwmkerr/app-icon.git,3267018,2016-08-19,2021-10-05T02:41:15,[],530,50,17
worksapplications/sudachi,java,https://github.com/worksapplications/sudachi.git,3267020,2017-08-21,2026-07-14T02:34:14,"[""morphological-analysis"", ""nlp-library"", ""pos-tagging"", ""segmentation""]",988,79,24
hellokoding/hellokoding-courses,java,https://github.com/hellokoding/hellokoding-courses.git,3267022,2019-02-19,2023-09-08T12:21:39,"[""algorithms"", ""data-structures"", ""java"", ""spring-boot"", ""spring-data-jpa"", ""spring-security""]",680,2183,2
kingston-csj/im,java,https://github.com/kingston-csj/im.git,3267029,2016-06-12,2025-04-27T06:36:43,"[""chatroom"", ""im"", ""javafx"", ""netty"", ""qq"", ""spring""]",556,210,3
rkkr/simple-keyboard,java,https://github.com/rkkr/simple-keyboard.git,3267032,2017-04-22,2026-07-25T04:05:52,[],1546,341,38
xylo/intellij-postfix-templates,java,https://github.com/xylo/intellij-postfix-templates.git,3267033,2017-01-21,2026-08-04T05:21:03,"[""intellij"", ""java-template"", ""postfix-completion"", ""postfix-templates"", ""scala-template"", ""template-macros""]",573,100,23
farmerbb/taskbar,java,https://github.com/farmerbb/taskbar.git,3267041,2016-08-05,2024-11-21T03:50:08,"[""android"", ""freeform-windows"", ""nougat"", ""taskbar""]",850,133,15
ingozenz/personaldnsfilter,java,https://github.com/ingozenz/personaldnsfilter.git,3267062,2018-03-22,2026-08-05T05:31:57,[],920,85,15
tartaricacid/touhoulittlemaid,java,https://github.com/tartaricacid/touhoulittlemaid.git,3267064,2019-06-30,2026-06-29T05:49:43,"[""forge"", ""java"", ""maid"", ""minecraft""]",798,140,31
wesjd/anvilgui,java,https://github.com/wesjd/anvilgui.git,3267071,2016-05-08,2026-07-14T04:31:35,"[""anvil-guis"", ""bukkit"", ""bukkit-plugin"", ""gui"", ""java"", ""minecraft"", ""papermc"", ""spigot"", ""spigot-plugin"", ""spigotmc""]",542,128,35
biglysoftware/biglybt-android,java,https://github.com/biglysoftware/biglybt-android.git,3267075,2017-08-15,2026-01-12T10:49:00,"[""android"", ""android-app"", ""android-tv"", ""android-tv-apps"", ""bittorrent"", ""bittorrent-client"", ""torrent"", ""torrent-client""]",509,54,8
weliem/blessed-android,java,https://github.com/weliem/blessed-android.git,3267087,2019-03-02,2026-05-12T08:15:52,"[""android-ble"", ""android-library"", ""ble"", ""bluetooth-low-energy"", ""java"", ""kotlin""]",586,124,8
6tail/lunar-java,java,https://github.com/6tail/lunar-java.git,3267105,2018-06-23,2025-11-05T12:22:22,"[""calendar"", ""java"", ""lunar""]",874,191,1
randgalt/record-builder,java,https://github.com/randgalt/record-builder.git,3267497,2019-12-16,2026-08-01T08:01:21,"[""enable-preview"", ""java"", ""java-16"", ""java-17"", ""java-records"", ""records""]",926,69,34
alibaba/easyexcel,java,https://github.com/alibaba/easyexcel.git,3267592,2018-02-06,2024-10-29T06:07:07,"[""excel"", ""java"", ""jxl"", ""oom"", ""poi"", ""xls"", ""xlsx""]",32221,7501,63
carguo/gsyvideoplayer,java,https://github.com/carguo/gsyvideoplayer.git,3267593,2016-11-13,2026-07-03T12:54:32,"[""16k"", ""android"", ""exoplayer"", ""ffmpeg"", ""gsy"", ""ijkplayer"", ""player"", ""ssl"", ""video"", ""videocache""]",21456,4323,24
android-hacker/virtualxposed,java,https://github.com/android-hacker/virtualxposed.git,3267594,2017-12-01,2024-03-08T05:09:27,"[""android"", ""aop"", ""hook"", ""non-root"", ""xposed""]",14964,2446,37
airbnb/epoxy,java,https://github.com/airbnb/epoxy.git,3267598,2016-08-08,2026-01-23T11:35:25,[],8563,732,83
weibocom/motan,java,https://github.com/weibocom/motan.git,3267599,2016-04-20,2025-11-24T10:37:43,[],5903,1763,37
alibaba/jvm-sandbox,java,https://github.com/alibaba/jvm-sandbox.git,3267603,2017-08-03,2025-12-05T07:08:08,[],6940,1590,25
google/rejoiner,java,https://github.com/google/rejoiner.git,3267604,2017-12-06,2023-06-13T10:58:03,"[""graphql"", ""graphql-server"", ""grpc"", ""protobuf""]",3629,152,14
blankj/androidutilcode,java,https://github.com/blankj/androidutilcode.git,3267605,2016-07-30,2024-05-14T07:05:20,"[""android"", ""androidx"", ""app"", ""bar"", ""cache"", ""encode"", ""encrypt"", ""eventbus"", ""file"", ""fragment"", ""log"", ""network"", ""permission"", ""reflect"", ""regex"", ""snackbar"", ""spannable-string"", ""thread-pool"", ""toast"", ""utils""]",32965,10637,39
qihoo360/replugin,java,https://github.com/qihoo360/replugin.git,3267608,2017-06-08,2024-09-04T03:21:37,[],7250,1523,22
youlookwhat/cloudreader,java,https://github.com/youlookwhat/cloudreader.git,3267609,2016-11-20,2026-06-09T03:27:23,"[""android"", ""app"", ""apps"", ""cloudreader"", ""databinding"", ""google-material"", ""kotlin"", ""kotlin-android"", ""mvvm"", ""mvvm-applications"", ""mvvm-databing"", ""netease-cloud-music"", ""reader"", ""retrofit2"", ""room"", ""rxjava2"", ""ui-gank"", ""wanandroid"", ""webview""]",5011,1346,1
natario1/cameraview,java,https://github.com/natario1/cameraview.git,3267611,2017-07-18,2024-02-08T09:42:12,"[""android"", ""android-library"", ""camera"", ""camera-api"", ""camera-control"", ""camera-preview"", ""camera2"", ""camera2-api"", ""cameraview"", ""capture-video"", ""filters"", ""frame-processing"", ""high-level"", ""opengl"", ""picture"", ""raw"", ""raw-image"", ""real-time-filter"", ""realtime-filter"", ""watermarks""]",4808,918,57
exrick/xboot,java,https://github.com/exrick/xboot.git,3267612,2018-04-23,2023-06-14T10:44:01,"[""activiti"", ""admin"", ""dark-mode"", ""dashboard"", ""elasticsearch"", ""iview"", ""jpa"", ""jwt"", ""mybatis-plus"", ""mysql"", ""oauth2"", ""quartz"", ""redis"", ""spring-boot"", ""spring-security"", ""uniapp"", ""vue"", ""wechat-app"", ""xboot""]",3662,1297,1
javanoober/backgroundlibrary,java,https://github.com/javanoober/backgroundlibrary.git,3267614,2018-09-09,2023-03-09T06:06:43,[],3570,448,3
allure-framework/allure2,java,https://github.com/allure-framework/allure2.git,3267615,2016-05-27,2026-06-09T02:02:37,"[""allure"", ""reporting"", ""reporting-engine""]",5420,772,87
xiaojinzi123/component,java,https://github.com/xiaojinzi123/component.git,3267616,2018-08-13,2024-08-28T01:20:07,"[""android"", ""android-architecture"", ""androidx"", ""api"", ""component"", ""componentization"", ""framework"", ""interceptor"", ""retrofit"", ""router"", ""rxjava"", ""service""]",2869,206,5
corretto/corretto-8,java,https://github.com/corretto/corretto-8.git,3267619,2018-11-07,2026-07-28T08:55:29,[],2126,227,141
airbnb/lottie-android,java,https://github.com/airbnb/lottie-android.git,3267623,2016-10-06,2026-02-15T10:03:57,"[""after-effects"", ""airbnb"", ""android"", ""animation"", ""lottie""]",35575,5445,156
macrozheng/mall-learning,java,https://github.com/macrozheng/mall-learning.git,3267625,2019-04-12,2024-09-15T01:05:39,"[""docker"", ""elasticsearch"", ""mongodb"", ""mybatis"", ""mysql"", ""rabbitmq"", ""redis"", ""springboot"", ""springcloud""]",12930,8322,1
gedoor/mybookshelf,java,https://github.com/gedoor/mybookshelf.git,3267626,2018-06-12,2022-04-01T02:57:15,[],7195,1846,19
sofastack/sofa-boot,java,https://github.com/sofastack/sofa-boot.git,3267629,2018-04-02,2026-04-24T02:58:31,"[""sofa-boot"", ""sofa-boot-starter"", ""sofastack""]",5075,1264,41
andotp/andotp,java,https://github.com/andotp/andotp.git,3267632,2017-07-05,2022-06-14T05:44:55,[],3598,323,63
cabaletta/baritone,java,https://github.com/cabaletta/baritone.git,3267633,2018-08-01,2026-07-20T12:32:02,"[""astar"", ""astar-algorithm"", ""astar-pathfinding"", ""forgegradle"", ""gradle"", ""impact"", ""java"", ""minecraft"", ""pathfinding""]",9056,1976,70
jenkinsci/configuration-as-code-plugin,java,https://github.com/jenkinsci/configuration-as-code-plugin.git,3267636,2017-10-20,2026-08-05T11:33:48,"[""configuration-as-code"", ""hacktoberfest"", ""jcasc"", ""jenkins"", ""jenkins-configuration""]",2795,754,188
airsonic/airsonic,java,https://github.com/airsonic/airsonic.git,3267641,2017-07-04,2021-08-11T09:09:11,[],1840,226,74
bytedance/scene,java,https://github.com/bytedance/scene.git,3267642,2019-10-09,2026-05-15T12:56:40,"[""activity"", ""android"", ""android-architecture"", ""android-library"", ""fragments"", ""navigation"", ""single-activity"", ""single-activity-framework"", ""single-activity-pattern""]",2443,219,5
xuexiangjys/xupdate,java,https://github.com/xuexiangjys/xupdate.git,3267645,2018-06-29,2024-03-24T03:31:33,"[""android"", ""android-ui"", ""apk"", ""update"", ""x-library"", ""xui"", ""xupdate""]",2243,397,1
fangww/document,java,https://github.com/fangww/document.git,3267646,2017-10-15,2020-12-10T03:08:57,[],1194,421,0
cuba-platform/cuba,java,https://github.com/cuba-platform/cuba.git,3267648,2016-03-24,2026-01-21T01:03:46,"[""apache2-license"", ""cuba"", ""cuba-platform"", ""enterprise"", ""enterprise-applications"", ""framework"", ""full-stack"", ""java"", ""rad"", ""web-framework""]",1345,217,62
openlauncherteam/openlauncher,java,https://github.com/openlauncherteam/openlauncher.git,3267649,2016-08-03,2023-10-10T03:26:37,"[""android"", ""app"", ""customization"", ""drawer"", ""hacktoberfest"", ""launcher""]",1354,402,60
wyh-spring-ecosystem-student/spring-boot-student,java,https://github.com/wyh-spring-ecosystem-student/spring-boot-student.git,3267650,2017-05-24,2025-02-06T07:07:59,[],1000,609,1
jformdesigner/flatlaf,java,https://github.com/jformdesigner/flatlaf.git,3267664,2019-08-19,2026-08-02T10:54:16,"[""flatlaf"", ""java-swing"", ""look-and-feel"", ""swing""]",4244,330,40
anghelleonard/hibernate-springboot,java,https://github.com/anghelleonard/hibernate-springboot.git,3267665,2018-10-13,2026-03-25T11:30:34,"[""batch-insert"", ""connection-pool"", ""database-connection"", ""dto"", ""functions"", ""hibernate"", ""hibernate-jpa"", ""java"", ""jdbc"", ""jpa"", ""mysql"", ""performance-penalty"", ""persistence"", ""postgresql"", ""spring-boot"", ""spring-data"", ""spring-projections"", ""springboot"", ""sql"", ""sql-statement""]",1368,537,1
nacos-group/nacos-spring-boot-project,java,https://github.com/nacos-group/nacos-spring-boot-project.git,3267667,2018-08-14,2024-11-04T01:26:54,"[""alibaba"", ""configuration-management"", ""discovery"", ""distributed-configuration"", ""java"", ""nacos"", ""spring"", ""springboot"", ""springboot2"", ""springframework""]",789,424,26
sedmelluq/lavaplayer,java,https://github.com/sedmelluq/lavaplayer.git,3267668,2016-10-02,2023-04-02T08:34:55,[],880,247,34
qupath/qupath,java,https://github.com/qupath/qupath.git,3267669,2016-08-28,2026-08-05T01:30:11,"[""bioimage-analysis"", ""bioimage-informatics"", ""cell-analysis"", ""cell-segmentation"", ""computational-pathology"", ""digital-pathology"", ""groovy"", ""histology"", ""image-processing"", ""imagej"", ""javafx"", ""machine-learning"", ""opencv"", ""pathology"", ""tissue-microarray-analysis"", ""whole-slide-imaging""]",1413,354,17
authorjapps/zerocode,java,https://github.com/authorjapps/zerocode.git,3267670,2016-07-05,2026-07-28T10:34:27,"[""api"", ""assertions"", ""automation"", ""automation-framework"", ""data-pipeline"", ""dsl"", ""etl-testing"", ""framework"", ""java"", ""json"", ""kafka"", ""library"", ""low-code"", ""nocode"", ""soap"", ""testing""]",1011,447,67
eclipse/steady,java,https://github.com/eclipse/steady.git,3267673,2018-08-20,2023-12-04T08:14:04,"[""open-source"", ""security-tools""]",516,128,14
java110/microcommunity,java,https://github.com/java110/microcommunity.git,3267677,2018-04-13,2025-06-05T06:42:08,"[""community-management"", ""property"", ""property-management-system"", ""property-manager""]",893,391,17
dar9586/nclientv2,java,https://github.com/dar9586/nclientv2.git,3267679,2018-10-01,2023-11-19T05:31:07,"[""android"", ""android-app"", ""doujinshi"", ""hentai"", ""nhentai"", ""nhentai-client"", ""nsfw""]",1693,96,18
smltq/spring-boot-demo,java,https://github.com/smltq/spring-boot-demo.git,3267689,2019-06-04,2023-09-18T07:21:46,"[""aop"", ""bio"", ""cloud-alibaba"", ""cloud-gateway"", ""data-redis"", ""gateway"", ""mybatis"", ""mybatis-plus"", ""netty"", ""oauth2"", ""quartz"", ""redis"", ""shiro"", ""sign"", ""spring"", ""spring-boot"", ""spring-boot-demo"", ""spring-cloud"", ""spring-mvc"", ""spring-security""]",858,364,4
git-moss/drivenbymoss,java,https://github.com/git-moss/drivenbymoss.git,3267692,2017-05-03,2026-08-02T06:32:29,"[""bitwig"", ""controller"", ""midi"", ""osc""]",779,169,15
yourkevin/niterforum,java,https://github.com/yourkevin/niterforum.git,3267693,2019-07-12,2022-07-27T08:15:07,[],520,179,1
icij/datashare,java,https://github.com/icij/datashare.git,3267695,2016-04-20,2026-07-28T12:52:13,"[""datashare"", ""docker"", ""elasticsearch"", ""extract"", ""investigative-journalism"", ""named-entity-recognition"", ""text-extraction"", ""web-gui""]",746,70,19
google/mug,java,https://github.com/google/mug.git,3267697,2017-02-14,2026-08-06T07:44:39,"[""java-streams"", ""java-strings"", ""parser-combinator"", ""sql"", ""sql-template"", ""structured-concurrency""]",532,87,18
gzu-liyujiang/android_cn_oaid,java,https://github.com/gzu-liyujiang/android_cn_oaid.git,3267704,2020-05-29,2026-05-18T07:34:07,"[""aaid"", ""androidid"", ""deviceid"", ""guid"", ""imei"", ""imsi"", ""meid"", ""miit"", ""msa"", ""oaid"", ""udid"", ""uniqueid"", ""utdid"", ""uuid"", ""widevine""]",2793,453,10
innoxia/liliths-throne-public,java,https://github.com/innoxia/liliths-throne-public.git,3267710,2017-07-28,2025-06-25T01:32:09,[],555,444,80
fabricmc/fabric-loader,java,https://github.com/fabricmc/fabric-loader.git,3267716,2016-08-15,2026-07-24T01:54:01,[],859,331,81
huaweicloud/spring-cloud-huawei,java,https://github.com/huaweicloud/spring-cloud-huawei.git,3267718,2019-07-22,2026-05-28T03:48:53,"[""nacos"", ""servicecomb"", ""spring-cloud""]",577,229,25
tronprotocol/wallet-cli,java,https://github.com/tronprotocol/wallet-cli.git,3267728,2018-01-31,2026-08-06T02:56:08,[],812,608,74
canyie/pine,java,https://github.com/canyie/pine.git,3267778,2020-04-26,2025-11-08T08:00:23,"[""android"", ""aop"", ""aop-framework"", ""art"", ""art-runtime"", ""hook"", ""hook-framework"", ""hooking"", ""java-hook"", ""xposed""]",1370,238,5
cnescatlab/sonar-cnes-report,java,https://github.com/cnescatlab/sonar-cnes-report.git,3267797,2018-01-04,2026-05-21T01:03:17,"[""cnes"", ""csv"", ""docx"", ""export"", ""markdown"", ""plugin"", ""quality"", ""report"", ""reporting"", ""sonarqube"", ""sonarqube-reports"", ""xlsx""]",628,191,24
canyie/dreamland,java,https://github.com/canyie/dreamland.git,3268195,2020-01-24,2024-03-25T11:57:36,"[""android"", ""magisk"", ""xposed"", ""xposed-framework""]",601,62,4
viaversion/viabackwards,java,https://github.com/viaversion/viabackwards.git,3268196,2016-07-18,2026-08-05T04:04:35,"[""bukkit"", ""bungeecord"", ""hacktoberfest"", ""java-edition"", ""minecraft"", ""spigot"", ""sponge"", ""viaversion""]",604,134,50
linkedin/coral,java,https://github.com/linkedin/coral.git,3268216,2020-01-27,2026-08-03T09:55:33,[],905,219,54
bernie-g/geckolib,java,https://github.com/bernie-g/geckolib.git,3268226,2020-05-04,2026-07-01T03:43:09,"[""animation"", ""animation-engine"", ""animation-library"", ""animations"", ""blockbench"", ""fabric"", ""fabricmc"", ""fabricmc-mod"", ""forge"", ""forge-mod"", ""java-edition"", ""minecraft"", ""minecraft-mod""]",823,158,24
spair/imgui-java,java,https://github.com/spair/imgui-java.git,3268270,2019-12-29,2026-08-03T10:14:17,"[""binding"", ""dear-imgui"", ""dearimgui"", ""glfw"", ""gui"", ""imgui"", ""imgui-java"", ""java"", ""jni"", ""jvm"", ""lwjgl"", ""lwjgl3"", ""native"", ""opengl"", ""opengl3"", ""port"", ""ui""]",812,153,39
hbmmods/hbm-s-nuclear-tech-git,java,https://github.com/hbmmods/hbm-s-nuclear-tech-git.git,3268304,2017-04-18,2026-08-02T03:56:59,[],927,498,100
670848654/sakuraanime,java,https://github.com/670848654/sakuraanime.git,3268365,2019-06-21,2023-12-14T08:16:36,"[""android"", ""java"", ""jsoup""]",1549,101,2
alovoa/alovoa,java,https://github.com/alovoa/alovoa.git,3268416,2020-01-06,2026-04-29T06:11:55,"[""dating"", ""dating-app"", ""dating-web-app"", ""help-wanted"", ""maven"", ""spring"", ""spring-boot""]",707,148,43
angel-ml/angel,java,https://github.com/angel-ml/angel.git,3268943,2017-04-25,2026-07-26T06:10:31,"[""high-dimensional"", ""machine-learning"", ""model"", ""online-learning"", ""parameter-server"", ""scala"", ""spark"", ""spark-streaming""]",6788,1589,49
bluelinelabs/conductor,java,https://github.com/bluelinelabs/conductor.git,3268945,2016-03-16,2026-03-14T12:59:18,[],3903,339,37
weiye-jing/datax-web,java,https://github.com/weiye-jing/datax-web.git,3268948,2019-11-19,2024-06-02T10:35:32,[],5387,2086,14
aicareles/android-ble,java,https://github.com/aicareles/android-ble.git,3268949,2016-11-29,2024-11-24T06:37:16,[],2688,439,2
oracle/visualvm,java,https://github.com/oracle/visualvm.git,3268950,2016-09-12,2026-06-24T06:57:25,"[""java"", ""monitoring-tool"", ""performance"", ""profiler"", ""visualvm""]",3254,331,10
smartloli/kafka-eagle,java,https://github.com/smartloli/kafka-eagle.git,3268951,2017-02-04,2021-09-10T06:56:13,[],2084,614,8
willowtreeapps/hyperion-android,java,https://github.com/willowtreeapps/hyperion-android.git,3268952,2017-05-26,2024-04-18T01:33:16,"[""android"", ""debug"", ""design"", ""drawer"", ""hyperion"", ""inspect"", ""library"", ""measure"", ""review""]",1940,142,37
julian-klode/dns66,java,https://github.com/julian-klode/dns66.git,3268953,2016-10-15,2026-03-02T09:45:42,"[""ad-blocker"", ""adblock"", ""android"", ""blocker"", ""fdroid"", ""gplv3"", ""gradle"", ""java""]",2220,207,19
fossasia/neurolab-android,java,https://github.com/fossasia/neurolab-android.git,3268954,2017-11-24,2022-07-25T07:18:08,[],1702,453,33
o19s/elasticsearch-learning-to-rank,java,https://github.com/o19s/elasticsearch-learning-to-rank.git,3268957,2016-12-25,2026-06-16T12:25:10,"[""elasticsearch"", ""elasticsearch-plugin"", ""elasticsearch-plugins"", ""machine-learning"", ""relevant-search"", ""search-relevance""]",1522,373,63
stephanenicolas/toothpick,java,https://github.com/stephanenicolas/toothpick.git,3268958,2016-03-28,2021-06-18T10:27:02,[],1070,116,16
itfsw/mybatis-generator-plugin,java,https://github.com/itfsw/mybatis-generator-plugin.git,3268960,2017-01-06,2023-12-29T11:06:07,"[""batchinsert"", ""limit"", ""lombok"", ""mybatis"", ""mybatis-generator"", ""mysql"", ""plugin"", ""selectone"", ""upsert""]",1294,399,5
mojang/datafixerupper,java,https://github.com/mojang/datafixerupper.git,3268961,2018-06-28,2026-05-05T09:20:32,"[""mojang-active""]",1295,148,18
mylhyl/android-circledialog,java,https://github.com/mylhyl/android-circledialog.git,3268962,2017-03-30,2022-08-16T12:45:43,[],984,155,2
apache/guacamole-client,java,https://github.com/apache/guacamole-client.git,3268964,2016-03-22,2026-08-06T06:53:59,"[""c"", ""guacamole"", ""java"", ""javascript"", ""network-client"", ""network-server""]",1701,847,98
warmuuh/milkman,java,https://github.com/warmuuh/milkman.git,3268967,2019-03-27,2026-08-04T12:53:04,"[""grpc"", ""hacktoberfest"", ""http"", ""milkman-plugins"", ""rest"", ""testing""]",1339,81,14
nining377/dolby_beta,java,https://github.com/nining377/dolby_beta.git,3268972,2020-05-19,2024-06-22T07:39:46,"[""android"", ""neteasecloudmusic"", ""xposed""]",3727,212,5
neo4j-labs/neosemantics,java,https://github.com/neo4j-labs/neosemantics.git,3268974,2016-03-21,2026-08-04T10:12:07,"[""knowledge-graph"", ""linked-data"", ""neo4j"", ""ontologies"", ""rdf"", ""semantics"", ""shacl""]",949,154,15
maks/mgit,java,https://github.com/maks/mgit.git,3268977,2016-10-14,2024-09-24T07:03:47,[],1213,166,50
mirkosertic/bytecoder,java,https://github.com/mirkosertic/bytecoder.git,3268982,2017-04-13,2026-04-27T08:52:11,"[""bytecode"", ""compiler"", ""decompiler"", ""java-bytecode"", ""javascript"", ""jvm-bytecode"", ""kotlin"", ""llvm"", ""llvm-frontend"", ""opencl"", ""transpiler"", ""webassembly""]",943,63,15
hierynomus/smbj,java,https://github.com/hierynomus/smbj.git,3268983,2016-01-25,2026-07-15T01:30:50,[],820,188,42
samuel-oliveira/java_nfe,java,https://github.com/samuel-oliveira/java_nfe.git,3268984,2016-09-22,2026-06-14T08:15:30,"[""java"", ""java-nfe"", ""nfce"", ""nfe"", ""xml""]",736,263,20
openkm/document-management-system,java,https://github.com/openkm/document-management-system.git,3268985,2016-07-11,2026-02-23T08:57:00,"[""content"", ""dms"", ""document"", ""gwt"", ""java"", ""knowledge"", ""management"", ""open"", ""record"", ""workflow""]",836,342,11
banq/jivejdon,java,https://github.com/banq/jivejdon.git,3268989,2018-08-19,2026-08-01T10:25:49,"[""blog"", ""clean-architecture"", ""cms"", ""ddd"", ""ddd-cqrs"", ""ddd-example"", ""ddd-sample"", ""domain-driven-design"", ""domainevents"", ""event-driven"", ""eventsourcing"", ""forum"", ""hexagonal-architecture"", ""jdonframework"", ""jive"", ""knowledge-graph"", ""notebook""]",589,160,2
mguessan/davmail,java,https://github.com/mguessan/davmail.git,3268996,2018-06-13,2026-07-22T01:43:27,"[""caldav"", ""carddav"", ""exchange"", ""exchange-server"", ""gateway"", ""imap"", ""ldap"", ""office-365"", ""office365"", ""outlook"", ""pop3"", ""smtp"", ""sourceforge""]",749,110,1
stefvanschie/if,java,https://github.com/stefvanschie/if.git,3269075,2017-10-29,2026-08-06T07:15:40,"[""gui"", ""hacktoberfest"", ""inventory-framework"", ""java"", ""pane"", ""paper"", ""spigot""]",511,98,29
geysermc/floodgate,java,https://github.com/geysermc/floodgate.git,3269084,2019-11-29,2026-07-24T07:11:08,"[""bedrock"", ""bedrock-edition"", ""bedrock-to-java"", ""bukkit"", ""bungee"", ""floodgate"", ""geyser"", ""geysermc"", ""hacktoberfest"", ""java"", ""java-edition"", ""minecraft"", ""pe"", ""plugin"", ""velocity""]",684,221,37
paulpacifico/shutter-encoder,java,https://github.com/paulpacifico/shutter-encoder.git,3269166,2020-05-08,2026-08-06T02:56:12,"[""converter-app"", ""ffmpeg"", ""ffmpeg-gui"", ""java"", ""multiplatform"", ""video-transcoding""]",2619,120,9
jenkinsci/blueocean-plugin,java,https://github.com/jenkinsci/blueocean-plugin.git,3269719,2016-01-23,2026-08-05T08:56:42,"[""jenkins-blue-ocean""]",2882,532,135
zalando/zalenium,java,https://github.com/zalando/zalenium.git,3269720,2016-10-04,2021-09-11T10:00:37,[],2383,559,82
qunarcorp/qmq,java,https://github.com/qunarcorp/qmq.git,3269721,2018-12-07,2023-12-01T02:13:10,"[""consumer"", ""distributed-transactions"", ""event"", ""event-bus"", ""event-driven"", ""kafka"", ""message"", ""message-bus"", ""message-driven"", ""message-queue"", ""mq"", ""producer"", ""rabbitmq"", ""xa""]",2752,694,14
egzosn/pay-java-parent,java,https://github.com/egzosn/pay-java-parent.git,3269727,2016-05-18,2026-05-19T08:52:17,"[""alipay"", ""fuiou"", ""pay"", ""payoneer"", ""paypal"", ""wxpay"", ""youdian""]",3118,957,10
pili-engineering/pldroidshortvideo,java,https://github.com/pili-engineering/pldroidshortvideo.git,3269728,2017-07-24,2024-05-17T10:31:27,[],1668,309,11
mipushframework/mipushframework,java,https://github.com/mipushframework/mipushframework.git,3269730,2017-08-24,2022-08-12T02:51:19,[],2022,151,9
pedrosg94/rtmp-rtsp-stream-client-java,java,https://github.com/pedrosg94/rtmp-rtsp-stream-client-java.git,3269731,2017-01-21,2023-09-07T04:03:52,"[""android"", ""encoder"", ""filters"", ""java"", ""rtmp"", ""rtsp"", ""stream"", ""stream-library"", ""streaming""]",2118,705,37
kalessil/phpinspectionsea,java,https://github.com/kalessil/phpinspectionsea.git,3269732,2016-10-15,2026-07-09T06:24:09,"[""awesome"", ""intellij"", ""intellij-plugin"", ""java"", ""php"", ""php7"", ""phpstorm"", ""phpstorm-plugin"", ""static-analysis"", ""static-analyzer"", ""static-code-analysis""]",1486,115,62
ctripcorp/dal,java,https://github.com/ctripcorp/dal.git,3269733,2016-07-26,2024-03-11T12:47:10,[],1244,448,11
jagrosh/musicbot,java,https://github.com/jagrosh/musicbot.git,3269737,2016-08-14,2024-11-16T03:22:38,"[""discord"", ""discord-bot"", ""java"", ""jda"", ""music"", ""music-bot"", ""musicbot"", ""playlist"", ""playlists"", ""radio"", ""soundcloud"", ""youtube""]",5377,2573,17
netflix/hollow,java,https://github.com/netflix/hollow.git,3269739,2016-12-02,2026-08-03T10:40:42,[],1367,249,62
akarnokd/rxjavainterop,java,https://github.com/akarnokd/rxjavainterop.git,3269744,2016-08-19,2023-03-27T04:59:13,[],859,60,10
limboemu/limbo,java,https://github.com/limboemu/limbo.git,3269745,2016-02-13,2024-08-18T02:56:31,[],2566,448,1
java-deobfuscator/deobfuscator,java,https://github.com/java-deobfuscator/deobfuscator.git,3269749,2016-01-30,2023-04-26T05:51:02,[],1334,291,14
akarnokd/rxjavaextensions,java,https://github.com/akarnokd/rxjavaextensions.git,3269751,2016-07-11,2026-07-31T06:51:51,"[""extensions"", ""reactive-streams"", ""rxjava""]",681,51,13
interrupt/delverengine,java,https://github.com/interrupt/delverengine.git,3269754,2018-11-14,2025-10-24T07:59:46,[],810,84,10
gaolhjy/enjoyshop,java,https://github.com/gaolhjy/enjoyshop.git,3269755,2017-09-02,2020-12-02T01:59:43,[],575,143,0
portswigger/param-miner,java,https://github.com/portswigger/param-miner.git,3269756,2018-07-26,2026-08-05T08:04:01,"[""extension""]",1449,186,31
kunminx/jetpack-musicplayer,java,https://github.com/kunminx/jetpack-musicplayer.git,3269757,2019-10-31,2023-09-20T02:08:53,"[""android"", ""androidx"", ""controller"", ""jetpack"", ""jetpack-android"", ""livedata"", ""media"", ""music"", ""music-composition"", ""music-library"", ""music-player"", ""musicplayer""]",813,107,2
funkygao/cp-ddd-framework,java,https://github.com/funkygao/cp-ddd-framework.git,3269761,2020-09-07,2025-05-01T02:30:07,"[""architecture"", ""clean-architecture"", ""ddd"", ""ddd-architecture"", ""dddplus"", ""domain-driven-design"", ""enterprise-architecture"", ""extension"", ""framework"", ""modeling"", ""reverse-engineering""]",1141,272,6
goweii/wanandroid,java,https://github.com/goweii/wanandroid.git,3269762,2019-05-18,2026-06-28T08:56:05,"[""wanandroid""]",983,190,3
google/graphicsfuzz,java,https://github.com/google/graphicsfuzz.git,3269763,2018-09-24,2023-11-02T04:40:41,"[""fuzzing"", ""glsl"", ""opengl"", ""spirv"", ""vulkan""]",544,125,21
sofastack/sofa-registry,java,https://github.com/sofastack/sofa-registry.git,3269767,2019-03-22,2026-04-28T08:49:11,[],664,250,26
zhihuili/flower,java,https://github.com/zhihuili/flower.git,3269771,2018-12-21,2025-06-16T12:01:15,"[""akka"", ""flower"", ""java-8"", ""microservice"", ""reactive-programming""]",571,181,10
irockel/tda,java,https://github.com/irockel/tda.git,3269775,2016-03-14,2026-07-31T09:34:46,"[""java"", ""jvm"", ""jvm-monitor"", ""mcp"", ""mcp-server"", ""performance-tuning"", ""thread-dump"", ""virtual-threads""]",548,95,9
talelin/lin-cms-spring-boot,java,https://github.com/talelin/lin-cms-spring-boot.git,3269776,2020-02-09,2023-10-22T07:19:32,"[""cms"", ""java"", ""lin"", ""spring-boot""]",852,240,8
michaelrocks/libphonenumber-android,java,https://github.com/michaelrocks/libphonenumber-android.git,3269780,2016-05-29,2026-07-31T06:26:49,"[""android"", ""libphonenumber""]",546,78,1
schibsted/jslt,java,https://github.com/schibsted/jslt.git,3269783,2018-06-11,2026-06-30T04:15:44,"[""jackson"", ""java"", ""json"", ""language"", ""query"", ""transform""]",696,128,12
nationalsecurityagency/datawave,java,https://github.com/nationalsecurityagency/datawave.git,3269784,2018-01-10,2026-08-06T08:11:27,"[""accumulo"", ""bigdata"", ""java""]",718,290,69
gurkenlabs/litiengine,java,https://github.com/gurkenlabs/litiengine.git,3269786,2017-04-11,2026-08-02T12:55:10,"[""2d"", ""2d-game-engine"", ""2d-java-games"", ""2d-rendering-engine"", ""collision-handling"", ""easy-to-use"", ""game-engine"", ""java"", ""java-2d-engine"", ""java-game-engine"", ""litiengine"", ""physics-engine"", ""sound-engine"", ""tile"", ""tilemap"", ""tmx""]",834,105,31
jobrunr/jobrunr,java,https://github.com/jobrunr/jobrunr.git,3269795,2020-04-02,2026-08-06T04:11:18,"[""background-jobs"", ""java"", ""java-8"", ""java-scheduler"", ""parallel-processing"", ""quartz"", ""scheduled-jobs"", ""scheduler"", ""scheduling""]",3040,319,52
gedsh/invizible,java,https://github.com/gedsh/invizible.git,3269805,2019-07-31,2026-07-12T09:45:25,"[""advertising"", ""android"", ""android-application"", ""anonymity"", ""dnscrypt"", ""i2p"", ""internet-privacy"", ""tor""]",2688,160,51
s-andrews/fastqc,java,https://github.com/s-andrews/fastqc.git,3269828,2017-12-21,2026-07-20T12:56:56,[],611,116,11
kongzue/dialogx,java,https://github.com/kongzue/dialogx.git,3270149,2020-09-26,2026-06-13T02:56:13,"[""android"", ""android-dialog"", ""bottomdialog-bottommenu"", ""bottomsheet"", ""dialog"", ""dialogx-material"", ""ios-style"", ""kongzue"", ""kongzue-dialogx"", ""material-design"", ""material-ui"", ""materialdialog"", ""messagedialog"", ""miui"", ""popmenu"", ""popup"", ""progressdialog"", ""tipdialog"", ""waitdialog"", ""waitdialog-tipdialog""]",2343,256,13
dlsc-software-consulting-gmbh/gemsfx,java,https://github.com/dlsc-software-consulting-gmbh/gemsfx.git,3270160,2019-09-10,2026-07-27T09:43:56,[],619,63,20
yezhihao/jt808-server,java,https://github.com/yezhihao/jt808-server.git,3270329,2019-04-09,2026-07-23T07:43:27,"[""808"", ""808-protocol"", ""gb808"", ""gps-gateway"", ""jt-808"", ""jt1078"", ""jt808"", ""jt808-dotnetty"", ""jt808-gateway"", ""jtt808""]",815,305,3
terraformersmc/modmenu,java,https://github.com/terraformersmc/modmenu.git,3270330,2018-11-11,2026-07-23T05:57:02,"[""fabricmc"", ""hacktoberfest"", ""minecraft"", ""minecraft-fabric""]",658,208,112
flameish/novel-grabber,java,https://github.com/flameish/novel-grabber.git,3270341,2019-02-06,2024-12-30T09:16:40,"[""downloader"", ""ebook"", ""epub"", ""fanfiction"", ""gravitytales"", ""lightnovel"", ""royalroad"", ""webnovel"", ""wuxiaworld""]",500,70,8
theepicblock/polymc,java,https://github.com/theepicblock/polymc.git,3270389,2020-05-25,2025-01-28T02:25:59,"[""fabricmc"", ""fabricmc-mod"", ""minecraft"", ""minecraft-server""]",566,29,13
a466350665/smart-sso,java,https://github.com/a466350665/smart-sso.git,3271152,2016-07-11,2026-04-07T01:27:35,"[""java"", ""oauth2"", ""springboot"", ""sso""]",2293,1227,3
chat-sdk/chat-sdk-android,java,https://github.com/chat-sdk/chat-sdk-android.git,3271154,2017-01-03,2026-01-18T06:22:29,"[""android"", ""android-sdk"", ""chat-sdk"", ""firebase"", ""instant-messaging"", ""messaging"", ""messenger"", ""messenger-client"", ""sdk"", ""xmpp"", ""xmpp-client""]",1634,608,15
doublechaintech/scm-biz-suite,java,https://github.com/doublechaintech/scm-biz-suite.git,3271155,2018-12-17,2024-03-12T03:44:54,"[""antd"", ""digital-transformation"", ""echarts"", ""ecommerce"", ""erp"", ""fleet-management"", ""headless-commerce"", ""java"", ""knowledge-graph"", ""mysql"", ""oracle-atg-alternative"", ""ordermanagement"", ""redis"", ""retail"", ""scm"", ""spring"", ""supply-chain"", ""tms"", ""warehouse-management""]",2379,895,3
netflix/mantis,java,https://github.com/netflix/mantis.git,3271156,2019-06-06,2026-08-05T06:43:54,[],1468,223,44
marcosbarbero/spring-cloud-zuul-ratelimit,java,https://github.com/marcosbarbero/spring-cloud-zuul-ratelimit.git,3271158,2016-04-14,2026-08-04T04:03:12,"[""bucket4j"", ""consul"", ""hacktoberfest"", ""hacktoberfest2021"", ""hashicorp-consul"", ""load-shedding"", ""loader"", ""netflix-zuul"", ""open-source"", ""rate-limit"", ""spring-cloud"", ""spring-cloud-netflix"", ""spring-cloud-netflix-zuul"", ""throttle"", ""throttling""]",1131,385,17
hyperledger/fabric-sdk-java,java,https://github.com/hyperledger/fabric-sdk-java.git,3271161,2016-10-10,2025-04-22T04:17:01,"[""blockchain"", ""distributed-ledger"", ""fabric"", ""hyperledger"", ""hyperledger-fabric"", ""java"", ""java-sdk""]",1115,709,44
ferredoxin/qnotified,java,https://github.com/ferredoxin/qnotified.git,3271162,2019-03-24,2023-02-13T07:17:41,[],3019,327,23
jingzhuanduoying/jzandroidchart,java,https://github.com/jingzhuanduoying/jzandroidchart.git,3271164,2017-07-28,2026-08-06T08:34:12,"[""android"", ""chart""]",789,103,6
wfh45678/radar,java,https://github.com/wfh45678/radar.git,3271167,2019-09-12,2023-10-23T11:46:32,"[""anti-fraud"", ""engine"", ""java"", ""radar"", ""real-time"", ""risk"", ""risk-analysis"", ""risk-control"", ""risk-engine"", ""risk-rule"", ""rule"", ""script"", ""springboot""]",1370,452,11
querz/mcaselector,java,https://github.com/querz/mcaselector.git,3271168,2018-04-22,2026-07-18T03:57:27,"[""chunks"", ""delete"", ""export"", ""javafx"", ""mca-file"", ""mca-region"", ""minecraft"", ""minecraft-saves"", ""minecraft-tool"", ""minecraft-world""]",4683,229,39
codecentric/chaos-monkey-spring-boot,java,https://github.com/codecentric/chaos-monkey-spring-boot.git,3271171,2017-04-06,2026-07-27T11:11:10,"[""chaos"", ""chaos-engineering"", ""chaos-monkey"", ""chaos-testing"", ""chaostoolkit"", ""engineering"", ""java"", ""resilience"", ""resilience-testing"", ""spring"", ""spring-boot"", ""spring-cloud"", ""spring-cloud-netflix"", ""test-framework"", ""testing"", ""testing-tools""]",941,173,40
mobivm/robovm,java,https://github.com/mobivm/robovm.git,3271172,2016-04-20,2026-08-04T07:31:28,"[""aot"", ""bytecode"", ""ios"", ""java"", ""jvm"", ""kotlin"", ""linux"", ""macosx"", ""robovm""]",1039,137,31
yegor256/cactoos,java,https://github.com/yegor256/cactoos.git,3271174,2017-05-23,2026-08-04T09:05:16,"[""java"", ""java-library"", ""oop"", ""oop-library"", ""oop-principles""]",778,176,91
google/tsunami-security-scanner-plugins,java,https://github.com/google/tsunami-security-scanner-plugins.git,3271175,2020-06-04,2026-07-31T01:22:52,[],1014,219,70
google/startup-os,java,https://github.com/google/startup-os.git,3271176,2018-02-23,2021-05-27T08:07:09,[],576,103,16
qzind/tray,java,https://github.com/qzind/tray.git,3271178,2016-02-18,2026-08-04T08:47:38,"[""epl"", ""epson"", ""escp"", ""escpos"", ""hidapi"", ""javascript"", ""nodejs"", ""promises"", ""star"", ""zebra"", ""zpl""]",1046,342,25
foundationdb/fdb-record-layer,java,https://github.com/foundationdb/fdb-record-layer.git,3271182,2018-08-02,2026-08-06T01:48:45,"[""foundationdb"", ""relational-database""]",667,125,42
secure-software-engineering/flowdroid,java,https://github.com/secure-software-engineering/flowdroid.git,3271183,2018-01-08,2026-08-03T02:28:39,"[""data-flow-tracker"", ""flowdroid"", ""static-analysis""]",1255,321,47
nutzam/nutzboot,java,https://github.com/nutzam/nutzboot.git,3271185,2017-10-20,2025-08-20T01:08:16,"[""dubbo"", ""jetty"", ""microservice"", ""nutz"", ""nutzboot"", ""seata"", ""undertow"", ""zbus"", ""zookeeper""]",506,140,23
mirromutth/r2dbc-mysql,java,https://github.com/mirromutth/r2dbc-mysql.git,3271189,2018-12-29,2023-12-13T02:32:29,"[""database"", ""java"", ""mysql"", ""non-blocking"", ""r2dbc"", ""reactive"", ""reactive-streams""]",656,102,6
spring-io/spring-javaformat,java,https://github.com/spring-io/spring-javaformat.git,3271190,2018-04-02,2026-06-29T08:03:47,[],944,126,26
bbossgroups/bboss-elasticsearch,java,https://github.com/bbossgroups/bboss-elasticsearch.git,3271192,2017-09-20,2026-08-06T04:44:26,"[""bboss"", ""elasticsearch"", ""java"", ""orm""]",526,138,2
firebase/firebase-admin-java,java,https://github.com/firebase/firebase-admin-java.git,3271196,2017-03-14,2026-07-31T10:52:40,"[""authentication"", ""firebase"", ""firebase-admin"", ""firebase-admin-sdk"", ""firebase-auth"", ""firebase-authentication"", ""firebase-database"", ""firebase-db"", ""java"", ""realtime-database""]",616,306,56
haleydu/cimoc,java,https://github.com/haleydu/cimoc.git,3271197,2020-07-09,2021-09-24T06:27:01,[],1121,116,18
graxcode/threadtear,java,https://github.com/graxcode/threadtear.git,3271198,2020-04-13,2021-10-16T07:28:33,[],540,82,4
rstyro/springboot,java,https://github.com/rstyro/springboot.git,3271199,2017-07-25,2026-05-09T08:32:22,"[""spring-boot"", ""springboot-redis""]",1303,347,2
swingfrog/summer,java,https://github.com/swingfrog/summer.git,3271204,2018-12-05,2025-04-17T08:55:03,"[""aop"", ""dao"", ""distributed"", ""druid"", ""game"", ""ioc"", ""ioc-container"", ""java"", ""mmo"", ""mmorpg-server"", ""mvc"", ""netty"", ""orm"", ""protobuf"", ""quartz"", ""redis"", ""rpg"", ""server"", ""server-framework"", ""summer""]",559,167,2
gh0stkey/hae,java,https://github.com/gh0stkey/hae.git,3271206,2020-03-24,2026-07-03T07:11:17,"[""bughunter"", ""burpsuite"", ""data-security"", ""vscode""]",4252,312,6
scada-lts/scada-lts,java,https://github.com/scada-lts/scada-lts.git,3271210,2016-07-06,2026-07-24T09:07:30,"[""scada"", ""scada-lts""]",980,340,25
supertokens/supertokens-core,java,https://github.com/supertokens/supertokens-core.git,3271212,2020-01-05,2026-08-06T10:40:03,"[""auth0"", ""authentication"", ""aws-cognito"", ""email-password"", ""email-password-login"", ""firebase-auth"", ""hacktoberfest"", ""java"", ""keycloak"", ""login"", ""oauth"", ""password"", ""passwordless"", ""passwordless-authentication"", ""passwordless-login"", ""session-management"", ""signin"", ""social-login"", ""supertokens""]",15251,846,34
astrelsky/ghidra-cpp-class-analyzer,java,https://github.com/astrelsky/ghidra-cpp-class-analyzer.git,3271224,2019-09-04,2023-10-01T10:04:51,"[""class-analyzer"", ""ghidra"", ""ghidra-analyzer"", ""ghidra-extension"", ""ghidra-gcc-rtti"", ""ghidra-plugin"", ""reverse-engineering"", ""rtti-analyzer"", ""software-analysis""]",615,49,6
alibaba/smartengine,java,https://github.com/alibaba/smartengine.git,3271235,2020-01-17,2026-07-24T12:41:00,[],909,240,11
earthcomputer/clientcommands,java,https://github.com/earthcomputer/clientcommands.git,3271239,2018-02-08,2026-07-30T09:31:15,[],1249,155,48
fabricmc/enigma,java,https://github.com/fabricmc/enigma.git,3271256,2016-08-12,2026-02-03T12:49:55,"[""deobfuscator"", ""java"", ""remapping""]",517,122,46
jumpalang/jusic-serve-houses,java,https://github.com/jumpalang/jusic-serve-houses.git,3271262,2020-05-22,2025-06-30T04:09:03,[],642,105,2
starcwang/easy_javadoc,java,https://github.com/starcwang/easy_javadoc.git,3271266,2019-08-24,2026-08-06T09:32:50,[],2918,149,8
lyb-geek/springboot-learning,java,https://github.com/lyb-geek/springboot-learning.git,3271281,2019-07-07,2025-11-22T10:54:07,[],698,484,3
irisshaders/iris,java,https://github.com/irisshaders/iris.git,3271591,2020-10-22,2026-08-03T08:38:08,"[""hacktoberfest"", ""minecraft"", ""opengl"", ""shaders""]",3797,793,117
jspecify/jspecify,java,https://github.com/jspecify/jspecify.git,3271719,2018-09-17,2026-08-05T07:57:26,"[""android"", ""annotations"", ""bugfinding"", ""java"", ""jvm-languages"", ""kotlin"", ""null"", ""nullability-analysis"", ""standard-library"", ""static-analysis""]",1128,43,25
grishka/smithereen,java,https://github.com/grishka/smithereen.git,3271725,2020-01-06,2026-07-28T12:10:33,"[""activitypub"", ""fediverse""]",546,35,16
lilongweidev/goodweather,java,https://github.com/lilongweidev/goodweather.git,3271798,2020-04-07,2024-11-20T06:14:03,"[""map-weather"", ""mvp-android"", ""weather-api"", ""weather-app""]",653,118,1
googlecloudplatform/spring-cloud-gcp,java,https://github.com/googlecloudplatform/spring-cloud-gcp.git,3271820,2020-04-22,2026-08-03T04:29:02,[],548,348,128
briar/briar,java,https://github.com/briar/briar.git,3271824,2020-07-10,2026-07-13T10:00:38,[],648,86,22
teamgalacticraft/galacticraft,java,https://github.com/teamgalacticraft/galacticraft.git,3271970,2019-03-16,2026-07-27T06:15:10,"[""fabricmc"", ""fabricmc-mod"", ""galacticraft"", ""minecraft""]",598,110,45
thealgorithms/java,java,https://github.com/thealgorithms/java.git,3272391,2016-07-16,2026-08-05T07:40:41,"[""algorithm"", ""algorithm-challenges"", ""algorithms"", ""algorithms-datastructures"", ""data-structures"", ""hacktoberfest"", ""java"", ""search"", ""sort"", ""sorting-algorithms""]",66110,21246,427
zhoutaoo/springcloud,java,https://github.com/zhoutaoo/springcloud.git,3272392,2017-07-23,2023-12-17T11:29:40,"[""elasticsearch"", ""eureka"", ""feign-client"", ""hystrix"", ""jetcache"", ""moss"", ""nacos"", ""oauth2"", ""sentinel"", ""skywalking"", ""spring-cloud-gateway"", ""spring-security"", ""springboot"", ""springboot-admin"", ""springboot-springcloud"", ""springcloud"", ""zipkin"", ""zipkin-sleuth""]",8402,3880,11
razerdp/basepopup,java,https://github.com/razerdp/basepopup.git,3272395,2016-01-15,2026-01-21T06:37:39,"[""android"", ""popup"", ""popup-menu"", ""popup-window"", ""popup-windows"", ""popupwindow""]",5252,762,8
sofastack/sofa-jraft,java,https://github.com/sofastack/sofa-jraft.git,3272404,2019-03-04,2026-06-16T09:42:56,"[""consensus"", ""distributed-consensus-algorithms"", ""java"", ""raft"", ""raft-algorithm"", ""raft-java"", ""sofa-bolt"", ""sofa-jraft"", ""sofastack""]",3803,1200,72
linshunkang/myperf4j,java,https://github.com/linshunkang/myperf4j.git,3272405,2018-03-11,2026-07-31T07:09:20,"[""agent"", ""apm"", ""bytecode"", ""diagnosis"", ""java-agent"", ""jvm-monitor"", ""metrics"", ""microservices"", ""monitor"", ""monitoring"", ""monitoring-tool"", ""observability"", ""performance"", ""performance-analysis"", ""performance-metrics"", ""performance-monitoring"", ""performance-tuning"", ""performance-visualization"", ""profiler"", ""profiling""]",3560,556,5
huanzi-qch/base-admin,java,https://github.com/huanzi-qch/base-admin.git,3272407,2019-09-17,2026-03-17T08:31:54,[],2456,1101,1
beemdevelopment/aegis,java,https://github.com/beemdevelopment/aegis.git,3272411,2016-08-15,2026-07-16T10:50:56,"[""2fa"", ""android"", ""authenticator"", ""encryption"", ""fingerprint"", ""hotp"", ""otp"", ""secure"", ""totp""]",12808,562,61
spinnaker/kayenta,java,https://github.com/spinnaker/kayenta.git,3272413,2017-01-27,2025-12-20T11:37:46,"[""hacktoberfest""]",1308,630,68
locationtech/jts,java,https://github.com/locationtech/jts.git,3272414,2016-01-25,2026-07-21T09:02:16,"[""computational-geometry"", ""geometric-algorithms"", ""geometry"", ""geometry-algorithms"", ""geometry-library"", ""gis"", ""java"", ""java-library"", ""jts"", ""jts-topology-suite"", ""ogc"", ""ogc-wkt"", ""triangulation"", ""voronoi""]",2220,471,58
sofastack/sofa-tracer,java,https://github.com/sofastack/sofa-tracer.git,3272416,2018-05-14,2026-06-07T01:15:33,"[""opentracing"", ""sofa-boot-starter"", ""sofa-tracer"", ""sofastack"", ""tracer""]",1127,383,26
jigsaw-code/intra,java,https://github.com/jigsaw-code/intra.git,3272417,2018-05-02,2026-07-29T09:50:16,[],2169,410,8
ta4j/ta4j,java,https://github.com/ta4j/ta4j.git,3272418,2017-09-14,2026-08-03T02:13:48,"[""bitcoin"", ""ethereum"", ""forex"", ""java"", ""java-library"", ""stocks"", ""ta4j"", ""technical-analysis"", ""trading"", ""trading-algorithms"", ""trading-strategies""]",2480,803,85
spotify/mobius,java,https://github.com/spotify/mobius.git,3272419,2018-01-19,2026-08-06T05:03:40,"[""android"", ""functional-reactive-programming"", ""java"", ""mobius"", ""state-management""]",1263,105,29
microsoft/mssql-jdbc,java,https://github.com/microsoft/mssql-jdbc.git,3272420,2016-08-22,2026-08-06T04:04:00,[],1129,474,96
thombergs/code-examples,java,https://github.com/thombergs/code-examples.git,3272423,2017-07-30,2024-07-12T06:59:08,[],2614,2618,33
mc1arke/sonarqube-community-branch-plugin,java,https://github.com/mc1arke/sonarqube-community-branch-plugin.git,3272425,2019-03-04,2026-08-03T12:43:31,"[""sonarqube"", ""sonarqube-analysis"", ""sonarqube-plugin"", ""sonarqube-scanner"", ""sonarqube-server""]",2820,598,56
spring-cloud/spring-cloud-stream-samples,java,https://github.com/spring-cloud/spring-cloud-stream-samples.git,3272426,2016-02-19,2025-02-24T04:57:00,[],973,685,28
androidx/constraintlayout,java,https://github.com/androidx/constraintlayout.git,3272430,2019-10-02,2023-10-24T10:10:06,[],1033,180,29
eclipse-ee4j/jersey,java,https://github.com/eclipse-ee4j/jersey.git,3272433,2018-04-17,2026-07-25T10:44:15,[],729,381,92
iluwatar/30-seconds-of-java,java,https://github.com/iluwatar/30-seconds-of-java.git,3272438,2017-12-15,2026-06-02T05:26:35,"[""awesome-list"", ""hacktoberfest"", ""java"", ""snippets"", ""snippets-collection"", ""snippets-library""]",1134,439,43
making/yavi,java,https://github.com/making/yavi.git,3272439,2018-08-21,2025-10-23T08:09:05,"[""java"", ""kotlin"", ""validation"", ""validation-library"", ""validator""]",832,63,16
discordsrv/discordsrv,java,https://github.com/discordsrv/discordsrv.git,3272440,2016-01-10,2026-06-05T02:45:53,"[""bukkit"", ""bukkit-plugin"", ""discord"", ""discord-bot"", ""discordsrv"", ""hacktoberfest"", ""jda"", ""minecraft"", ""spigot""]",1131,564,115
linbit/linstor-server,java,https://github.com/linbit/linstor-server.git,3272441,2018-01-12,2026-07-24T10:53:52,"[""block-storage"", ""cloud-native"", ""csi"", ""drbd"", ""high-availability"", ""high-performance"", ""k8s"", ""kubernetes"", ""linstor"", ""open-source"", ""operator"", ""persistent-storage"", ""sds"", ""software-defined-storage"", ""storage"", ""storage-orchestration"", ""zfs""]",1275,94,25
reactor/reactor-kafka,java,https://github.com/reactor/reactor-kafka.git,3272448,2016-06-03,2026-01-25T12:12:32,[],621,237,41
kordamp/ikonli,java,https://github.com/kordamp/ikonli.git,3272449,2016-01-08,2025-04-19T01:22:20,[],528,54,14
hansolo/charts,java,https://github.com/hansolo/charts.git,3272460,2017-07-18,2025-08-13T11:06:21,[],708,89,10
izzelaliz/arclight,java,https://github.com/izzelaliz/arclight.git,3272470,2020-05-09,2026-08-01T06:26:47,"[""bukkit"", ""craftbukkit"", ""fabric"", ""forge"", ""java"", ""minecraft"", ""minecraft-server"", ""mixins"", ""neoforge"", ""spigot"", ""spigot-fork""]",2074,340,31
scalar-labs/scalardb,java,https://github.com/scalar-labs/scalardb.git,3272476,2018-10-05,2026-08-05T12:37:51,"[""amazon-aurora"", ""cassandra"", ""cosmos-db"", ""database"", ""distributed-database"", ""distributed-databases"", ""distributed-systems"", ""dynamodb"", ""microservice"", ""microservices"", ""mysql"", ""nosql"", ""oracle-database"", ""postgresql"", ""transaction""]",642,44,25
javacourse00/javacoursecodes,java,https://github.com/javacourse00/javacoursecodes.git,3272477,2020-10-28,2024-06-25T04:10:11,[],623,839,3
openems/openems,java,https://github.com/openems/openems.git,3272478,2016-10-16,2026-08-04T07:46:17,"[""climatechange"", ""electric-vehicle-charging-station"", ""energy-management"", ""energy-storage"", ""hacktoberfest"", ""heatpump"", ""photovoltaics"", ""time-of-use-tariff""]",1495,645,103
autohomecorp/frostmourne,java,https://github.com/autohomecorp/frostmourne.git,3272482,2019-12-16,2026-04-17T11:54:48,"[""alarm"", ""alert"", ""alertmanager"", ""clickhouse"", ""dingtalk-robot"", ""elastalert"", ""elasticsearch"", ""element-ui"", ""influxdb"", ""iotdb"", ""logging"", ""monitor"", ""mybatis"", ""mybatis-dynamic-sql"", ""prometheus"", ""skywalking"", ""springboot2"", ""vue"", ""vue-element-admin"", ""wechat-message""]",1494,322,10
hapifhir/hapi-fhir-jpaserver-starter,java,https://github.com/hapifhir/hapi-fhir-jpaserver-starter.git,3272503,2018-07-26,2026-08-04T08:13:27,[],535,1319,86
alibaba/spring-cloud-alibaba,java,https://github.com/alibaba/spring-cloud-alibaba.git,3273192,2017-12-01,2026-08-04T02:43:31,"[""alibaba"", ""alibaba-middleware"", ""alibaba-oss"", ""aliyun"", ""circuit-breaker"", ""cloud-native"", ""distributed-configuration"", ""distributed-messaging"", ""distributed-transaction"", ""dubbo"", ""java"", ""microservices"", ""nacos"", ""rocketmq"", ""service-discovery"", ""service-registry"", ""spring"", ""spring-cloud"", ""spring-cloud-alibaba"", ""spring-cloud-core""]",29147,8483,210
tencent/tinker,java,https://github.com/tencent/tinker.git,3273193,2016-09-06,2026-08-04T03:25:25,"[""android"", ""dynamic"", ""hotfix"", ""wechat""]",17654,3346,32
apache/rocketmq,java,https://github.com/apache/rocketmq.git,3273194,2016-11-30,2026-08-06T11:22:52,"[""cloud-native"", ""eventing"", ""hacktoberfest"", ""java"", ""messaging"", ""rocketmq"", ""streaming""]",22545,12003,336
lucksiege/pictureselector,java,https://github.com/lucksiege/pictureselector.git,3273195,2017-01-04,2024-05-11T03:14:44,"[""android"", ""android-image-selector"", ""camera"", ""compress"", ""glide"", ""image-compression"", ""image-picker"", ""images"", ""multi-selector"", ""photo"", ""photoview"", ""picker"", ""picture-selector"", ""video""]",13098,2978,10
justauth/justauth,java,https://github.com/justauth/justauth.git,3273196,2019-01-31,2026-04-16T09:43:23,"[""googlelogin"", ""justauth"", ""oauth2"", ""qqlogin"", ""weixinlogin""]",17431,2853,36
alibaba/datax,java,https://github.com/alibaba/datax.git,3273198,2018-01-18,2026-07-07T08:41:05,[],17256,5655,96
williamfiset/algorithms,java,https://github.com/williamfiset/algorithms.git,3273199,2017-03-18,2026-06-23T09:33:06,"[""adjacency"", ""adjacency-matrix"", ""algorithm"", ""algorithms"", ""dijkstra"", ""dynamic-programming"", ""edmonds-karp-algorithm"", ""geometry"", ""graph-theory"", ""linear-algebra"", ""mathematics"", ""matrix-multiplication"", ""maxflow"", ""nlog"", ""search-algorithm"", ""search-algorithms"", ""sorting-algorithms"", ""strings"", ""traveling-salesman"", ""tree-algorithms""]",18654,4515,52
macrozheng/mall-swarm,java,https://github.com/macrozheng/mall-swarm.git,3273200,2019-11-25,2026-07-31T08:39:07,"[""docker"", ""elasticsearch"", ""java"", ""k8s"", ""kubernetes"", ""mongodb"", ""mybatis"", ""mysql"", ""rabbitmq"", ""redis"", ""spring-boot"", ""spring-cloud"", ""springboot"", ""springcloud""]",13081,5520,1
apache/rocketmq-externals,java,https://github.com/apache/rocketmq-externals.git,3273203,2017-03-14,2026-06-12T02:00:45,"[""rocketmq""]",4606,3026,110
genymobile/gnirehtet,java,https://github.com/genymobile/gnirehtet.git,3273205,2017-02-09,2024-08-11T05:17:19,"[""android"", ""java-8"", ""reverse-tethering"", ""rust"", ""vpn""]",6162,564,4
uber/nullaway,java,https://github.com/uber/nullaway.git,3273206,2017-09-01,2026-08-06T01:23:40,"[""android"", ""java"", ""nullability"", ""nullability-analysis"", ""static-analysis"", ""static-code-analysis""]",4086,351,73
jiajunhui/playerbase,java,https://github.com/jiajunhui/playerbase.git,3273208,2017-03-28,2022-02-21T02:10:58,[],2822,439,5
remkop/picocli,java,https://github.com/remkop/picocli.git,3273210,2017-02-01,2026-05-10T11:00:59,"[""annotations"", ""ansi"", ""ansi-colors"", ""argument-parsing"", ""autocomplete"", ""bash-completion"", ""cli"", ""cli-framework"", ""command-line"", ""command-line-parser"", ""commandline"", ""completion"", ""executable"", ""git"", ""graalvm"", ""java"", ""native-image"", ""options-parsing"", ""parser"", ""subcommands""]",5371,463,131
apollographql/apollo-android,java,https://github.com/apollographql/apollo-android.git,3273211,2016-09-28,2021-12-11T03:14:49,[],2909,536,149
hitomis/transferee,java,https://github.com/hitomis/transferee.git,3273212,2017-01-19,2022-10-19T08:50:04,[],2737,394,1
ripmeapp/ripme,java,https://github.com/ripmeapp/ripme.git,3273214,2017-01-06,2025-10-03T09:43:10,"[""album"", ""archival"", ""archive"", ""archiver"", ""data-hoarder"", ""data-hoarding"", ""deviantart"", ""downloader"", ""good-first-issue"", ""hacktoberfest"", ""help-wanted"", ""imgur"", ""instagram"", ""java"", ""reddit"", ""ripme"", ""tumblr"", ""twitter"", ""up-for-grabs""]",3964,648,140
librepdf/openpdf,java,https://github.com/librepdf/openpdf.git,3273218,2016-07-11,2026-08-05T06:02:47,"[""flyingsaucer"", ""itext"", ""java"", ""kotlin"", ""openpdf"", ""pdf"", ""pdf-generation""]",4341,709,145
linkedin/kafka-monitor,java,https://github.com/linkedin/kafka-monitor.git,3273221,2016-03-30,2023-10-11T05:33:58,"[""broker"", ""cluster"", ""clusters"", ""jmx-metrics"", ""kafka-broker"", ""kafka-cluster"", ""kafka-monitor"", ""kmf"", ""latency"", ""leader"", ""metrics"", ""monitor"", ""monitor-single-clusters"", ""monitor-topic"", ""partition"", ""partition-count"", ""reassigns-partition"", ""topic"", ""xinfra"", ""xinfra-monitor""]",1983,458,26
noties/markwon,java,https://github.com/noties/markwon.git,3273222,2017-05-18,2024-04-17T06:35:00,"[""android"", ""markdown""]",2615,290,11
openid/appauth-android,java,https://github.com/openid/appauth-android.git,3273224,2016-02-19,2026-03-22T08:54:07,"[""android-sdk"", ""oauth2"", ""openid-connect""]",3208,994,44
fossasia/open-event-organizer-android,java,https://github.com/fossasia/open-event-organizer-android.git,3273225,2016-08-13,2021-09-14T08:57:28,[],1675,515,52
tng/archunit,java,https://github.com/tng/archunit.git,3273226,2017-04-21,2026-08-06T06:52:39,[],3790,345,94
vsch/flexmark-java,java,https://github.com/vsch/flexmark-java.git,3273228,2016-01-23,2025-04-16T07:07:12,"[""commonmark"", ""html-to-markdown"", ""java"", ""markdown"", ""markdown-conversion"", ""markdown-flavors"", ""markdown-parser"", ""markdown-processor"", ""markdown-to-html"", ""markdown-to-pdf"", ""pegdown""]",2392,273,50
firebase/firebase-android-sdk,java,https://github.com/firebase/firebase-android-sdk.git,3273230,2018-08-31,2026-08-06T07:12:44,"[""android"", ""database-as-a-service"", ""firebase"", ""firebase-abt"", ""firebase-android-sdk"", ""firebase-database"", ""firebase-firestore"", ""firebase-functions"", ""firebase-inappmessaging"", ""firebase-library"", ""firebase-realtime-database"", ""firebase-remote-config"", ""firebase-storage""]",2560,705,165
liweiwei1419/leetcode-solutions-in-good-style,java,https://github.com/liweiwei1419/leetcode-solutions-in-good-style.git,3273231,2018-12-10,2022-01-07T10:38:35,[],2335,377,2
jzvd/jzvideo,java,https://github.com/jzvd/jzvideo.git,3273235,2019-12-05,2026-03-26T03:17:31,"[""jiaozi"", ""jzt"", ""jzvd"", ""videoplayer""]",3007,542,44
ganyao114/sandhook,java,https://github.com/ganyao114/sandhook.git,3273242,2019-01-12,2021-05-03T10:10:42,[],1223,269,5
webankfintech/dataspherestudio,java,https://github.com/webankfintech/dataspherestudio.git,3273244,2019-11-24,2025-11-04T09:08:42,"[""airflow"", ""atlas"", ""azkaban"", ""dataworks"", ""davinci"", ""dolphinscheduler"", ""flink"", ""governance"", ""griffin"", ""hadoop"", ""hive"", ""hue"", ""kettle"", ""linkis"", ""spark"", ""supperset"", ""tableau"", ""visualis"", ""workflow"", ""zeppelin""]",3212,1026,55
pingfangushi/screw,java,https://github.com/pingfangushi/screw.git,3273246,2020-06-21,2023-04-13T06:37:44,[],3124,581,12
bridata/dbus,java,https://github.com/bridata/dbus.git,3273247,2017-09-07,2022-11-16T12:38:25,[],1208,545,3
hneemann/digital,java,https://github.com/hneemann/digital.git,3273252,2016-06-28,2026-06-12T05:09:11,"[""circuit"", ""digital-circuits"", ""education"", ""logic"", ""logic-gates"", ""logisim"", ""simulator""]",5783,576,29
keycloak/keycloak-quickstarts,java,https://github.com/keycloak/keycloak-quickstarts.git,3273260,2017-01-11,2026-08-05T05:18:09,[],2346,1057,59
google/j2cl,java,https://github.com/google/j2cl.git,3273261,2017-06-20,2026-08-06T06:43:36,"[""compiler"", ""gwt"", ""j2cl"", ""java"", ""javascript"", ""transpiler"", ""wasm"", ""wasmgc""]",1372,158,69
maning0303/mnimagebrowser,java,https://github.com/maning0303/mnimagebrowser.git,3273267,2017-05-26,2021-11-05T10:38:46,[],713,88,1
nightscoutfoundation/xdrip,java,https://github.com/nightscoutfoundation/xdrip.git,3273269,2016-09-23,2026-08-05T03:35:40,[],1773,1291,90
leonchen83/redis-replicator,java,https://github.com/leonchen83/redis-replicator.git,3273270,2016-08-13,2026-05-07T06:25:18,"[""aof"", ""parser"", ""psync2"", ""rdb"", ""redis"", ""redis-replication"", ""replication""]",997,278,9
featurecat/lizzie,java,https://github.com/featurecat/lizzie.git,3273272,2018-02-24,2023-12-31T03:15:30,[],918,225,33
census-instrumentation/opencensus-java,java,https://github.com/census-instrumentation/opencensus-java.git,3273273,2016-07-28,2023-05-03T05:57:14,[],673,202,58
biglysoftware/biglybt,java,https://github.com/biglysoftware/biglybt.git,3273275,2017-07-20,2026-07-31T09:38:32,"[""bittorrent"", ""bittorrent-client"", ""i2p"", ""p2p"", ""torrent"", ""torrent-client"", ""torrent-downloader"", ""torrent-management""]",1940,172,25
jishenghua/jsherp,java,https://github.com/jishenghua/jsherp.git,3273279,2016-09-20,2026-08-05T01:50:39,"[""erp""]",4481,1486,14
gnembon/fabric-carpet,java,https://github.com/gnembon/fabric-carpet.git,3273281,2019-05-10,2026-07-09T08:18:58,[],2058,308,83
hivemq/hivemq-community-edition,java,https://github.com/hivemq/hivemq-community-edition.git,3273284,2019-04-01,2026-08-06T12:39:34,"[""broker"", ""hivemq"", ""iot"", ""iot-middleware"", ""java"", ""m2m"", ""messaging"", ""mqtt"", ""mqtt-broker"", ""mqtt-protocol"", ""mqtt-server"", ""mqtt5"", ""pubsub""]",1203,285,35
jxnu-liguobin/cs-summary-reflection,java,https://github.com/jxnu-liguobin/cs-summary-reflection.git,3273285,2018-03-03,2022-02-16T11:07:58,[],534,189,8
aof-dev/mcinabox,java,https://github.com/aof-dev/mcinabox.git,3273287,2020-01-31,2023-06-16T04:59:05,"[""android"", ""boatapp"", ""minecraft"", ""minecraft-java-edition"", ""minecraft-launcher""]",1231,180,23
nitrite/nitrite-java,java,https://github.com/nitrite/nitrite-java.git,3273288,2017-04-19,2026-08-06T07:22:09,"[""android"", ""database"", ""documentdb"", ""embedded-database"", ""mobile-database"", ""nosql"", ""object-database"", ""object-storage""]",911,94,20
docile-alligator/infinity-for-reddit,java,https://github.com/docile-alligator/infinity-for-reddit.git,3273290,2018-07-26,2026-08-04T03:35:01,"[""android"", ""java"", ""reddit"", ""reddit-client""]",5408,517,62
line/line-bot-sdk-java,java,https://github.com/line/line-bot-sdk-java.git,3273291,2016-04-12,2026-08-04T02:59:41,"[""bot"", ""java"", ""kotlin"", ""line"", ""linebot"", ""sdk"", ""spring""]",643,929,51
alipay/alipay-easysdk,java,https://github.com/alipay/alipay-easysdk.git,3273292,2020-02-24,2023-12-17T03:27:53,"[""alipay"", ""csharp"", ""java"", ""sdk"", ""tea""]",1032,440,6
nielsbasjes/yauaa,java,https://github.com/nielsbasjes/yauaa.git,3273296,2016-07-04,2026-08-04T06:36:05,"[""analyzer"", ""apache-beam"", ""apache-flink"", ""apache-hive"", ""client-hints"", ""flink"", ""hive"", ""java"", ""nifi-processor"", ""nifi-processors"", ""parse"", ""snowflake"", ""snowplow"", ""snowplowanalytics"", ""trino-plugin"", ""user-agent"", ""user-agent-analysis"", ""user-agent-parser"", ""useragent-parser"", ""useragentparser""]",941,146,19
skriptlang/skript,java,https://github.com/skriptlang/skript.git,3273297,2016-03-08,2026-08-05T08:13:30,"[""bukkit"", ""gradle"", ""hacktoberfest"", ""java"", ""minecraft"", ""scripting-language"", ""skript"", ""spigot""]",1326,451,145
renyuneyun/easer,java,https://github.com/renyuneyun/easer.git,3273299,2016-03-06,2026-07-21T08:01:31,"[""android-application"", ""assistant"", ""automation"", ""hacktoberfest"", ""interoperation""]",968,101,81
thelastpickle/cassandra-reaper,java,https://github.com/thelastpickle/cassandra-reaper.git,3273302,2016-10-13,2026-07-28T11:03:11,"[""apache-cassandra"", ""cassandra"", ""cassandra-clusters"", ""cassandra-repairs"", ""cleanups"", ""compactions"", ""repair-schedules"", ""repairs"", ""snapshots""]",519,234,94
i-net-software/jwebassembly,java,https://github.com/i-net-software/jwebassembly.git,3273304,2017-03-20,2026-08-02T07:58:24,"[""compiler"", ""java"", ""jwebassembly"", ""wasm"", ""webassembly""]",1051,61,7
apache/submarine,java,https://github.com/apache/submarine.git,3273305,2019-09-19,2024-04-03T12:59:35,"[""ai"", ""deep-learning"", ""docker"", ""kubernetes"", ""machine-learning"", ""notebook""]",686,251,64
slackapi/java-slack-sdk,java,https://github.com/slackapi/java-slack-sdk.git,3273306,2016-07-02,2026-08-06T07:49:21,"[""bolt"", ""chatbot"", ""java"", ""jvm-languages"", ""kotlin"", ""slack"", ""slack-api"", ""slack-app"", ""slack-bot"", ""socket-mode"", ""websocket"", ""websocket-client"", ""websockets""]",602,232,96
gluonhq/scenebuilder,java,https://github.com/gluonhq/scenebuilder.git,3273321,2018-05-09,2026-04-17T10:01:37,"[""css"", ""fxml"", ""java"", ""javafx""]",814,232,31
plan-player-analytics/plan,java,https://github.com/plan-player-analytics/plan.git,3273324,2016-12-08,2026-08-02T04:24:34,"[""analytics"", ""bukkit-plugin"", ""bungeecord-plugin"", ""data-collection"", ""fabric-mod"", ""hacktoberfest"", ""mysql"", ""nukkit-plugin"", ""spigot-plugin"", ""sponge-plugin"", ""sqlite"", ""statistics"", ""velocity-plugin"", ""visualization"", ""webserver""]",1020,203,78
apache/ofbiz-framework,java,https://github.com/apache/ofbiz-framework.git,3273326,2017-02-13,2026-08-06T01:48:09,"[""content"", ""database"", ""geospatial"", ""groovy"", ""hacktoberfest"", ""https"", ""java"", ""javascript"", ""network-server"", ""ofbiz"", ""plugins"", ""web-framework"", ""xml""]",1101,705,100
matevip/matecloud,java,https://github.com/matevip/matecloud.git,3273329,2019-10-30,2024-07-28T01:37:54,"[""alibabacloud"", ""cloudspring"", ""jetcache"", ""microservice"", ""microservices-architecture"", ""nacos"", ""nacos-spring-cloud"", ""rbac"", ""rocketmq"", ""saas"", ""spring-boot"", ""spring-cloud"", ""spring-cloud-alibaba"", ""spring-security-oauth2"", ""springboot-admin"", ""springboot-springcloud"", ""springcloud"", ""springcloudalibaba"", ""tenant"", ""vue3""]",1517,414,6
nordic-institute/x-road,java,https://github.com/nordic-institute/x-road.git,3273330,2018-05-20,2026-08-06T02:49:44,"[""data-exchange"", ""hacktoberfest"", ""integration"", ""open-source"", ""x-road""]",828,259,74
networknt/json-schema-validator,java,https://github.com/networknt/json-schema-validator.git,3273341,2016-09-15,2026-07-28T01:32:27,"[""draft"", ""draftv4"", ""draftv6"", ""draftv7"", ""fast"", ""jackson"", ""java"", ""java8"", ""json"", ""json-schema"", ""json-schema-validator"", ""openapi3"", ""v2019-09"", ""v2020-12"", ""v4"", ""v6"", ""v7"", ""yaml""]",1071,349,169
inception-project/inception,java,https://github.com/inception-project/inception.git,3273350,2018-03-27,2026-08-05T06:38:00,"[""active-learning"", ""annotation-editor"", ""annotation-suggestions"", ""annotation-tool"", ""entity-linking"", ""java"", ""knowledge-base"", ""machine-learning"", ""sparql"", ""uima""]",709,170,61
wurst-imperium/wurst7,java,https://github.com/wurst-imperium/wurst7.git,3273352,2019-09-04,2026-08-06T01:51:40,"[""1-20-1"", ""1-21"", ""1-21-1"", ""1-21-4"", ""1-21-8"", ""fabric"", ""fabricmc-mod"", ""hacked-client"", ""java"", ""minecraft"", ""minecraft-client"", ""minecraft-fabric-mod"", ""minecraft-mod"", ""minecraft-utility-mod"", ""modded-minecraft""]",1352,528,73
mingyang66/spring-parent,java,https://github.com/mingyang66/spring-parent.git,3273354,2019-07-04,2026-07-13T08:16:47,[],793,319,2
googlechrome/android-browser-helper,java,https://github.com/googlechrome/android-browser-helper.git,3273356,2019-08-09,2026-07-30T09:18:24,[],822,363,42
rieckpil/blog-tutorials,java,https://github.com/rieckpil/blog-tutorials.git,3273357,2018-06-02,2026-07-27T07:26:17,"[""aws"", ""java"", ""java-ee"", ""jdk"", ""junit"", ""kotlin"", ""maven"", ""microprofile"", ""postgresql"", ""react"", ""spring-boot"", ""spring-framework"", ""spring-security"", ""spring-test"", ""spring-web"", ""spring-webclient"", ""spring-webflux"", ""testcontainers""]",809,750,7
linkedin/litr,java,https://github.com/linkedin/litr.git,3273358,2019-10-17,2025-11-19T01:28:15,[],635,89,18
terrafirmacraft/terrafirmacraft,java,https://github.com/terrafirmacraft/terrafirmacraft.git,3273360,2018-04-25,2026-08-06T01:54:55,"[""minecraft"", ""minecraft-forge-mod"", ""minecraft-mod""]",679,309,92
artipie/artipie,java,https://github.com/artipie/artipie.git,3273361,2020-01-08,2026-06-20T07:16:58,"[""artifact-management"", ""artifact-repository-manager"", ""artipie"", ""binary-repository-manager"", ""brm"", ""free-private-repository"", ""java""]",685,74,28
my-dlq/blog-example,java,https://github.com/my-dlq/blog-example.git,3273365,2019-05-31,2025-09-15T02:49:41,"[""docker"", ""jenkins"", ""kubernetes"", ""springboot"", ""springcloud""]",539,434,3
algorithmzuo/algorithmbasic2020,java,https://github.com/algorithmzuo/algorithmbasic2020.git,3273372,2020-04-28,2023-06-28T05:53:04,[],1197,963,1
opentracksapp/opentracks,java,https://github.com/opentracksapp/opentracks.git,3273374,2019-07-21,2025-08-24T06:42:03,"[""android"", ""bluetooth-low-energy"", ""gps"", ""heartrate"", ""offline"", ""outdoor"", ""privacy"", ""sport"", ""tracking""]",1338,212,144
wangji92/arthas-idea-plugin,java,https://github.com/wangji92/arthas-idea-plugin.git,3273388,2019-12-21,2026-07-17T02:43:16,"[""arthas"", ""arthas-idea-plugin"", ""idea"", ""idea-plugin"", ""intellij-plugin"", ""java-tools""]",641,110,9
karakun/openwebstart,java,https://github.com/karakun/openwebstart.git,3273390,2019-05-20,2026-07-04T02:46:02,[],520,57,17
openapitools/openapi-diff,java,https://github.com/openapitools/openapi-diff.git,3273392,2017-12-12,2026-08-05T10:00:43,"[""api"", ""diff"", ""openapi"", ""openapi-diff"", ""openapi-specification"", ""openapi3"", ""swagger""]",1095,191,63
casid/jte,java,https://github.com/casid/jte.git,3273399,2020-04-17,2026-07-28T08:48:34,"[""html"", ""intellij"", ""java"", ""kotlin"", ""server-side-rendering"", ""template-engine""]",1124,89,48
eclab/edisyn,java,https://github.com/eclab/edisyn.git,3273400,2017-05-29,2026-03-18T03:21:46,[],670,61,7
201206030/novel-cloud,java,https://github.com/201206030/novel-cloud.git,3273401,2020-05-28,2023-05-02T08:27:07,[],900,411,5
getrebuild/rebuild,java,https://github.com/getrebuild/rebuild.git,3273406,2018-05-18,2026-08-06T12:05:37,"[""akaunting"", ""approval-process"", ""business-systems"", ""crm"", ""enterprise"", ""erp"", ""erpnext"", ""file-manager"", ""hr"", ""java"", ""management-system"", ""monica"", ""oa"", ""tms"", ""workflow""]",1035,247,8
netease-im/camellia,java,https://github.com/netease-im/camellia.git,3273421,2020-04-15,2026-07-14T03:38:53,"[""daocache"", ""dbcache"", ""delay-queue"", ""delayqueue"", ""double-write"", ""hot-key"", ""hotkey"", ""id-gen"", ""idgen"", ""idgenerator"", ""netty4"", ""read-write-splitting"", ""redis"", ""redis-cluster-proxy"", ""redis-proxy"", ""redis-sentinel"", ""redisproxy"", ""sharding""]",734,159,21
springdoc/springdoc-openapi-demos,java,https://github.com/springdoc/springdoc-openapi-demos.git,3273725,2019-07-20,2026-08-01T10:03:27,[],597,287,7
endava/cats,java,https://github.com/endava/cats.git,3273976,2020-04-02,2026-07-03T02:08:01,"[""api"", ""fuzzer"", ""java"", ""openapi"", ""rest-api"", ""rest-fuzzer"", ""swagger"", ""testing""]",1360,89,13
osudroid/osu-droid,java,https://github.com/osudroid/osu-droid.git,3273998,2020-03-21,2026-07-31T02:51:24,"[""andengine"", ""android"", ""droid"", ""java"", ""mobile-app"", ""mobile-development"", ""mobilegame"", ""osu"", ""osu-droid"", ""osudroid"", ""osuforandroid"", ""osugame"", ""rhythm"", ""rhythm-game""]",701,107,16
incendo/cloud,java,https://github.com/incendo/cloud.git,3274015,2020-08-30,2026-07-20T10:51:31,"[""command-dispatcher"", ""commands"", ""hacktoberfest"", ""java"", ""java-command-framework"", ""java-commands""]",537,59,35
yangzongzhuan/ruoyi-vue-fast,java,https://github.com/yangzongzhuan/ruoyi-vue-fast.git,3274049,2020-07-19,2026-08-04T05:58:46,"[""admin"", ""axios"", ""druid"", ""element"", ""element-ui"", ""java"", ""jwt"", ""mybatis"", ""quartz"", ""quill"", ""spring"", ""springboot"", ""springsecurity"", ""swagger2"", ""vue"", ""vue-admin"", ""vue-cli"", ""vue-element"", ""vue-element-admin"", ""vuex""]",1137,630,1
eszdman/photoncamera,java,https://github.com/eszdman/photoncamera.git,3274076,2019-09-07,2026-08-02T09:11:11,"[""android"", ""android-camera"", ""camera2-api"", ""computational-photography"", ""computer-vision"", ""gpu-acceleration"", ""image-processing"", ""photography""]",1079,106,23
648540858/wvp-gb28181-pro,java,https://github.com/648540858/wvp-gb28181-pro.git,3274087,2020-11-14,2026-08-06T12:36:28,"[""1078"", ""28181"", ""28181web"", ""808"", ""gb28181"", ""gb28181server"", ""wvp""]",7218,2062,109
abstracta/jmeter-java-dsl,java,https://github.com/abstracta/jmeter-java-dsl.git,3274091,2020-08-12,2026-06-29T08:55:44,"[""azure"", ""blazemeter"", ""java"", ""jmeter"", ""jmx"", ""octoperf"", ""performance"", ""performance-testing""]",533,68,21
alibaba/bytekit,java,https://github.com/alibaba/bytekit.git,3274103,2020-10-21,2026-06-08T08:19:54,[],523,115,6
andreypavlenko/fermata,java,https://github.com/andreypavlenko/fermata.git,3274116,2019-12-23,2026-07-22T01:57:40,[],1217,168,14
palantir/palantir-java-format,java,https://github.com/palantir/palantir-java-format.git,3274166,2019-10-10,2026-08-06T08:57:23,"[""codeformatter"", ""formatter"", ""gofmt"", ""java"", ""octo-correct-managed""]",859,94,91
spring-projects/spring-security-samples,java,https://github.com/spring-projects/spring-security-samples.git,3274221,2020-07-29,2026-06-12T03:42:43,[],1751,797,21
macrozheng/mall,java,https://github.com/macrozheng/mall.git,3274945,2018-04-04,2026-05-14T08:32:05,"[""docker"", ""elasticsearch"", ""elk"", ""java"", ""mongodb"", ""mybatis"", ""mysql"", ""rabbitmq"", ""redis"", ""spring"", ""spring-boot"", ""spring-cloud"", ""spring-security"", ""springboot"", ""springcloud"", ""swagger-ui""]",83609,29695,1
halo-dev/halo,java,https://github.com/halo-dev/halo.git,3275059,2018-03-21,2026-08-06T03:58:11,"[""blog"", ""blog-engine"", ""cms"", ""content-management-system"", ""halo"", ""halocms"", ""website-builder""]",39482,10323,153
googlecontainertools/jib,java,https://github.com/googlecontainertools/jib.git,3275318,2018-01-22,2026-07-15T05:24:20,"[""containers"", ""docker"", ""docker-registry"", ""gradle"", ""gradle-plugin"", ""java"", ""jib"", ""kubernetes"", ""maven"", ""maven-plugin"", ""microservices"", ""oci""]",14435,1475,130
alibaba/atlas,java,https://github.com/alibaba/atlas.git,3275351,2017-02-28,2022-01-27T02:31:30,[],8043,1514,22
google/tsunami-security-scanner,java,https://github.com/google/tsunami-security-scanner.git,3275565,2020-06-03,2026-06-23T04:05:00,[],8589,923,35
kunminx/jetpack-mvvm-best-practice,java,https://github.com/kunminx/jetpack-mvvm-best-practice.git,3275610,2019-10-31,2024-02-07T09:55:33,"[""android"", ""androidx"", ""databinding"", ""databinding-android"", ""jetpack"", ""jetpack-android"", ""jetpack-lifecycle-components"", ""jetpack-navigation"", ""livedata"", ""livedata-viewmodel"", ""music"", ""music-player"", ""mvvm"", ""mvvm-android"", ""mvvm-architecture"", ""navigation""]",8572,1604,4
wxiaoqi/spring-cloud-platform,java,https://github.com/wxiaoqi/spring-cloud-platform.git,3275660,2017-05-25,2024-08-29T01:07:53,"[""jwt"", ""spring-boot"", ""spring-cloud"", ""spring-cloud-alibaba"", ""spring-cloud-gateway"", ""spring-cloud-loadbalancer""]",6343,2394,4
sofastack/sofa-rpc,java,https://github.com/sofastack/sofa-rpc.git,3275768,2018-04-09,2026-07-23T09:54:20,"[""hessian"", ""http2"", ""protobuf"", ""restful"", ""rpc-framework"", ""sofa-bolt"", ""sofa-rpc"", ""sofastack""]",3920,1202,86
runelite/runelite,java,https://github.com/runelite/runelite.git,3275771,2016-04-30,2026-08-06T04:15:08,"[""oldschool-runescape"", ""osrs"", ""runescape""]",5429,5795,358
xuexiangjys/xui,java,https://github.com/xuexiangjys/xui.git,3275774,2019-01-07,2025-04-23T04:28:32,"[""android"", ""android-ui"", ""styles"", ""theme"", ""ui-components"", ""x-library"", ""xui""]",4993,849,1
trojan-gfw/igniter,java,https://github.com/trojan-gfw/igniter.git,3275775,2018-11-08,2023-11-27T02:43:57,[],3297,739,10
yanzhenjie/andserver,java,https://github.com/yanzhenjie/andserver.git,3275776,2016-06-14,2023-06-07T08:04:09,"[""android-server"", ""http-server"", ""springmvc"", ""web-server"", ""website""]",3407,714,6
rubenlagus/telegrambots,java,https://github.com/rubenlagus/telegrambots.git,3275778,2016-01-14,2026-08-02T11:04:46,"[""java"", ""java-library"", ""jitpack"", ""maven"", ""polling"", ""spring-boot"", ""telegram"", ""telegram-bot"", ""telegram-bots-api"", ""webhook""]",5499,1358,111
tchiotludo/akhq,java,https://github.com/tchiotludo/akhq.git,3275782,2018-09-09,2026-08-06T12:31:23,"[""gui"", ""java"", ""kafka"", ""kafka-tools"", ""kafka-ui"", ""kafka-utils"", ""kafkahq""]",3842,787,214
apache/servicecomb-java-chassis,java,https://github.com/apache/servicecomb-java-chassis.git,3275784,2017-05-18,2026-07-01T07:32:28,"[""servicecomb""]",1941,817,142
jetbrains/skija,java,https://github.com/jetbrains/skija.git,3275785,2020-04-06,2023-08-14T01:50:37,"[""2d"", ""graphics"", ""java"", ""skia""]",2586,130,24
201206030/fiction_house,java,https://github.com/201206030/fiction_house.git,3275787,2019-11-11,2021-11-11T07:26:08,[],2681,846,2
tlaplus/tlaplus,java,https://github.com/tlaplus/tlaplus.git,3275788,2016-02-02,2026-07-31T06:58:20,"[""algorithms"", ""high-performance"", ""java"", ""mit-license"", ""model-checking"", ""specifications"", ""tla"", ""verification""]",2990,263,51
doocs/leetcode,java,https://github.com/doocs/leetcode.git,3275789,2018-09-16,2026-08-05T12:13:37,"[""algorithms"", ""cpp"", ""csharp"", ""golang"", ""java"", ""javascript"", ""leetcode"", ""python3""]",36417,9463,189
neo4j-contrib/neo4j-apoc-procedures,java,https://github.com/neo4j-contrib/neo4j-apoc-procedures.git,3275790,2016-02-25,2026-08-06T05:36:06,"[""graph-algorithms"", ""graph-database"", ""hacktoberfest"", ""neo4j"", ""neo4j-plugin"", ""stored-procedures""]",1868,498,134
google/flogger,java,https://github.com/google/flogger.git,3275791,2018-04-12,2026-08-06T04:10:45,"[""logging""]",1479,131,41
gsantner/markor,java,https://github.com/gsantner/markor.git,3275792,2017-08-26,2026-08-05T08:35:16,"[""android-app"", ""asciidoc"", ""class"", ""clipboard"", ""editor"", ""education"", ""hacktoberfest"", ""markdown"", ""markdown-editor"", ""org-mode"", ""orgmode"", ""plaintext"", ""school"", ""syncthing"", ""task-list"", ""todo"", ""todolist"", ""todotxt"", ""university"", ""zim-wiki""]",5948,520,125
spring-projects/spring-kafka,java,https://github.com/spring-projects/spring-kafka.git,3275793,2016-03-02,2026-08-06T06:26:42,[],2494,1747,260
col-e/recaf,java,https://github.com/col-e/recaf.git,3275795,2017-07-27,2026-07-28T10:20:13,"[""agent"", ""asm"", ""bytecode"", ""bytecode-engineering"", ""bytecode-manipulation"", ""decompile"", ""decompiler"", ""java"", ""java-decompiler"", ""javafx"", ""javafx-application"", ""jvm-bytecode"", ""reverse-engineering"", ""static-analysis""]",7303,533,46
apache/rocketmq-spring,java,https://github.com/apache/rocketmq-spring.git,3275796,2018-10-15,2026-07-24T01:24:32,"[""rocketmq""]",2271,943,70
flowci/flow-core-x,java,https://github.com/flowci/flow-core-x.git,3275799,2017-05-03,2025-03-08T06:52:10,"[""build-automation"", ""build-pipelines"", ""ci"", ""ci-cd"", ""continuous-integration"", ""devops"", ""docker"", ""java""]",1612,122,4
springdoc/springdoc-openapi,java,https://github.com/springdoc/springdoc-openapi.git,3275800,2019-07-11,2026-08-01T10:16:04,"[""java"", ""json-format"", ""kotlin"", ""oauth2"", ""openapi"", ""openapi-spec"", ""openapi-specification"", ""openapi3"", ""rest-api"", ""spring"", ""spring-boot"", ""spring-data-rest"", ""spring-hateoas"", ""spring-security"", ""spring-webflux"", ""springdoc-openapi"", ""swagger"", ""swagger-documentation"", ""swagger-ui"", ""yaml-format""]",3734,597,118
tmobile/pacbot,java,https://github.com/tmobile/pacbot.git,3275801,2018-09-18,2022-12-08T04:43:24,[],1196,268,30
manifold-systems/manifold,java,https://github.com/manifold-systems/manifold.git,3275803,2017-06-07,2026-08-06T05:37:17,"[""android-studio"", ""delegation"", ""duck-typing"", ""extension-methods"", ""graphql"", ""graphql-java"", ""intellij"", ""java"", ""java-development"", ""java-sql"", ""java-tooling"", ""js-java-interoperability"", ""json"", ""manifold"", ""metaprogramming"", ""preprocessor"", ""reflection-framework"", ""structural-typing"", ""template-engine"", ""type-providers""]",2757,134,15
quarkusio/quarkus-quickstarts,java,https://github.com/quarkusio/quarkus-quickstarts.git,3275804,2018-12-03,2026-08-05T12:05:54,[],2184,1542,156
google/conscrypt,java,https://github.com/google/conscrypt.git,3275806,2016-12-12,2026-07-15T08:38:20,[],1398,324,87
techa03/goodskill,java,https://github.com/techa03/goodskill.git,3275810,2016-12-10,2026-07-07T11:52:35,"[""ai"", ""java"", ""oauth2"", ""sharding-jdbc"", ""spring-boot"", ""springcloud"", ""springcloudalibaba""]",2400,517,5
etcd-io/jetcd,java,https://github.com/etcd-io/jetcd.git,3275811,2016-07-20,2026-07-28T05:32:29,[],1165,314,87
cloudburstmc/nukkit,java,https://github.com/cloudburstmc/nukkit.git,3275813,2017-12-04,2026-08-05T08:13:47,"[""bedrock"", ""bedrock-edition"", ""bedrock-engine"", ""java"", ""mcbe"", ""mcbe-server"", ""mcpe"", ""mcpe-server"", ""minecraft"", ""minecraft-server"", ""nukkit"", ""pocket-edition""]",1353,430,171
pgjdbc/r2dbc-postgresql,java,https://github.com/pgjdbc/r2dbc-postgresql.git,3275814,2018-06-11,2026-07-03T01:37:57,"[""database"", ""java"", ""postgresql"", ""reactive"", ""reactive-streams""]",1093,190,65
yangfuhai/jboot,java,https://github.com/yangfuhai/jboot.git,3275817,2017-05-24,2025-07-11T03:15:08,"[""activemq"", ""ehcache"", ""grpc"", ""jboot"", ""jfinal"", ""metrics"", ""motan"", ""rabbitmq"", ""redis"", ""redismq"", ""thrift"", ""undertow""]",728,251,33
sqlancer/sqlancer,java,https://github.com/sqlancer/sqlancer.git,3275818,2020-04-03,2026-08-03T01:44:32,"[""cockroachdb"", ""dbms"", ""dbms-testing"", ""fuzzing"", ""mariadb"", ""mysql"", ""postgresql"", ""sql"", ""sqlite"", ""testing"", ""tidb""]",1744,398,68
afkt/devutils,java,https://github.com/afkt/devutils.git,3275820,2018-09-07,2026-06-27T08:48:04,"[""android"", ""compose"", ""coroutines"", ""databinding"", ""hilt"", ""jetpack"", ""kotlin"", ""leakcanary"", ""library"", ""lifecycle"", ""mvvm"", ""navigation"", ""okhttp"", ""permission"", ""retrofit"", ""room"", ""utils"", ""viewbinding"", ""viewmodel"", ""workmanager""]",1601,317,1
rsksmart/rskj,java,https://github.com/rsksmart/rskj.git,3275822,2017-05-16,2026-08-05T09:37:37,[],693,281,70
developersu/ns-usbloader,java,https://github.com/developersu/ns-usbloader.git,3275824,2019-02-10,2026-01-25T09:09:27,"[""gui"", ""ns"", ""nsp"", ""tinfoil"", ""usb""]",2172,138,18
giscience/openrouteservice,java,https://github.com/giscience/openrouteservice.git,3275826,2017-09-11,2026-08-06T11:55:52,"[""directions-api"", ""isochrones"", ""matrix"", ""openstreetmap"", ""osm"", ""routing"", ""routing-engine""]",1945,478,60
corretto/corretto-11,java,https://github.com/corretto/corretto-11.git,3275833,2019-02-11,2026-07-24T08:57:32,[],675,116,141
beehive-lab/tornadovm,java,https://github.com/beehive-lab/tornadovm.git,3275835,2018-09-07,2026-08-06T05:48:33,"[""ai"", ""cuda"", ""cuda-programming"", ""gpu-acceleration"", ""gpu-computing"", ""gpus"", ""graalvm"", ""java"", ""levelzero"", ""multi-core"", ""nvidia"", ""opencl"", ""parallel-computing"", ""parallel-programming""]",1482,136,28
alibaba/alibaba-rsocket-broker,java,https://github.com/alibaba/alibaba-rsocket-broker.git,3275838,2019-11-27,2024-06-05T06:52:54,"[""alibaba"", ""broker"", ""grpc"", ""iot"", ""rpc"", ""rsocket"", ""service-mesh""]",760,164,15
marquezproject/marquez,java,https://github.com/marquezproject/marquez.git,3275839,2018-07-05,2026-07-23T03:12:13,"[""data-dictionary"", ""data-discovery"", ""data-ecosystem-metadata"", ""data-governance"", ""data-lineage"", ""data-ops"", ""data-provenance"", ""marquez"", ""metadata"", ""metadata-service""]",2249,407,104
viaversion/viaversion,java,https://github.com/viaversion/viaversion.git,3275841,2016-02-28,2026-08-05T03:50:38,"[""bukkit"", ""bungeecord"", ""fabric"", ""hacktoberfest"", ""java"", ""java-edition"", ""minecraft"", ""paper"", ""plugin"", ""spigot"", ""sponge"", ""sponge-plugin"", ""velocity"", ""viaversion""]",1603,335,116
firebase/snippets-android,java,https://github.com/firebase/snippets-android.git,3275843,2017-06-27,2026-08-06T09:53:28,[],818,429,28
elastic/apm-agent-java,java,https://github.com/elastic/apm-agent-java.git,3275848,2018-02-12,2026-08-06T08:15:47,"[""apm"", ""tracing""]",592,333,100
teamnewpipe/newpipeextractor,java,https://github.com/teamnewpipe/newpipeextractor.git,3275849,2017-03-01,2026-08-05T01:11:22,"[""bandcamp"", ""crawler"", ""extractor"", ""mediaccc"", ""newpipe"", ""peertube"", ""scraper"", ""soundcloud"", ""youtube""]",1931,585,85
xuexiangjys/templateappproject,java,https://github.com/xuexiangjys/templateappproject.git,3275850,2019-05-05,2024-03-14T05:00:37,"[""template-project"", ""x-templateproject""]",806,231,1
mercyblitz/geekbang-lessons,java,https://github.com/mercyblitz/geekbang-lessons.git,3275856,2019-12-06,2023-07-06T02:46:38,[],848,1343,3
openidentityplatform/openam,java,https://github.com/openidentityplatform/openam.git,3275857,2017-08-09,2026-08-06T03:19:56,"[""aaa"", ""access"", ""access-management"", ""accounting"", ""active-directory"", ""authentication"", ""authorization"", ""federation"", ""kerberos"", ""oauth"", ""oauth2"", ""oidc"", ""openam"", ""opensso"", ""policy"", ""saml"", ""sso"", ""webauthn"", ""zero-trust"", ""zta""]",881,177,76
creators-of-create/create,java,https://github.com/creators-of-create/create.git,3275859,2019-07-18,2026-07-08T02:10:05,"[""hacktoberfest"", ""minecraft"", ""neoforge""]",4338,1361,256
housepower/clickhouse-native-jdbc,java,https://github.com/housepower/clickhouse-native-jdbc.git,3275861,2018-05-14,2025-06-22T09:22:59,"[""analytics"", ""clickhouse"", ""clickhouse-client"", ""database"", ""jdbc"", ""spark"", ""tcp-protocol""]",538,148,30
vaadin/platform,java,https://github.com/vaadin/platform.git,3275864,2017-05-19,2026-08-06T03:06:52,"[""flow"", ""java"", ""javascript"", ""vaadin"", ""vaadin-platform""]",672,86,57
tencentcloud/tencentcloud-sdk-java,java,https://github.com/tencentcloud/tencentcloud-sdk-java.git,3275865,2018-04-17,2026-08-06T07:11:29,[],580,281,23
openjdk/jmc,java,https://github.com/openjdk/jmc.git,3275869,2019-05-15,2026-07-17T04:06:28,"[""hacktoberfest"", ""hacktoberfest2025"", ""java"", ""jmc"", ""mission-control"", ""openjdk""]",984,202,50
devgianlu/aria2app,java,https://github.com/devgianlu/aria2app.git,3275874,2018-09-27,2026-05-13T04:03:49,"[""android"", ""aria2"", ""aria2-gui""]",1514,110,6
omnetpp/omnetpp,java,https://github.com/omnetpp/omnetpp.git,3275877,2018-12-03,2026-05-27T09:04:06,"[""academic"", ""c-plus-plus"", ""discrete-event"", ""framework"", ""network-protocols"", ""network-simulation"", ""omnet"", ""omnetpp"", ""protocols"", ""research"", ""simulation"", ""simulation-kernel""]",737,173,16
openremote/openremote,java,https://github.com/openremote/openremote.git,3275878,2016-02-03,2026-08-06T01:53:08,"[""asset-management"", ""building"", ""dashboard"", ""dataplatform"", ""device-management"", ""edge-computing"", ""energy"", ""energy-management"", ""energy-monitor"", ""fleet-management"", ""fleet-telematics"", ""iot"", ""iot-application"", ""iot-platform"", ""modbus"", ""mqtt"", ""mqtt-broker"", ""ota-update"", ""rules-engine"", ""smartcity""]",1833,455,49
awslabs/aws-athena-query-federation,java,https://github.com/awslabs/aws-athena-query-federation.git,3275882,2019-10-15,2026-08-05T04:51:52,[],610,347,104
openjdk/jmh,java,https://github.com/openjdk/jmh.git,3275888,2019-05-15,2026-07-14T02:46:24,[],2654,334,54
anthonyraymond/joal,java,https://github.com/anthonyraymond/joal.git,3275889,2017-02-17,2026-07-15T08:00:15,"[""command-line"", ""docker"", ""fake"", ""faker"", ""ratio"", ""ratiomaster"", ""torrent"", ""torrent-tracker""]",819,89,8
kunminx/jetpack-mvvm-scaffold,java,https://github.com/kunminx/jetpack-mvvm-scaffold.git,3275890,2020-05-21,2023-09-20T02:11:42,"[""jetpack"", ""jetpack-android"", ""jetpack-navigation"", ""jetpackmvvm"", ""lifecycle"", ""lifecycles"", ""livedata"", ""mvvm"", ""mvvm-android"", ""mvvm-architecture"", ""mvvm-databing"", ""navigation"", ""viewmodel""]",951,118,1
varunu28/leetcode-java-solutions,java,https://github.com/varunu28/leetcode-java-solutions.git,3275903,2017-07-24,2026-08-06T04:22:38,"[""algorithms"", ""java"", ""leetcode"", ""leetcode-java"", ""leetcode-solutions""]",722,382,1
junit-pioneer/junit-pioneer,java,https://github.com/junit-pioneer/junit-pioneer.git,3275910,2016-11-17,2026-05-27T09:11:53,"[""java"", ""junit5"", ""testing""]",613,86,48
skjolber/3d-bin-container-packing,java,https://github.com/skjolber/3d-bin-container-packing.git,3275914,2016-04-20,2026-08-05T02:05:34,"[""2d-bin-packing"", ""3d-bin-packing"", ""bin-packing"", ""brute-force"", ""deadline"", ""java""]",556,149,13
patzly/grocy-android,java,https://github.com/patzly/grocy-android.git,3275925,2020-04-06,2026-08-04T05:20:06,"[""android"", ""android-app"", ""app"", ""barcode-scanning"", ""groceries"", ""grocy"", ""grocy-android"", ""material-components""]",1178,134,32
apicurio/apicurio-registry,java,https://github.com/apicurio/apicurio-registry.git,3275936,2019-07-16,2026-08-06T08:18:35,[],897,559,196
intsmaze/flink-boot,java,https://github.com/intsmaze/flink-boot.git,3275939,2020-11-10,2024-04-27T12:05:02,"[""bigdata"", ""flink"", ""flink-boot"", ""java"", ""java-flink"", ""mcv"", ""mybatis"", ""sping"", ""spring-boot"", ""spring-retry""]",787,263,1
openlookeng/hetu-core,java,https://github.com/openlookeng/hetu-core.git,3275945,2020-06-30,2023-10-30T03:16:13,[],554,419,171
cryptomorin/xseries,java,https://github.com/cryptomorin/xseries.git,3275953,2019-06-15,2026-07-04T04:16:52,"[""algorithm"", ""api"", ""bukkit"", ""efficiency"", ""java"", ""java-edition"", ""library"", ""maven"", ""minecraft"", ""minecraft-plugin"", ""mojang-minecraft"", ""packet"", ""papermc"", ""performance"", ""plugin"", ""reflection"", ""spigot"", ""xseries""]",531,145,55
activej/activej,java,https://github.com/activej/activej.git,3275963,2020-05-28,2026-01-09T03:56:16,"[""async"", ""code-generation"", ""dependency-injection"", ""framework"", ""high-performance"", ""java"", ""microservice"", ""microservices"", ""rpc"", ""rpc-framework"", ""serializer"", ""web""]",978,80,8
vassalengine/vassal,java,https://github.com/vassalengine/vassal.git,3275984,2020-04-26,2026-08-06T04:13:00,[],621,134,30
mokee/android_packages_apps_warpshare,java,https://github.com/mokee/android_packages_apps_warpshare.git,3276012,2019-09-28,2023-09-29T06:17:13,[],718,63,6
retrooper/packetevents,java,https://github.com/retrooper/packetevents.git,3276443,2020-04-17,2026-07-25T04:34:07,"[""api"", ""bytebuf"", ""injector"", ""intellij"", ""intellij-ide"", ""java"", ""library"", ""listener"", ""minecraft"", ""netty"", ""packet"", ""packet-wrappers"", ""packetevents"", ""packetwrapper"", ""retrooper"", ""spigot"", ""wrapper""]",893,253,115
kotlin/kotlin-interactive-shell,java,https://github.com/kotlin/kotlin-interactive-shell.git,3276503,2017-04-12,2023-11-07T01:11:19,[],565,38,14
alibaba/testable-mock,java,https://github.com/alibaba/testable-mock.git,3276523,2020-11-10,2023-05-17T11:09:55,[],1700,298,7
subhamtyagi/android-ocr,java,https://github.com/subhamtyagi/android-ocr.git,3276543,2019-11-15,2026-08-06T08:56:26,"[""android"", ""fdroid"", ""foss"", ""image-reader"", ""math-ocr"", ""ocr"", ""ocr-android"", ""ocr-recognition"", ""ocr-text-reader"", ""reader"", ""tesseract""]",580,82,70
alibaba/arthas,java,https://github.com/alibaba/arthas.git,3276742,2018-08-29,2026-07-24T09:44:29,"[""agent"", ""alibaba"", ""arthas"", ""classloader"", ""diagnosis"", ""java"", ""jvm"", ""trace"", ""trouble-shooting""]",37454,7632,224
xkcoding/spring-boot-demo,java,https://github.com/xkcoding/spring-boot-demo.git,3276744,2017-11-10,2024-07-24T02:02:52,"[""demo"", ""in-action"", ""java"", ""spring"", ""spring-boot"", ""spring-boot-2"", ""spring-boot-demo"", ""web"", ""xkcoding""]",32591,10757,11
alibaba/sentinel,java,https://github.com/alibaba/sentinel.git,3276746,2018-04-04,2026-05-27T08:58:51,"[""alibaba"", ""circuit-breaker"", ""cloud-native"", ""java"", ""microservice"", ""microservices"", ""rate-limiting"", ""reliability"", ""resiliency""]",23121,8148,193
tencent/qmui_android,java,https://github.com/tencent/qmui_android.git,3276747,2017-04-21,2024-11-05T06:18:02,"[""android"", ""android-ui"", ""ui-components""]",14451,2677,17
baomidou/mybatis-plus,java,https://github.com/baomidou/mybatis-plus.git,3276749,2016-08-18,2026-08-03T06:30:48,"[""mybatis"", ""mybatis-plus"", ""mybatis-spring"", ""mysql"", ""orm"", ""orm-framework"", ""postgresql"", ""toolkit""]",17446,4451,197
kekingcn/kkfileview,java,https://github.com/kekingcn/kkfileview.git,3276750,2017-12-12,2026-07-13T12:40:46,"[""docx"", ""fileview"", ""fileviewer"", ""java"", ""kkfileview"", ""office"", ""office-view"", ""pdf"", ""word""]",14324,3277,46
nepxion/discovery,java,https://github.com/nepxion/discovery.git,3276751,2018-06-21,2025-08-02T01:10:32,"[""apollo"", ""blue-green-deployment"", ""cloud-native"", ""consul"", ""etcd"", ""eureka"", ""gray-release"", ""hystrix"", ""jaeger"", ""nacos"", ""opentelemetry"", ""opentracing"", ""redis"", ""sentinel"", ""skywalking"", ""spring-cloud"", ""spring-cloud-alibaba"", ""spring-cloud-gateway"", ""zookeeper"", ""zuul""]",5737,1428,11
alibaba/cola,java,https://github.com/alibaba/cola.git,3276754,2018-02-06,2025-06-09T03:26:02,"[""architecture"", ""clean"", ""cola""]",12469,3166,31
dromara/hmily,java,https://github.com/dromara/hmily.git,3276755,2017-09-28,2024-07-14T04:16:31,"[""dubbo"", ""motan"", ""spring"", ""springcloud"", ""tac"", ""tansaction"", ""tcc"", ""xa""]",4093,1400,36
tronprotocol/java-tron,java,https://github.com/tronprotocol/java-tron.git,3276756,2017-12-26,2026-08-06T09:37:33,[],4133,1712,200
spotbugs/spotbugs,java,https://github.com/spotbugs/spotbugs.git,3276758,2016-11-04,2026-08-06T03:02:32,"[""code-analysis"", ""findbugs"", ""hacktoberfest"", ""linter"", ""static-analysis"", ""static-code-analysis""]",3916,672,202
tianshiyeben/wgcloud,java,https://github.com/tianshiyeben/wgcloud.git,3276759,2019-01-15,2026-08-01T01:42:04,"[""agent"", ""cpu"", ""devops"", ""grafana-dashboard"", ""linux"", ""memory"", ""monitoring"", ""monitoring-systems"", ""nagios"", ""prometheus"", ""snmp"", ""snmp-agent"", ""springboot"", ""springboot2"", ""sysstat"", ""webssh2"", ""wgcloud"", ""zabbix""]",5175,906,1
wildfirechat/android-chat,java,https://github.com/wildfirechat/android-chat.git,3276762,2019-01-18,2026-08-06T07:27:13,"[""chat"", ""im"", ""voip""]",2727,1040,10
linkedin/cruise-control,java,https://github.com/linkedin/cruise-control.git,3276763,2017-08-15,2026-07-23T07:56:04,"[""cluster-management"", ""kafka"", ""self-healing""]",3035,647,131
getactivity/xxpermissions,java,https://github.com/getactivity/xxpermissions.git,3276766,2018-06-15,2026-06-21T05:05:46,"[""andpermission"", ""android"", ""androidpermissions"", ""easypermission"", ""permission"", ""permission-android"", ""permissions"", ""permissionsdispatcher"", ""permissionutils"", ""permissionx"", ""rxpermission"", ""rxpermissions""]",6747,896,3
x-ream/sqli,java,https://github.com/x-ream/sqli.git,3276767,2020-08-19,2026-06-30T12:18:18,"[""clickhouse"", ""impala"", ""jdbc"", ""mysql"", ""orm"", ""presto"", ""query-builder"", ""tdengine"", ""xream""]",1715,805,2
apache/netbeans,java,https://github.com/apache/netbeans.git,3276769,2017-09-01,2026-08-05T12:15:12,"[""code-editor"", ""ide"", ""java"", ""netbeans"", ""netbeans-platform""]",3085,938,242
flutter/flutter-intellij,java,https://github.com/flutter/flutter-intellij.git,3276772,2016-07-25,2026-08-05T07:29:36,"[""flutter"", ""intellij-plugin"", ""java""]",2013,350,68
rebooters/androidanimationexercise,java,https://github.com/rebooters/androidanimationexercise.git,3276775,2016-08-08,2026-07-21T06:53:19,"[""android"", ""android-view"", ""animation"", ""apk"", ""asm"", ""bitmap"", ""coroutine"", ""coroutines-android"", ""gradle"", ""gradle-plugin"", ""gradle-plugin-development"", ""gradle-script"", ""imitate"", ""jetpack-android"", ""motionlayout"", ""transform"", ""view"", ""viewpager""]",2105,365,3
braisdom/objectivesql,java,https://github.com/braisdom/objectivesql.git,3276776,2020-07-09,2024-05-06T07:03:37,"[""activerecord"", ""java"", ""java-api"", ""java-orm"", ""objsql"", ""orm"", ""orm-framework"", ""rapid-development"", ""sql"", ""sql-programming""]",1264,161,10
actiontech/dble,java,https://github.com/actiontech/dble.git,3276781,2017-08-24,2025-08-13T02:57:12,"[""dble"", ""distributed-database"", ""mysql"", ""mysql-sharding"", ""sharding""]",1113,319,28
mycatapache/mycat2,java,https://github.com/mycatapache/mycat2.git,3276782,2017-08-04,2023-08-15T09:17:05,"[""async"", ""calcite"", ""java"", ""jdbc"", ""joinclustering"", ""mariadb"", ""mgr"", ""mha"", ""mycat"", ""mysql"", ""nio"", ""proxy"", ""rxjava"", ""server"", ""sharding"", ""slice"", ""sql"", ""transcation"", ""vertx"", ""xa""]",1513,468,11
dunwu/javacore,java,https://github.com/dunwu/javacore.git,3276783,2017-08-18,2026-01-06T02:51:30,"[""concurrent"", ""io"", ""java"", ""javacore"", ""jdk"", ""jre"", ""jvm"", ""nio""]",3332,552,10
eclipse-vertx/vertx-sql-client,java,https://github.com/eclipse-vertx/vertx-sql-client.git,3276784,2017-04-30,2026-08-05T08:27:38,"[""async"", ""mssql"", ""mysql"", ""netty"", ""non-blocking"", ""performance"", ""pg"", ""postgres"", ""reactive"", ""scalability"", ""vertx""]",912,208,56
jetlinks/jetlinks-community,java,https://github.com/jetlinks/jetlinks-community.git,3276785,2020-01-02,2026-08-06T11:11:54,"[""iot"", ""iot-platform"", ""java"", ""jetlinks"", ""mqtt"", ""netty"", ""r2dbc"", ""reactive-streams"", ""reactor"", ""rule-engine"", ""spring-boot"", ""tcp"", ""webflux"", ""websocket""]",6569,1919,25
lbryio/lbry-android,java,https://github.com/lbryio/lbry-android.git,3276786,2017-08-13,2022-11-29T06:07:52,[],2523,115,31
realguoshuai/hadoop_study,java,https://github.com/realguoshuai/hadoop_study.git,3276789,2017-12-15,2026-03-09T01:23:27,"[""hadoop"", ""java""]",924,255,1
dibo-software/diboot,java,https://github.com/dibo-software/diboot.git,3276791,2019-01-24,2026-07-06T08:08:53,"[""flowable"", ""low-code"", ""low-code-framework"", ""mybatis"", ""mybatis-plus"", ""spring"", ""spring-boot"", ""spring-cloud"", ""springboot"", ""vue""]",1605,286,13
yangzongzhuan/ruoyi-vue,java,https://github.com/yangzongzhuan/ruoyi-vue.git,3276792,2019-11-07,2026-08-04T05:58:37,"[""admin"", ""axios"", ""druid"", ""element"", ""element-ui"", ""java"", ""jwt"", ""mybatis"", ""quartz"", ""quill"", ""spring"", ""springboot"", ""springsecurity"", ""swagger2"", ""vue"", ""vue-admin"", ""vue-cli"", ""vue-element"", ""vue-element-admin"", ""vuex""]",3162,1680,88
sagframe/sagacity-sqltoy,java,https://github.com/sagframe/sagacity-sqltoy.git,3276794,2018-02-02,2026-08-05T02:39:49,"[""orm"", ""sagacity"", ""sagacity-orm"", ""sagacity-sqltoy"", ""sql"", ""sql-orm"", ""sqltoy"", ""sqltoy-orm"", ""sqltoy-sql""]",1151,188,5
kirill-grouchnikov/radiance,java,https://github.com/kirill-grouchnikov/radiance.git,3276796,2018-05-07,2026-07-31T07:47:27,"[""animation"", ""components"", ""cross-platform"", ""desktop"", ""icons"", ""kotlin"", ""look-and-feel"", ""svg"", ""swing""]",903,87,7
nomemory/mockneat,java,https://github.com/nomemory/mockneat.git,3276798,2017-01-31,2023-03-27T03:58:47,[],512,46,7
lianjiatech/retrofit-spring-boot-starter,java,https://github.com/lianjiatech/retrofit-spring-boot-starter.git,3276800,2020-04-04,2026-07-23T11:07:18,"[""http"", ""java"", ""okhttp3"", ""retrofit"", ""spring-boot""]",1909,339,8
line/centraldogma,java,https://github.com/line/centraldogma.git,3276803,2017-08-29,2026-08-06T02:19:37,"[""config"", ""config-server"", ""configuration"", ""configuration-management"", ""configuration-server"", ""git"", ""repository"", ""service-configuration"", ""vcs"", ""version-control"", ""zookeeper""]",665,135,47
pivovarit/parallel-collectors,java,https://github.com/pivovarit/parallel-collectors.git,3276807,2019-01-20,2026-08-01T07:41:47,"[""hacktoberfest"", ""parallel-streams"", ""parallelism"", ""stream-api"", ""virtual-threads""]",680,63,6
unicode-org/cldr,java,https://github.com/unicode-org/cldr.git,3276808,2017-09-18,2026-08-06T07:08:29,"[""cldr"", ""unicode""]",1128,434,116
vran-dev/prettyzoo,java,https://github.com/vran-dev/prettyzoo.git,3276816,2019-09-28,2024-01-09T02:17:44,"[""gui"", ""java"", ""javafx"", ""visualizer"", ""zk"", ""zookeeper"", ""zookeeper-gui""]",2941,335,3
neolord0/hwplib,java,https://github.com/neolord0/hwplib.git,3276819,2016-12-22,2026-07-13T08:00:43,"[""hwp"", ""java""]",585,189,13
tensorflow/java,java,https://github.com/tensorflow/java.git,3276820,2019-09-09,2026-07-24T07:02:41,[],925,225,73
neo4j/graph-data-science,java,https://github.com/neo4j/graph-data-science.git,3276822,2019-11-05,2026-08-05T12:53:48,"[""graph"", ""graph-algorithms"", ""graph-data-science"", ""hacktoberfest"", ""neo4j""]",809,202,49
open-telemetry/opentelemetry-java-instrumentation,java,https://github.com/open-telemetry/opentelemetry-java-instrumentation.git,3276825,2019-09-25,2026-08-06T02:55:10,[],2600,1127,369
zuihou/lamp-boot,java,https://github.com/zuihou/lamp-boot.git,3276826,2019-09-29,2024-10-15T03:19:36,"[""mybatis"", ""saas"", ""springboot"", ""springcloud""]",638,203,2
seancfoley/ipaddress,java,https://github.com/seancfoley/ipaddress.git,3276830,2016-07-19,2026-07-31T02:57:06,"[""android"", ""cidr"", ""go"", ""golang"", ""groovy"", ""ip-address"", ""ipaddress"", ""ipv4"", ""ipv4-address"", ""ipv4-network"", ""ipv4-subnetting"", ""ipv6"", ""ipv6-address"", ""ipv6-network"", ""ipv6-subnetting"", ""java"", ""kotlin"", ""mac-address"", ""scala"", ""subnet""]",534,73,1
datageartech/datagear,java,https://github.com/datageartech/datagear.git,3276833,2020-02-22,2026-07-15T03:26:20,"[""bi"", ""business-intelligence"", ""chart"", ""data-analysis"", ""data-analytics"", ""data-visualization"", ""echarts""]",1706,376,5
intellectualsites/fastasyncworldedit,java,https://github.com/intellectualsites/fastasyncworldedit.git,3276838,2018-12-20,2026-08-06T05:23:28,"[""bukkit"", ""bukkit-plugin"", ""fastasyncworldedit"", ""fawe"", ""hacktoberfest"", ""minecraft"", ""minecraft-mod"", ""minecraft-pe"", ""minecraft-performance"", ""minecraft-plugin"", ""minecraft-pocket-edition"", ""spigot"", ""spigot-plugin"", ""worldedit""]",797,376,152
l42111996/java-kcp,java,https://github.com/l42111996/java-kcp.git,3276977,2018-09-26,2026-05-28T04:29:54,"[""arq"", ""fec"", ""java"", ""kcp"", ""moba"", ""netty"", ""reedsolomon"", ""reliable-udp"", ""udp""]",532,153,2
alphawallet/alpha-wallet-android,java,https://github.com/alphawallet/alpha-wallet-android.git,3277102,2018-02-04,2026-06-28T05:11:43,"[""android"", ""blockchain"", ""blockchain-wallet"", ""erc20"", ""erc721"", ""ethereum"", ""smart-contracts"", ""wallet"", ""xdai""]",646,575,73
cassandre-tech/cassandre-trading-bot,java,https://github.com/cassandre-tech/cassandre-trading-bot.git,3277467,2020-02-06,2025-02-01T02:49:26,"[""binance"", ""bitcoin"", ""bot"", ""coinbase"", ""crypto-trading"", ""crypto-trading-bot"", ""cryptocurrency"", ""cryptotrading"", ""java"", ""kucoin"", ""market"", ""spring"", ""spring-boot-starter"", ""sprint-boot"", ""ta4j"", ""technical-analysis"", ""trades"", ""trading"", ""trading-bot"", ""trading-strategies""]",592,174,11
hiparker/opsli-boot,java,https://github.com/hiparker/opsli-boot.git,3277469,2020-09-13,2026-04-20T12:32:34,"[""admin"", ""codegenerator"", ""element-ui"", ""jwt"", ""low-code"", ""mybatis"", ""opsli"", ""opsli-boot"", ""opsli-ui"", ""oss"", ""redis"", ""redisson"", ""shiro"", ""spring"", ""spring-boot"", ""springboot"", ""vue""]",1084,225,5
neznamy/tab,java,https://github.com/neznamy/tab.git,3277470,2019-07-25,2026-08-06T05:27:56,[],1086,324,58
sparrowwallet/sparrow,java,https://github.com/sparrowwallet/sparrow.git,3277480,2020-03-22,2026-08-06T12:13:34,"[""bitcoin"", ""bitcoin-wallet""]",2074,308,32
polyhedraldev/terra,java,https://github.com/polyhedraldev/terra.git,3277519,2020-09-08,2026-04-28T05:47:43,"[""data-driven"", ""fabric"", ""fabricmc"", ""fabricmc-mod"", ""hacktoberfest"", ""java"", ""minecraft"", ""minecraft-mod"", ""paper-plugin"", ""papermc"", ""platform-agnostic"", ""terra"", ""terrain-generation"", ""world-generation"", ""world-generator"", ""worldgen""]",813,144,39
kestra-io/kestra,java,https://github.com/kestra-io/kestra.git,3277576,2019-08-24,2026-08-06T08:33:03,"[""ai-agents"", ""automation"", ""control-plane"", ""data-engineering"", ""data-orchestration"", ""data-orchestrator"", ""devops"", ""etl"", ""hacktoberfest"", ""high-availability"", ""infra-automation"", ""infra-ops"", ""infrastructure-as-code"", ""java"", ""low-code"", ""orchestration"", ""pipeline"", ""pipeline-as-code"", ""scheduler"", ""workflow""]",27562,2861,421
nationalsecurityagency/ghidra,java,https://github.com/nationalsecurityagency/ghidra.git,3277644,2019-03-01,2026-08-04T01:46:53,"[""disassembler"", ""reverse-engineering"", ""software-analysis""]",71991,7870,391
alibaba/nacos,java,https://github.com/alibaba/nacos.git,3277647,2018-06-15,2026-08-06T12:01:51,"[""a2a-registry"", ""agent"", ""ai-registry"", ""configuration-management"", ""distributed-configuration"", ""dubbo"", ""istio"", ""kubernetes"", ""mcp"", ""mcp-management"", ""mcp-registry"", ""microservices"", ""nacos"", ""prompt"", ""skills"", ""spring-cloud""]",33242,13284,383
material-components/material-components-android,java,https://github.com/material-components/material-components-android.git,3277648,2016-12-05,2026-06-22T08:10:44,"[""android"", ""material-components"", ""material-design""]",17323,3230,208
tencent/apijson,java,https://github.com/tencent/apijson.git,3277650,2016-11-21,2026-07-29T04:09:30,"[""baas"", ""clickhouse"", ""crud"", ""databricks"", ""elasticsearch"", ""hadoop"", ""hive"", ""influxdb"", ""low-code"", ""lowcode"", ""milvus"", ""nocode"", ""oracle"", ""postgresql"", ""postgresql-database"", ""serverless"", ""snowflake"", ""sqlserver"", ""tdengine"", ""tidb""]",18393,2275,84
thingsboard/thingsboard,java,https://github.com/thingsboard/thingsboard.git,3277651,2016-12-01,2026-08-06T02:00:24,"[""big-data"", ""cloud"", ""coap-server"", ""dashboards"", ""http"", ""iiot"", ""iot"", ""iot-analytics"", ""iot-framework"", ""iot-platform"", ""iot-solutions"", ""lwm2m-server"", ""microservices"", ""middleware"", ""mqtt"", ""snmp"", ""thingsboard"", ""visualization""]",22190,6397,208
openapitools/openapi-generator,java,https://github.com/openapitools/openapi-generator.git,3277652,2018-05-12,2026-08-06T07:41:17,"[""api"", ""api-client"", ""api-server"", ""generator"", ""hacktoberfest"", ""openapi"", ""openapi-generator"", ""openapi3"", ""rest"", ""rest-api"", ""rest-client"", ""restful-api"", ""sdk""]",26651,7634,405
apache/pulsar,java,https://github.com/apache/pulsar.git,3277653,2016-06-28,2026-08-04T04:24:51,"[""event-streaming"", ""messaging"", ""pubsub"", ""pulsar"", ""queuing"", ""streaming""]",15302,3747,364
debezium/debezium,java,https://github.com/debezium/debezium.git,3277657,2016-01-22,2026-08-06T06:33:34,"[""apache-kafka"", ""cdc"", ""change-data-capture"", ""data-pipeline"", ""database"", ""debezium"", ""event-streaming"", ""hacktoberfest"", ""kafka"", ""kafka-connect"", ""kafka-producer""]",12988,2992,362
janusgraph/janusgraph,java,https://github.com/janusgraph/janusgraph.git,3277658,2016-12-26,2026-07-23T04:43:33,"[""bigtable"", ""cassandra"", ""elasticsearch"", ""graph"", ""graph-database"", ""graphdb"", ""gremlin"", ""hbase"", ""solr"", ""tinkerpop""]",5815,1216,159
flowable/flowable-engine,java,https://github.com/flowable/flowable-engine.git,3277659,2016-10-13,2026-08-05T01:40:24,"[""bpmn"", ""java"", ""workflow"", ""workflow-engine""]",9444,2878,281
theonedev/onedev,java,https://github.com/theonedev/onedev.git,3277660,2018-11-06,2026-08-06T05:15:08,"[""ai"", ""ci-cd"", ""devops"", ""git"", ""kanban"", ""packages"", ""self-hosted"", ""workspaces""]",15145,966,32
metersphere/metersphere,java,https://github.com/metersphere/metersphere.git,3277662,2020-02-03,2026-08-06T10:57:30,"[""api-testing"", ""continuous-testing"", ""jmeter"", ""metersphere"", ""postman"", ""swagger"", ""test-automation"", ""testcase"", ""testing"", ""testlink"", ""testlink-alternative""]",13420,2834,99
spring-cloud/spring-cloud-gateway,java,https://github.com/spring-cloud/spring-cloud-gateway.git,3277664,2016-11-16,2026-08-04T11:35:40,"[""api-gateway"", ""java"", ""microservices"", ""proxy"", ""reactor"", ""spring"", ""spring-boot"", ""spring-cloud"", ""spring-cloud-core""]",4898,3472,257
ballerina-platform/ballerina-lang,java,https://github.com/ballerina-platform/ballerina-lang.git,3277665,2016-11-16,2022-05-31T07:10:53,[],3066,686,262
micrometer-metrics/micrometer,java,https://github.com/micrometer-metrics/micrometer.git,3277666,2017-04-10,2026-08-05T09:25:46,"[""cloud-native"", ""java"", ""metrics"", ""microservices"", ""monitoring"", ""observability""]",4877,1124,312
fishercoder1534/leetcode,java,https://github.com/fishercoder1534/leetcode.git,3277667,2016-07-31,2026-08-04T02:51:24,"[""algorithm"", ""apache"", ""bash"", ""data-structures"", ""interview"", ""java"", ""leetcode"", ""leetcode-java"", ""leetcode-questions"", ""leetcode-solutions"", ""leetcoder"", ""mysql""]",3996,1297,25
spring-cloud/spring-cloud-kubernetes,java,https://github.com/spring-cloud/spring-cloud-kubernetes.git,3277669,2016-12-13,2026-08-06T11:34:10,"[""cloud-native"", ""java"", ""kubernetes"", ""microservices"", ""spring"", ""spring-boot"", ""spring-cloud""]",3537,1053,124
rememberber/wepush,java,https://github.com/rememberber/wepush.git,3277673,2017-06-23,2026-07-25T02:25:48,"[""gui"", ""java"", ""mail"", ""message"", ""push"", ""send"", ""sender"", ""sms"", ""swing"", ""wechat"", ""weixin""]",4649,1012,3
strimzi/strimzi-kafka-operator,java,https://github.com/strimzi/strimzi-kafka-operator.git,3277674,2016-05-06,2026-07-29T04:48:39,"[""data-stream"", ""data-streaming"", ""data-streams"", ""hacktoberfest"", ""kafka"", ""kafka-connect"", ""kafka-streams"", ""kubernetes"", ""kubernetes-controller"", ""kubernetes-operator"", ""messaging"", ""openshift""]",5889,1522,323
intel-isl/openbot,java,https://github.com/intel-isl/openbot.git,3277677,2020-07-31,2021-07-22T02:33:15,[],1876,318,16
corona-warn-app/cwa-server,java,https://github.com/corona-warn-app/cwa-server.git,3277678,2020-05-02,2023-05-10T07:59:48,[],1885,380,77
ant-media/ant-media-server,java,https://github.com/ant-media/ant-media-server.git,3277679,2017-03-01,2026-08-05T03:49:24,"[""abr"", ""android-sdk"", ""ant-media"", ""broadcast"", ""cmaf"", ""hls"", ""ios-sdk"", ""live-streaming"", ""low-latency"", ""media-server"", ""open-source"", ""recording"", ""rtmp"", ""rtsp"", ""streaming"", ""streaming-server"", ""ultra-low-latency"", ""video-streaming"", ""webrtc""]",4714,689,38
apache/hudi,java,https://github.com/apache/hudi.git,3277680,2016-12-14,2026-08-06T02:35:39,"[""apacheflink"", ""apachehudi"", ""apachespark"", ""bigdata"", ""data-integration"", ""datalake"", ""hudi"", ""incremental-processing"", ""stream-processing""]",6206,2496,382
kubernetes-client/java,java,https://github.com/kubernetes-client/java.git,3277681,2017-05-08,2026-08-06T03:05:16,[],3993,2108,171
lukas-krecan/shedlock,java,https://github.com/lukas-krecan/shedlock.git,3277682,2016-12-11,2026-08-04T03:41:12,[],4206,569,76
pravega/pravega,java,https://github.com/pravega/pravega.git,3277684,2016-07-11,2025-03-02T05:39:21,"[""data-ingestion"", ""distributed-storage"", ""real-time-data"", ""streaming"", ""streaming-data""]",1992,408,96
reactor/reactor-netty,java,https://github.com/reactor/reactor-netty.git,3277685,2016-08-18,2026-08-06T11:13:16,"[""flux"", ""http"", ""ipc"", ""mono"", ""netty"", ""quic"", ""reactive"", ""reactive-streams"", ""reactor"", ""reactor3"", ""tcp"", ""udp""]",2778,698,114
vertaai/modeldb,java,https://github.com/vertaai/modeldb.git,3277688,2016-10-19,2024-07-11T05:36:25,"[""machine-learning"", ""mit"", ""model-management"", ""model-versioning"", ""modeldb"", ""verta""]",1688,285,50
apache/iotdb,java,https://github.com/apache/iotdb.git,3277689,2018-11-24,2026-08-06T11:06:49,"[""big-data"", ""database"", ""iot"", ""java"", ""nosql"", ""timeseries"", ""tsdb""]",6373,1153,302
iterate-ch/cyberduck,java,https://github.com/iterate-ch/cyberduck.git,3277690,2017-01-20,2026-08-05T10:43:47,"[""azure"", ""backblaze-b2"", ""cloudfront"", ""cryptomator"", ""cyberduck"", ""dracoon"", ""dropbox"", ""ftp"", ""google-drive"", ""google-storage"", ""hubic"", ""irods"", ""onedrive"", ""onedrive-for-business"", ""onedrive-storage"", ""openstack-swift"", ""s3"", ""sftp"", ""sharepoint"", ""webdav""]",4674,362,44
spring-io/start.spring.io,java,https://github.com/spring-io/start.spring.io.git,3277691,2018-11-07,2026-08-06T08:04:05,[],2668,998,131
oracle/tribuo,java,https://github.com/oracle/tribuo.git,3277697,2020-06-16,2026-05-07T07:27:41,"[""classification"", ""clustering"", ""deep-learning"", ""java"", ""machine-learning"", ""ml"", ""nlp"", ""regression""]",1409,196,22
jline/jline3,java,https://github.com/jline/jline3.git,3277698,2016-05-31,2026-08-05T10:58:51,"[""cli"", ""console"", ""java""]",1793,250,115
spring-cloud/spring-cloud-function,java,https://github.com/spring-cloud/spring-cloud-function.git,3277700,2016-09-22,2026-08-06T11:27:09,[],1065,638,121
lets-mica/mica,java,https://github.com/lets-mica/mica.git,3277701,2019-01-23,2026-08-04T12:34:32,"[""java"", ""mica"", ""okhttp3"", ""redis"", ""spring"", ""spring-boot"", ""spring-cloud"", ""swagger""]",2237,376,18
deltachat/deltachat-android,java,https://github.com/deltachat/deltachat-android.git,3277703,2016-07-03,2026-08-06T06:29:13,"[""android"", ""chat"", ""deltachat"", ""email"", ""messenger""]",1790,224,52
reactiverse/es4x,java,https://github.com/reactiverse/es4x.git,3277705,2018-03-14,2025-04-05T05:43:06,"[""graaljs"", ""graalvm"", ""hacktoberfest2021"", ""java"", ""javascript"", ""language-support"", ""typescript"", ""typescript-definitions"", ""vertx""]",888,74,29
unclezs/novelharvester,java,https://github.com/unclezs/novelharvester.git,3277706,2018-12-11,2021-07-16T12:52:14,[],826,171,1
mybatis/mybatis-dynamic-sql,java,https://github.com/mybatis/mybatis-dynamic-sql.git,3277707,2016-11-11,2026-08-04T11:20:54,"[""functional-programming"", ""java-8"", ""kotlin"", ""kotlin-dsl"", ""mybatis"", ""mybatis3"", ""spring-jdbctemplate"", ""sql-dsl"", ""sql-generation"", ""sql-generator""]",1157,218,18
spring-cloud/spring-cloud-contract,java,https://github.com/spring-cloud/spring-cloud-contract.git,3277708,2016-06-12,2026-07-02T01:33:59,"[""cloud-native"", ""consumer-driven-contracts"", ""java"", ""microservices"", ""spring"", ""spring-boot"", ""spring-cloud"", ""spring-cloud-core"", ""testing""]",732,439,150
mozillareality/firefoxreality,java,https://github.com/mozillareality/firefoxreality.git,3277709,2018-01-17,2023-12-28T09:21:48,[],754,225,34
201206030/novel-plus,java,https://github.com/201206030/novel-plus.git,3277710,2020-05-02,2026-06-01T08:27:33,"[""book"", ""crawl"", ""novel"", ""read"", ""spider""]",4618,1494,4
spring-cloud/spring-cloud-openfeign,java,https://github.com/spring-cloud/spring-cloud-openfeign.git,3277711,2018-02-05,2026-08-04T02:44:28,"[""feign"", ""openfeign"", ""spring"", ""spring-cloud""]",1308,830,220
jbangdev/jbang,java,https://github.com/jbangdev/jbang.git,3277712,2019-12-24,2026-08-02T01:42:03,"[""bash"", ""hacktoberfest"", ""java"", ""scripting"", ""shell""]",1848,203,109
taoweiji/mixpush,java,https://github.com/taoweiji/mixpush.git,3277713,2017-06-02,2025-12-15T11:17:50,"[""android"", ""getui"", ""joyrun"", ""mipush"", ""mixpush"", ""push""]",1201,206,3
gentics/mesh,java,https://github.com/gentics/mesh.git,3277714,2016-09-12,2026-08-06T02:18:09,"[""api-first"", ""cms"", ""cms-api"", ""gentics-mesh"", ""graphql-api"", ""headless-cms""]",594,122,29
moxi624/mogu_blog_v2,java,https://github.com/moxi624/mogu_blog_v2.git,3277717,2019-04-29,2025-05-21T04:18:16,"[""blog"", ""element-ui"", ""java"", ""mybatis"", ""spring-boot"", ""springcloud"", ""vue""]",1722,497,25
syndesisio/syndesis,java,https://github.com/syndesisio/syndesis.git,3277719,2017-10-02,2024-07-24T04:56:45,"[""camel"", ""hacktoberfest"", ""integration"", ""integration-services"", ""syndesis""]",594,205,91
placeholderapi/placeholderapi,java,https://github.com/placeholderapi/placeholderapi.git,3277723,2018-03-20,2026-07-05T10:59:20,"[""hacktoberfest""]",970,281,81
jojoldu/blog-code,java,https://github.com/jojoldu/blog-code.git,3277725,2016-08-10,2026-07-27T01:13:55,[],793,329,5
odpi/egeria,java,https://github.com/odpi/egeria.git,3277728,2018-05-31,2026-08-06T02:33:35,"[""data-engineering"", ""data-governance"", ""egeria"", ""governance"", ""hacktoberfest"", ""java"", ""linux-foundation"", ""metadata-management"", ""odpi"", ""odpi-egeria""]",920,264,62
stefan-niedermann/nextcloud-deck,java,https://github.com/stefan-niedermann/nextcloud-deck.git,3277730,2018-10-08,2026-08-05T03:53:12,"[""agile"", ""android"", ""board"", ""card"", ""deck"", ""kanban"", ""nextcloud"", ""nextcloud-deck"", ""scrum"", ""trello"", ""trello-like""]",562,59,23
apache/plc4x,java,https://github.com/apache/plc4x.git,3277910,2017-12-20,2026-08-06T06:34:13,"[""ab"", ""ads"", ""bacnet"", ""c"", ""can"", ""cpp"", ""ethernetip"", ""firmata"", ""go"", ""iot"", ""java"", ""knx"", ""modbus"", ""net"", ""opcua"", ""python"", ""s7"", ""siemens""]",1709,498,96
apache/ozone,java,https://github.com/apache/ozone.git,3278038,2019-10-02,2026-08-06T04:24:41,"[""big-data"", ""hadoop"", ""kubernetes"", ""object-store"", ""s3"", ""storage""]",1248,625,290
google/nomulus,java,https://github.com/google/nomulus.git,3279090,2016-02-29,2026-08-06T05:28:28,[],1803,304,44
tonikelope/megabasterd,java,https://github.com/tonikelope/megabasterd.git,3279092,2016-09-29,2026-06-04T08:27:07,[],5530,640,7
aws/aws-sdk-java-v2,java,https://github.com/aws/aws-sdk-java-v2.git,3279093,2017-06-23,2026-08-06T08:41:58,"[""amazon"", ""aws"", ""aws-sdk"", ""hacktoberfest"", ""java""]",2609,1031,183
synthetichealth/synthea,java,https://github.com/synthetichealth/synthea.git,3279094,2016-06-17,2026-07-22T02:27:28,"[""fhir"", ""health-data"", ""simulation"", ""synthea"", ""synthetic-data"", ""synthetic-population""]",3269,914,83
apache/atlas,java,https://github.com/apache/atlas.git,3279095,2017-07-22,2026-08-06T05:51:57,"[""apache"", ""atlas"", ""docker"", ""graphdb"", ""java"", ""javascript"", ""python""]",2131,903,145
guardsquare/proguard,java,https://github.com/guardsquare/proguard.git,3279096,2019-03-27,2026-07-03T02:46:13,"[""android"", ""build-tool"", ""java"", ""obfuscator"", ""optimiser"", ""proguard""]",3605,484,47
bazelbuild/intellij,java,https://github.com/bazelbuild/intellij.git,3279098,2016-07-08,2026-08-06T02:16:08,"[""bazel"", ""build-tool"", ""clion"", ""cpp"", ""ide""]",821,342,128
database-rider/database-rider,java,https://github.com/database-rider/database-rider.git,3279101,2016-09-16,2026-01-24T12:06:26,"[""cdi"", ""db-testing"", ""dbrider"", ""dbunit"", ""deltaspike"", ""jpa"", ""junit5"", ""micronautfw"", ""quarkus"", ""spring"", ""springboot""]",683,141,50
ldtteam/minecolonies,java,https://github.com/ldtteam/minecolonies.git,3279105,2016-08-13,2026-08-05T10:32:00,"[""forge"", ""gradle"", ""hacktoberfest"", ""java"", ""minecraft"", ""mod""]",848,411,148
quick-perf/quickperf,java,https://github.com/quick-perf/quickperf.git,3279110,2019-06-10,2026-04-27T11:58:22,"[""allocation"", ""hibernate"", ""java-flight-recorder"", ""java-flight-recordings"", ""jdbc"", ""junit"", ""jvm"", ""microservice"", ""microservices"", ""n-plus-1"", ""nplus1"", ""orm"", ""performance"", ""performance-analysis"", ""performance-testing"", ""profiling"", ""spring"", ""spring-boot"", ""spring-data-jpa"", ""sql""]",534,72,26
deptofdefense/androidtacticalassaultkit-civ,java,https://github.com/deptofdefense/androidtacticalassaultkit-civ.git,3279118,2020-06-05,2023-12-28T11:11:53,[],718,271,7
bage2014/study,java,https://github.com/bage2014/study.git,3279123,2018-05-27,2026-08-05T07:44:35,"[""cache"", ""cas"", ""java"", ""jwt"", ""mq"", ""nginx"", ""redis"", ""security"", ""spring"", ""spring-boot"", ""sso"", ""swagger"", ""tomcat"", ""web""]",632,113,1
adorsys/keycloak-config-cli,java,https://github.com/adorsys/keycloak-config-cli.git,3279135,2017-11-09,2026-07-26T08:05:59,"[""automation"", ""configuration-as-code"", ""configuration-management"", ""continuous-integration"", ""export"", ""import"", ""jboss"", ""json"", ""keycloak"", ""keycloak-config-cli"", ""oauth2"", ""rest"", ""spring-boot""]",1168,197,71
oraxen/oraxen,java,https://github.com/oraxen/oraxen.git,3279140,2019-08-20,2026-07-21T12:49:52,"[""java"", ""minecraft"", ""minecraft-plugin"", ""spigot"", ""spigot-plugin""]",731,430,62
openrewrite/rewrite,java,https://github.com/openrewrite/rewrite.git,3279141,2020-05-12,2026-08-06T07:17:08,"[""abstract-syntax-tree"", ""ast"", ""code-search"", ""java"", ""refactoring"", ""refactoring-tools""]",3633,553,263
projectnessie/nessie,java,https://github.com/projectnessie/nessie.git,3279159,2020-04-09,2026-08-05T09:06:24,"[""aws-lambda"", ""data"", ""git"", ""iceberg"", ""java"", ""spark""]",1489,187,80
meteordevelopment/meteor-client,java,https://github.com/meteordevelopment/meteor-client.git,3279171,2020-11-03,2026-07-23T07:37:54,"[""fabricmc"", ""minecraft"", ""minecraft-fabric"", ""minecraft-mod"", ""utility-mod""]",3672,1630,191
ionic-team/capacitor-plugins,java,https://github.com/ionic-team/capacitor-plugins.git,3279243,2020-07-08,2026-08-04T08:54:14,"[""android"", ""capacitor"", ""capacitor-plugin"", ""cross-platform"", ""css"", ""html"", ""ios"", ""java"", ""javascript"", ""pwa"", ""swift""]",672,688,79
streamxhub/streamx,java,https://github.com/streamxhub/streamx.git,3279760,2019-05-27,2022-08-05T03:43:54,[],1913,489,52
micronaut-projects/micronaut-core,java,https://github.com/micronaut-projects/micronaut-core.git,3279807,2018-03-07,2026-08-06T08:03:38,"[""cloudnative"", ""groovy"", ""java"", ""kotlin"", ""microservices"", ""serverless""]",6424,1205,405
awsdocs/aws-doc-sdk-examples,java,https://github.com/awsdocs/aws-doc-sdk-examples.git,3279810,2016-08-18,2026-08-06T01:28:21,"[""aws"", ""cpp"", ""documentation"", ""dotnet"", ""examples"", ""go"", ""java"", ""javascript"", ""php"", ""programming"", ""python"", ""ruby""]",10444,5839,377
netflix/conductor,java,https://github.com/netflix/conductor.git,3279811,2016-12-07,2023-12-22T11:40:04,"[""distributed-systems"", ""grpc"", ""java"", ""javascript"", ""microservice-orchestration"", ""orchestration-engine"", ""orchestrator"", ""reactjs"", ""spring-boot"", ""workflow-automation"", ""workflow-engine"", ""workflow-management"", ""workflows""]",12984,2345,233
geysermc/geyser,java,https://github.com/geysermc/geyser.git,3279814,2019-07-08,2026-08-06T07:48:17,"[""bedrock"", ""bedrock-edition"", ""bedrock-to-java"", ""bungee"", ""fabric"", ""geyser"", ""geysermc"", ""java"", ""java-edition"", ""minecraft"", ""minecraft-bedrock-edition"", ""packet"", ""pe"", ""protocol"", ""proxy"", ""spigot"", ""translator"", ""velocity""]",5732,856,150
google/copybara,java,https://github.com/google/copybara.git,3279819,2016-09-08,2026-08-06T04:11:24,[],3778,337,103
apache/iceberg,java,https://github.com/apache/iceberg.git,3279820,2018-11-19,2026-08-06T05:11:16,"[""apache"", ""hacktoberfest"", ""iceberg""]",9115,3433,407
apple/servicetalk,java,https://github.com/apple/servicetalk.git,3279822,2018-09-07,2026-08-05T11:53:03,"[""framework"", ""grpc"", ""http"", ""http2"", ""java"", ""microservices"", ""netty"", ""reactive"", ""reactive-streams"", ""rpc""]",1035,226,62
googlecloudplatform/dataflowtemplates,java,https://github.com/googlecloudplatform/dataflowtemplates.git,3279823,2018-02-10,2026-08-06T07:37:29,"[""apache-beam"", ""bigquery"", ""bigtable"", ""dataflow-templates"", ""google-cloud-dataflow"", ""google-cloud-spanner"", ""google-cloud-storage""]",1310,1112,222
chengdedeng/waf,java,https://github.com/chengdedeng/waf.git,3279825,2017-06-02,2022-12-20T01:29:12,[],645,203,3
opendistro-for-elasticsearch/sql,java,https://github.com/opendistro-for-elasticsearch/sql.git,3279826,2018-12-19,2022-07-19T10:01:43,[],578,182,39
logicalclocks/hopsworks,java,https://github.com/logicalclocks/hopsworks.git,3279828,2018-07-26,2025-02-10T05:53:39,"[""aws"", ""azure"", ""data-science"", ""feature-engineering"", ""feature-management"", ""feature-store"", ""gcp"", ""governance"", ""hopsworks"", ""kserve"", ""machine-learning"", ""ml"", ""mlops"", ""model-serving"", ""pyspark"", ""python"", ""serverless""]",1190,148,38
stargate/stargate,java,https://github.com/stargate/stargate.git,3279831,2020-08-18,2026-06-16T01:36:30,"[""cassandra"", ""cql"", ""graphql"", ""grpc"", ""java"", ""rest""]",850,171,39
muntashirakon/appmanager,java,https://github.com/muntashirakon/appmanager.git,3279833,2020-05-30,2026-06-29T09:57:31,"[""adb"", ""android"", ""apks"", ""material-design"", ""package-manager""]",8419,495,241
minestom/minestom,java,https://github.com/minestom/minestom.git,3279834,2019-08-03,2026-08-03T09:05:41,"[""java"", ""minecraft"", ""minecraft-api"", ""minecraft-performance"", ""minecraft-server"", ""minestom"", ""nio""]",3243,499,190
consensys/teku,java,https://github.com/consensys/teku.git,3279838,2018-09-07,2026-08-05T11:27:39,"[""beacon-chain"", ""consensys"", ""eth2"", ""eth2-clients"", ""ethereum"", ""java"", ""proof-of-stake"", ""teku""]",777,383,116
hakky54/mutual-tls-ssl,java,https://github.com/hakky54/mutual-tls-ssl.git,3279846,2018-11-11,2026-07-26T08:50:23,"[""certificate"", ""certificate-authority"", ""certificate-signing-request"", ""encryption"", ""https"", ""java"", ""keystore"", ""keytool"", ""kotlin"", ""mutual-authentication"", ""mutual-tls"", ""openssl"", ""scala"", ""security"", ""server"", ""spring-boot"", ""ssl"", ""tls"", ""truststore"", ""two-way-ssl-authentication""]",634,127,10
idempiere/idempiere,java,https://github.com/idempiere/idempiere.git,3279847,2018-02-26,2026-08-04T11:49:34,"[""accounting"", ""business"", ""community"", ""crm"", ""erp"", ""hacktoberfest"", ""idempiere"", ""java"", ""management"", ""open-source"", ""osgi"", ""zk""]",647,467,65
mcreator/mcreator,java,https://github.com/mcreator/mcreator.git,3279852,2020-09-04,2026-07-27T03:39:06,"[""blockly"", ""code-generator"", ""ide"", ""mcreator"", ""minecraft"", ""minecraft-tool"", ""mod-maker"", ""stem""]",1186,202,56
luoye663/e5,java,https://github.com/luoye663/e5.git,3280220,2020-03-05,2023-12-22T08:25:19,"[""spring-boot""]",1512,523,2
microsoft/playwright-java,java,https://github.com/microsoft/playwright-java.git,3280340,2020-09-25,2026-08-04T04:59:25,"[""java"", ""playwright""]",1527,294,44
blackbbc/tucao,java,https://github.com/blackbbc/tucao.git,3289865,2017-01-14,2024-10-22T12:38:35,"[""android"", ""danmakuflamemaster"", ""ijkplayer"", ""kotlin"", ""material-design""]",1016,204,1
hardcore-sushi/droidfs,java,https://github.com/hardcore-sushi/droidfs.git,3293257,2020-07-12,2026-08-06T06:36:13,"[""android"", ""cryfs"", ""encrypted"", ""encryption"", ""filesystem"", ""gocryptfs"", ""video-recording""]",971,71,12
mingjunli/githubapp,java,https://github.com/mingjunli/githubapp.git,3307597,2016-07-15,2018-08-13T11:51:35,[],648,142,0
gsh199449/spider,java,https://github.com/gsh199449/spider.git,3308019,2016-11-24,2026-06-03T01:25:49,"[""cralwer"", ""gatherplatform"", ""spider"", ""text-mining"", ""web-console""]",997,478,3
dayornight/blcs,java,https://github.com/dayornight/blcs.git,3311912,2018-09-17,2024-03-30T01:42:08,[],865,177,2
webauthn4j/webauthn4j,java,https://github.com/webauthn4j/webauthn4j.git,3311916,2018-05-20,2026-08-06T02:35:41,"[""authentication"", ""fido"", ""fido2"", ""java"", ""passkey"", ""passkeys"", ""u2f"", ""webauthn""]",582,96,28
henninghall/react-native-date-picker,java,https://github.com/henninghall/react-native-date-picker.git,3312607,2018-04-08,2025-06-05T06:28:03,"[""date-time-picker"", ""datepicker"", ""datepicker-component"", ""datetime"", ""react-native"", ""react-native-date-time-picker"", ""react-native-datepicker"", ""react-native-time-picker"", ""time-picker"", ""timepicker""]",2380,363,48
datadog/dd-trace-java,java,https://github.com/datadog/dd-trace-java.git,3312956,2017-04-24,2026-08-06T08:43:51,"[""apm"", ""bytebuddy"", ""datadog"", ""datadog-apm"", ""datadoghq"", ""distributed-trace"", ""distributed-tracing"", ""java"", ""javaagent"", ""profiling"", ""tracing""]",727,350,243
smallrye/smallrye-mutiny,java,https://github.com/smallrye/smallrye-mutiny.git,3312958,2019-07-22,2026-08-06T10:08:02,"[""asynchronous"", ""java"", ""jvm"", ""programming"", ""quarkus"", ""reactive"", ""reactive-extensions"", ""reactive-streams"", ""streams"", ""vertx""]",926,146,61
oracle/graal,java,https://github.com/oracle/graal.git,3313009,2016-01-14,2026-07-29T08:28:05,"[""aot"", ""compiler"", ""graalvm"", ""java""]",21651,1802,274
quarkusio/quarkus,java,https://github.com/quarkusio/quarkus.git,3313010,2018-07-06,2026-08-06T04:29:45,"[""cloud-native"", ""hacktoberfest"", ""java"", ""kubernetes"", ""reactive""]",15809,3263,376
apache/beam,java,https://github.com/apache/beam.git,3313322,2016-02-02,2026-08-06T04:08:48,"[""batch"", ""beam"", ""big-data"", ""golang"", ""java"", ""python"", ""sql"", ""streaming""]",8639,4620,304
vespa-engine/vespa,java,https://github.com/vespa-engine/vespa.git,3313842,2016-06-03,2026-08-06T01:11:43,"[""ai"", ""big-data"", ""java"", ""machine-learning"", ""rag"", ""search"", ""search-engine"", ""server"", ""serving-recommendation"", ""tensor"", ""vector"", ""vector-database"", ""vector-search"", ""vespa""]",7039,729,113
lygttpod/supertextview,java,https://github.com/lygttpod/supertextview.git,3313891,2016-10-19,2021-06-15T11:35:48,[],3439,569,4
networknt/light-4j,java,https://github.com/networknt/light-4j.git,3313921,2016-09-09,2026-08-05T11:02:06,"[""cloud"", ""cloud-native"", ""consul"", ""docker"", ""fast"", ""java"", ""java11"", ""java8"", ""lightweight"", ""microservice"", ""microservice-framework"", ""msa"", ""openapi"", ""service-mesh"", ""swagger"", ""zookeeper""]",3671,625,55
jeremyliao/liveeventbus,java,https://github.com/jeremyliao/liveeventbus.git,3313922,2018-07-11,2023-12-25T07:09:57,"[""eventbus"", ""livedata"", ""livedatabus""]",3699,501,2
openliberty/open-liberty,java,https://github.com/openliberty/open-liberty.git,3313924,2017-09-15,2026-08-06T06:58:13,[],1253,663,232
open-telemetry/opentelemetry-java,java,https://github.com/open-telemetry/opentelemetry-java.git,3313925,2019-02-26,2026-08-06T04:57:50,"[""opentelemetry""]",2437,1011,288
yuliskov/smarttubenext,java,https://github.com/yuliskov/smarttubenext.git,3313927,2020-07-28,2023-09-11T07:21:24,"[""android"", ""android-tv"", ""android-tv-box"", ""java"", ""kotlin"", ""retrofit2"", ""rxjava-android""]",12528,797,81
erudika/scoold,java,https://github.com/erudika/scoold.git,3313928,2017-02-03,2026-08-05T01:16:48,"[""clone"", ""cloud-native"", ""community-forums"", ""forum"", ""forum-software"", ""forums"", ""forumsoftware"", ""java"", ""knowledge-base"", ""knowledgebase"", ""q-and-a"", ""questions-and-answers"", ""scoold"", ""self-hosted"", ""spring-boot"", ""stackexchange"", ""stackoverflow"", ""stackoverflow-questions"", ""support-forum"", ""teams""]",920,231,31
ls1intum/artemis,java,https://github.com/ls1intum/artemis.git,3313934,2016-09-29,2026-08-06T08:59:13,"[""apollon"", ""artificial-intelligence"", ""assessment"", ""autograding"", ""automatic-feedback"", ""computer-science"", ""education"", ""education-technology"", ""exam-mode"", ""exercises"", ""feedback"", ""gen-ai"", ""interactive-learning"", ""learning"", ""modeling-exercises"", ""programming-exercises"", ""research"", ""software-engineering"", ""text-exercises"", ""university""]",791,380,303
yangzongzhuan/ruoyi-cloud,java,https://github.com/yangzongzhuan/ruoyi-cloud.git,3313939,2020-05-25,2026-08-04T06:03:15,"[""docker"", ""elasticsearch"", ""elk"", ""fastdfs"", ""feign"", ""java"", ""nacos"", ""oauth2"", ""seata"", ""sentinel"", ""skywalking"", ""springboot"", ""springboot-admin"", ""springcloud"", ""springcloud-alibaba"", ""springcloud-gateway"", ""springsecurity"", ""swagger"", ""vue"", ""zipkin""]",1767,924,52
liujingxing/okhttp-rxhttp,java,https://github.com/liujingxing/okhttp-rxhttp.git,3314443,2019-01-23,2021-05-06T02:54:32,[],2867,342,1
openjdk/jdk,java,https://github.com/openjdk/jdk.git,3314479,2018-09-17,2026-08-06T07:55:19,"[""java"", ""jvm"", ""openjdk""]",23196,6404,195
m66b/fairemail,java,https://github.com/m66b/fairemail.git,3314480,2018-08-02,2026-08-05T07:07:03,"[""android"", ""app"", ""email"", ""privacy"", ""security""]",4523,692,29
pytorch/serve,java,https://github.com/pytorch/serve.git,3314481,2019-10-03,2025-08-06T07:17:08,"[""cpu"", ""deep-learning"", ""docker"", ""gpu"", ""kubernetes"", ""machine-learning"", ""metrics"", ""mlops"", ""optimization"", ""pytorch"", ""serving""]",4346,886,179
mas-elkhanza/simrs-khanza,java,https://github.com/mas-elkhanza/simrs-khanza.git,3315178,2016-12-28,2026-08-06T02:21:44,"[""freesimrs"", ""his"", ""simklinik"", ""simpus"", ""simrs"", ""sirs""]",732,933,1
uyuni-project/uyuni,java,https://github.com/uyuni-project/uyuni.git,3315179,2018-08-02,2026-08-06T08:09:51,"[""container"", ""cucumber"", ""hacktoberfest"", ""hacktoberfest-accepted"", ""java"", ""linux"", ""podman"", ""postgresql"", ""python"", ""reactjs"", ""saltstack"", ""spacewalk"", ""suse-manager"", ""suse-multi-linux-manager"", ""system-management"", ""uyuni""]",571,255,226
cfig/android_boot_image_editor,java,https://github.com/cfig/android_boot_image_editor.git,3315214,2016-04-14,2026-08-06T07:21:40,"[""android-boot"", ""avb"", ""mkboot"", ""mkbootimg"", ""recovery"", ""unpack"", ""vbmeta"", ""vendor-boot""]",1315,297,12
reneargento/algorithms-sedgewick-wayne,java,https://github.com/reneargento/algorithms-sedgewick-wayne.git,3337912,2016-11-27,2025-01-27T12:46:54,[],2282,670,27
googleapis/google-api-java-client-services,java,https://github.com/googleapis/google-api-java-client-services.git,3338702,2018-09-04,2026-08-06T01:14:26,[],723,392,32
atool/fluent-mybatis,java,https://github.com/atool/fluent-mybatis.git,3338714,2019-10-31,2025-12-22T12:15:35,[],808,82,9
apache/shardingsphere,java,https://github.com/apache/shardingsphere.git,3339178,2016-01-18,2026-08-06T02:54:07,"[""bigdata"", ""data-encryption"", ""data-pipeline"", ""database"", ""database-cluster"", ""database-gateway"", ""database-middleware"", ""distributed-database"", ""distributed-sql-database"", ""distributed-transaction"", ""encrypt"", ""mysql"", ""postgresql"", ""read-write-splitting"", ""shard"", ""sql""]",20771,6900,321
anuken/mindustry,java,https://github.com/anuken/mindustry.git,3339179,2017-04-30,2026-07-27T07:28:16,"[""android"", ""desktop"", ""game"", ""java"", ""mindustry"", ""mobile-game"", ""multiplatform"", ""rts"", ""sandbox-game"", ""tower-defense""]",28402,3626,376
proninyaroslav/libretorrent,java,https://github.com/proninyaroslav/libretorrent.git,3339181,2016-10-18,2026-07-24T04:07:11,"[""android"", ""free-torrent-client"", ""freedom-torrent-client"", ""open-source-torrent-client"", ""torrent"", ""torrent-client""]",3697,297,64
packtpublishing/java-coding-problems,java,https://github.com/packtpublishing/java-coding-problems.git,3339185,2019-02-26,2024-11-07T06:02:23,[],760,521,5
pojavlauncherteam/pojavlauncher,java,https://github.com/pojavlauncherteam/pojavlauncher.git,3340689,2020-03-11,2025-09-23T08:12:28,"[""minecraft"", ""minecraft-launcher""]",8400,1630,35
bilde2910/hauk,java,https://github.com/bilde2910/hauk.git,3340709,2019-08-23,2024-05-24T09:05:25,"[""location-sharing"", ""location-tracking""]",577,57,29
jxlsteam/jxls,java,https://github.com/jxlsteam/jxls.git,3370431,2020-03-11,2026-04-07T10:05:06,"[""excel"", ""java"", ""java-library"", ""jxls"", ""reporting"", ""template-engine"", ""templating""]",515,104,25
turms-im/turms,java,https://github.com/turms-im/turms.git,3370432,2019-06-11,2026-03-10T02:15:08,"[""android"", ""c1000k"", ""c10m"", ""chat"", ""desktop"", ""distributed"", ""instant-messaging"", ""ios"", ""java"", ""javascript"", ""storage"", ""swift"", ""turms"", ""typescript"", ""web""]",1904,300,7
dlsc-software-consulting-gmbh/workbenchfx,java,https://github.com/dlsc-software-consulting-gmbh/workbenchfx.git,3372083,2018-09-12,2026-07-27T09:02:20,[],501,66,11
kokorin/jaffree,java,https://github.com/kokorin/jaffree.git,3372087,2017-05-24,2026-03-17T12:53:10,"[""ffmpeg"", ""ffprobe"", ""java"", ""video"", ""wrapper""]",536,90,12
ta-lib/ta-lib,java,https://github.com/ta-lib/ta-lib.git,3377214,2016-08-20,2026-08-06T07:49:37,"[""financial"", ""series-analysis"", ""ta-lib"", ""technical-analysis""]",1651,293,23
openanalytics/shinyproxy,java,https://github.com/openanalytics/shinyproxy.git,3421490,2016-05-18,2026-04-30T02:41:17,"[""containers"", ""docker"", ""docker-swarm"", ""java"", ""kubernetes"", ""shiny"", ""shinyproxy"", ""spring-boot""]",596,159,19
cardboardpowered/cardboard,java,https://github.com/cardboardpowered/cardboard.git,3421497,2020-05-07,2026-07-20T04:31:02,"[""bukkit"", ""fabric"", ""fabric-mod"", ""hacktoberfest"", ""hacktoberfest2021"", ""paper"", ""paper-api"", ""spigot"", ""spigot-api""]",1175,86,21
georgewfraser/java-language-server,java,https://github.com/georgewfraser/java-language-server.git,3477418,2016-03-13,2026-07-18T01:17:29,[],805,159,44
dunwu/db-tutorial,java,https://github.com/dunwu/db-tutorial.git,3477422,2017-08-08,2024-10-08T11:22:25,"[""database"", ""db"", ""elasticsearch"", ""mongodb"", ""mysql"", ""nosql"", ""redis"", ""sql""]",4400,579,4
pnoker/iot-dc3,java,https://github.com/pnoker/iot-dc3.git,3477878,2018-08-28,2026-08-06T01:38:02,"[""cloud-native"", ""data-collection"", ""device-management"", ""distributed-systems"", ""docker"", ""edge-computing"", ""grpc"", ""iiot"", ""iot"", ""java"", ""modbus"", ""mqtt"", ""plc"", ""robotics"", ""siemens"", ""spring-ai"", ""spring-cloud""]",662,229,17
zhaoyachao/zdh_web,java,https://github.com/zhaoyachao/zdh_web.git,3478306,2020-02-03,2026-04-27T01:03:18,"[""bigdata"", ""collection"", ""data"", ""data-collection"", ""datapipeline"", ""datax-web"", ""etl"", ""pipline"", ""scheduler"", ""spark"", ""sparketl""]",529,185,1
fxllong/fisher,java,https://github.com/fxllong/fisher.git,3478337,2017-06-23,2020-12-21T04:21:58,[],632,230,0
bit4woo/knife,java,https://github.com/bit4woo/knife.git,3478339,2018-06-12,2026-06-26T04:55:43,"[""burp"", ""burp-extensions"", ""burp-plugin"", ""burpsuite"", ""burpsuite-extender"", ""cookie"", ""hackbar"", ""header-edit"", ""http-edit"", ""knife"", ""menu"", ""u2c"", ""unicode-to-chinese"", ""update-cookie""]",1940,207,5
siguiyang/spring-cloud-shop,java,https://github.com/siguiyang/spring-cloud-shop.git,3478343,2018-10-14,2023-12-16T07:11:25,"[""apollo"", ""druid"", ""fescar"", ""kafka"", ""mybatis"", ""mybatis-generator"", ""mysql"", ""oauth2"", ""pagehelper"", ""redis"", ""spring-cloud"", ""swagger2"", ""vue"", ""xxl-job""]",905,399,1
zo3i/frpmgr,java,https://github.com/zo3i/frpmgr.git,3478886,2019-02-23,2023-01-30T01:11:40,[],945,268,1
xiaolyuh/layering-cache,java,https://github.com/xiaolyuh/layering-cache.git,3479488,2018-04-23,2025-02-20T03:38:17,[],970,335,6
tencent/matrix,java,https://github.com/tencent/matrix.git,3488781,2018-12-11,2024-07-23T10:46:08,"[""android"", ""apm-client"", ""wechat""]",11493,1869,35
shouheng88/marknote,java,https://github.com/shouheng88/marknote.git,3502160,2018-04-12,2021-11-11T07:22:05,[],759,143,4
billthefarmer/editor,java,https://github.com/billthefarmer/editor.git,3797169,2017-07-08,2026-04-17T02:07:51,"[""android"", ""editor""]",554,94,29
yujian95/hospital,java,https://github.com/yujian95/hospital.git,3797170,2020-02-01,2023-07-23T04:19:17,"[""alisms"", ""jwt"", ""knife4j"", ""mybatis-generator"", ""qiniu-cloud-storage"", ""redis"", ""spring-security"", ""springboot"", ""swagger"", ""uni-app""]",538,238,2
victools/jsonschema-generator,java,https://github.com/victools/jsonschema-generator.git,3797185,2019-05-04,2026-06-23T07:16:45,"[""jackson"", ""java"", ""json-schema"", ""jsonschema-generator""]",559,80,21
netflix/concurrency-limits,java,https://github.com/netflix/concurrency-limits.git,3798208,2017-12-11,2026-01-16T12:05:22,[],3515,324,28
ananas-analytics/ananas-desktop,java,https://github.com/ananas-analytics/ananas-desktop.git,3798213,2019-04-26,2023-02-03T02:43:35,[],564,41,5
romantic-lei/learning-in-practice,java,https://github.com/romantic-lei/learning-in-practice.git,3798754,2020-05-07,2025-06-29T10:25:19,[],703,554,2
yeriomin/yalpstore,java,https://github.com/yeriomin/yalpstore.git,3798759,2016-12-11,2021-11-26T02:41:21,[],2083,237,9
dropsnorz/owlplug,java,https://github.com/dropsnorz/owlplug.git,3798780,2018-01-02,2026-08-05T12:30:13,"[""audio-plugin"", ""audio-unit"", ""java"", ""javafx"", ""juce"", ""lv2"", ""manager"", ""vst""]",500,21,8
didi/turbo,java,https://github.com/didi/turbo.git,3799248,2020-12-29,2026-03-20T06:40:31,"[""bpmn"", ""flow-engine"", ""java"", ""low-code"", ""lowcode"", ""workflow""]",1199,225,9
864381832/xjavafxtool,java,https://github.com/864381832/xjavafxtool.git,3799273,2017-08-27,2025-11-24T12:22:53,"[""java"", ""javafx"", ""jfoenix"", ""tools""]",2192,565,6
windysha/xpatch,java,https://github.com/windysha/xpatch.git,3799275,2019-03-03,2026-01-04T09:04:50,"[""hook"", ""unroot"", ""whale"", ""xpatch"", ""xposed""]",2963,420,7
devahamed/multiviewadapter,java,https://github.com/devahamed/multiviewadapter.git,3799276,2017-01-17,2021-01-01T04:11:30,[],792,140,2
yayaa/locationmanager,java,https://github.com/yayaa/locationmanager.git,3799277,2016-02-11,2021-01-03T01:06:36,[],712,172,8
jesusfreke/smalidea,java,https://github.com/jesusfreke/smalidea.git,3799286,2020-02-24,2023-04-08T04:10:32,[],530,75,5
goxr3plus/xr3player,java,https://github.com/goxr3plus/xr3player.git,3800306,2017-01-10,2025-04-28T03:23:01,"[""audio-formats"", ""audio-player"", ""audio-processing"", ""audio-recorder"", ""audio-visualizer"", ""dropbox-client"", ""java-speech"", ""java-stream-player"", ""javafx"", ""mp3"", ""spectrum-analyzer"", ""speech"", ""stream-player"", ""web-browser""]",743,177,4
freecol/freecol,java,https://github.com/freecol/freecol.git,3800308,2017-08-09,2026-08-02T09:03:46,"[""civilization"", ""colonization"", ""freecol"", ""game"", ""game-colonization"", ""java-game"", ""strategy-game""]",705,203,41
shzlw/poli,java,https://github.com/shzlw/poli.git,3800830,2018-11-27,2022-12-14T03:24:22,[],1921,328,2
isafeblue/trackray,java,https://github.com/isafeblue/trackray.git,3800831,2018-10-29,2023-12-16T04:35:33,"[""pentest"", ""vulnerability""]",1928,375,1
youseries/urule,java,https://github.com/youseries/urule.git,3800832,2017-08-25,2022-12-10T03:12:09,[],1544,680,3
marian-m12l/studio,java,https://github.com/marian-m12l/studio.git,3800835,2019-06-17,2025-10-01T11:53:33,"[""java"", ""vertx3""]",777,141,17
hellochenjinjun/newfastframe,java,https://github.com/hellochenjinjun/newfastframe.git,3801625,2017-08-04,2021-01-06T08:43:20,[],1008,250,0
spawpaw/mybatis-generator-gui-extension,java,https://github.com/spawpaw/mybatis-generator-gui-extension.git,3802020,2017-10-25,2024-12-08T08:34:35,"[""mbg"", ""mbg-gui"", ""mybatis"", ""mybatis-generator"", ""mybatis-generator-gui"", ""mybatis-generator-noxml"", ""mybatis-plugin""]",642,233,5
awspring/spring-cloud-aws,java,https://github.com/awspring/spring-cloud-aws.git,3802585,2020-09-30,2026-08-02T03:06:15,"[""amazon-web-services"", ""aws"", ""java"", ""spring"", ""spring-boot"", ""spring-cloud""]",1114,380,185
naccl/nblog,java,https://github.com/naccl/nblog.git,3802604,2020-07-18,2025-09-05T07:02:14,"[""blog"", ""jwt"", ""mybatis"", ""quartz"", ""redis"", ""springboot"", ""springsecurity"", ""vue""]",2635,582,8
ipipman/javaspringbootsamples,java,https://github.com/ipipman/javaspringbootsamples.git,3803083,2020-12-10,2024-08-10T05:35:32,"[""atomikos"", ""consul"", ""dubbo"", ""dubbo-http"", ""grpc"", ""jedis"", ""nacos"", ""ribbon"", ""rpc"", ""seata"", ""sharding-jdbc"", ""springboot"", ""springcloud"", ""tcc"", ""thrift""]",709,195,4
powerjob/powerjob,java,https://github.com/powerjob/powerjob.git,3803098,2020-03-16,2026-03-07T04:58:29,"[""cron"", ""distributed"", ""java"", ""job"", ""job-scheduler"", ""mapreduce"", ""scheduler"", ""workflow""]",7705,1370,26
sofastack/sofa-bolt,java,https://github.com/sofastack/sofa-bolt.git,3803099,2018-04-09,2025-10-18T08:57:06,"[""java"", ""netty"", ""sofa-bolt"", ""sofa-rpc"", ""sofastack""]",2498,871,24
erupts/erupt,java,https://github.com/erupts/erupt.git,3803103,2020-09-15,2026-08-04T11:02:57,"[""admin"", ""ai"", ""annotation"", ""erupt"", ""jpa"", ""low-code"", ""mdd"", ""rbac"", ""semantic""]",2754,513,30
zalando/intellij-swagger,java,https://github.com/zalando/intellij-swagger.git,3932370,2016-05-11,2025-06-24T01:17:39,"[""intellij"", ""java"", ""openapi"", ""swagger"", ""swagger-plugin"", ""utilities""]",1180,75,27
facebookincubator/battery-metrics,java,https://github.com/facebookincubator/battery-metrics.git,3932371,2017-09-22,2026-08-05T10:04:35,[],771,80,17
thethirdone/rars,java,https://github.com/thethirdone/rars.git,3932372,2017-05-26,2024-06-28T06:19:07,"[""assembler"", ""education"", ""ide"", ""mars"", ""risc-v"", ""riscv"", ""simulator""]",1134,217,23
kunminx/unpeek-livedata,java,https://github.com/kunminx/unpeek-livedata.git,3932384,2020-06-04,2023-10-07T03:07:54,"[""android"", ""androidx"", ""event"", ""eventbus"", ""jetpack"", ""jetpack-android"", ""lifecycle"", ""livedata"", ""livedata-viewmodel"", ""livedatabus"", ""singlelivedata"", ""singleliveevent""]",1078,115,3
didi/virtualapk,java,https://github.com/didi/virtualapk.git,3932892,2017-06-29,2023-07-13T10:06:36,[],8861,1525,6
uber/autodispose,java,https://github.com/uber/autodispose.git,3932893,2016-12-22,2026-05-14T11:22:07,"[""android"", ""autodispose"", ""kotlin"", ""lifecycle"", ""reactive-extensions"", ""reactive-streams"", ""rxandroid"", ""rxjava"", ""uber""]",3352,226,30
x0b/rcx,java,https://github.com/x0b/rcx.git,3932899,2018-05-20,2023-11-26T09:55:00,"[""android-app"", ""android-application"", ""file-manager"", ""rclone"", ""rclone-client"", ""storage-access-framework""]",1518,119,5
tachibanagenerallaboratories/download-navi,java,https://github.com/tachibanagenerallaboratories/download-navi.git,3932901,2018-12-01,2025-05-24T06:20:12,"[""android"", ""download-manager"", ""freedom-download-manager""]",908,90,13
houbb/sensitive,java,https://github.com/houbb/sensitive.git,3932902,2018-12-29,2026-08-01T06:25:07,"[""dfa"", ""fastjson"", ""java"", ""java-annotation"", ""json"", ""log"", ""log4j2"", ""log4j2-plugin"", ""logback"", ""security"", ""sensitive"", ""sensitive-data-security"", ""slf4j""]",713,190,3
palexdev/materialfx,java,https://github.com/palexdev/materialfx.git,3933309,2020-10-15,2026-07-16T05:54:54,"[""java"", ""javafx"", ""library"", ""ui""]",1434,131,12
qtc-de/remote-method-guesser,java,https://github.com/qtc-de/remote-method-guesser.git,3933327,2019-11-04,2024-07-03T07:40:54,"[""bruteforce"", ""codebase-attacks"", ""cve-2019-2684"", ""deserialization"", ""deserialization-attacks"", ""java-rmi"", ""pentesting"", ""remote-method-guessing"", ""rmg"", ""rmi"", ""rmi-registry"", ""rmi-server"", ""security""]",790,101,3
smartboot/smart-socket,java,https://github.com/smartboot/smart-socket.git,3933334,2017-08-29,2026-07-31T01:54:54,"[""aio"", ""iot"", ""java"", ""nio2"", ""rpc"", ""socket""]",576,129,10
sincerexia/xidiancs,java,https://github.com/sincerexia/xidiancs.git,3933401,2018-11-12,2024-11-22T05:43:54,[],628,106,7
spring-projects-experimental/spring-native,java,https://github.com/spring-projects-experimental/spring-native.git,3934548,2019-09-05,2023-01-23T05:18:44,[],2774,350,56
jojoldu/spring-batch-in-action,java,https://github.com/jojoldu/spring-batch-in-action.git,3935131,2018-07-28,2023-11-16T09:45:23,[],526,144,2
pytorch/android-demo-app,java,https://github.com/pytorch/android-demo-app.git,3935578,2019-09-27,2024-08-27T11:45:06,[],1460,601,4
isopropylcyanide/jwt-spring-security-jpa,java,https://github.com/isopropylcyanide/jwt-spring-security-jpa.git,3935579,2018-08-22,2026-03-19T10:03:50,"[""jwt"", ""jwt-auth"", ""jwt-authentication"", ""jwt-spring-boot-integration"", ""jwt-token"", ""refresh-token"", ""refresh-tokens"", ""spring-boot-jpa"", ""spring-events"", ""spring-security"", ""spring-security-jwt"", ""spring-security-web"", ""spring-security-webauthn""]",554,218,10
zhangyd-c/oneblog,java,https://github.com/zhangyd-c/oneblog.git,3936125,2018-04-10,2025-03-16T11:55:44,"[""blog"", ""blog-hunter"", ""bootstrap"", ""dblog"", ""justauth"", ""oneblog"", ""oss"", ""qiniu"", ""redis"", ""seo"", ""shiro"", ""spider"", ""spring-boot"", ""springboot"", ""wangeditor"", ""websockets""]",1058,388,23
alipay/alipay-sdk-java-all,java,https://github.com/alipay/alipay-sdk-java-all.git,3936127,2018-05-08,2026-08-04T11:15:57,"[""alipay"", ""alipay-sdk"", ""java"", ""sdk""]",612,229,1
moneytoo/player,java,https://github.com/moneytoo/player.git,3936135,2020-11-09,2026-07-29T08:28:19,"[""android"", ""android-video-player"", ""androidx-media"", ""exoplayer"", ""exoplayer2"", ""media"", ""media3"", ""player"", ""video"", ""video-player""]",2653,272,45
envoyproxy/envoy-mobile,java,https://github.com/envoyproxy/envoy-mobile.git,3947242,2019-03-04,2023-09-15T04:44:20,"[""cncf"", ""envoy""]",555,87,44
minerllabs/minerl,java,https://github.com/minerllabs/minerl.git,3959350,2019-04-23,2025-01-22T08:22:41,[],729,157,46
kanwangzjm/funiture,java,https://github.com/kanwangzjm/funiture.git,3971769,2016-03-06,2023-11-15T05:39:58,"[""httpclient"", ""imooc"", ""jquery"", ""json"", ""mybatis"", ""quartz"", ""scheduler"", ""spring"", ""spring-mvc""]",1875,808,3
xuwujing/java-study,java,https://github.com/xuwujing/java-study.git,3971774,2018-09-20,2024-01-24T08:28:28,"[""commons"", ""concurrent"", ""design"", ""easticsearch"", ""java"", ""jdk8"", ""kafka"", ""mina"", ""netty"", ""redis"", ""thread"", ""utils""]",1203,355,4
u014427391/taoshop,java,https://github.com/u014427391/taoshop.git,3971775,2018-01-02,2022-02-09T10:09:40,[],511,252,2
penfeizhou/apng4android,java,https://github.com/penfeizhou/apng4android.git,3971778,2019-03-31,2025-07-18T09:59:46,"[""android"", ""animatedavif"", ""animatedwebp"", ""animation"", ""apng"", ""avif"", ""awebp"", ""glide"", ""webp""]",629,86,10
hello-hao/tbed,java,https://github.com/hello-hao/tbed.git,3972852,2019-01-30,2026-07-24T11:31:59,"[""clouddisk"", ""hellohao"", ""image-hosting"", ""image-storage"", ""images"", ""java"", ""photo-gallery""]",1456,238,3
pig-mesh/pig,java,https://github.com/pig-mesh/pig.git,3974165,2019-08-26,2026-08-05T04:09:01,"[""docker"", ""oauth2"", ""openai"", ""rbac-management"", ""sa-token"", ""spring-ai"", ""spring-authorization-server"", ""spring-boot"", ""spring-cloud"", ""spring-cloud-alibaba"", ""spring-security"", ""vue3""]",6663,1097,51
exadel-inc/compreface,java,https://github.com/exadel-inc/compreface.git,3988093,2020-07-06,2024-10-05T10:45:30,"[""computer-vision"", ""docker"", ""docker-compose"", ""face-detection"", ""face-identification"", ""face-mask-detection"", ""face-recognition"", ""face-verification"", ""facenet"", ""facial-recognition"", ""hacktoberfest"", ""hacktoberfest2021"", ""insightface"", ""rest-api""]",5340,734,70
evrencoskun/tableview,java,https://github.com/evrencoskun/tableview.git,3989242,2017-06-13,2023-03-17T07:28:39,[],3046,438,13
trinodb/trino,java,https://github.com/trinodb/trino.git,3994514,2019-01-19,2026-08-06T02:20:14,"[""analytics"", ""big-data"", ""data-science"", ""database"", ""databases"", ""datalake"", ""delta-lake"", ""distributed-database"", ""distributed-systems"", ""hadoop"", ""hive"", ""iceberg"", ""java"", ""jdbc"", ""presto"", ""prestodb"", ""query-engine"", ""sql"", ""trino""]",13110,3722,337
meituan/wmrouter,java,https://github.com/meituan/wmrouter.git,4058479,2018-08-16,2026-04-02T08:13:28,[],2366,341,8
smartpack/packagemanager,java,https://github.com/smartpack/packagemanager.git,4059010,2020-02-15,2026-06-17T01:32:55,[],776,106,8
ongres/stackgres,java,https://github.com/ongres/stackgres.git,4059436,2020-06-15,2026-08-05T11:33:51,"[""high-availability"", ""java"", ""kubernetes"", ""kubernetes-operator"", ""postgres"", ""postgresql""]",1424,75,22
fnuecke/oc2,java,https://github.com/fnuecke/oc2.git,4059443,2020-09-26,2023-12-18T06:01:42,"[""java"", ""minecraft"", ""mod"", ""risc-v"", ""vm""]",587,69,13
lsposed/lsposed,java,https://github.com/lsposed/lsposed.git,4059444,2020-12-12,2026-08-05T01:40:46,"[""android"", ""xposed""]",24301,3578,66
topjohnwu/libsu,java,https://github.com/topjohnwu/libsu.git,4060268,2018-01-19,2026-03-27T05:57:50,[],2044,407,10
tduckcloud/tduck-platform,java,https://github.com/tduckcloud/tduck-platform.git,4060278,2019-12-11,2025-11-17T08:43:16,"[""questionnaire"", ""survey"", ""survey-form"", ""survey-forms"", ""survey-system""]",1165,153,12
graalvm/graalvm-demos,java,https://github.com/graalvm/graalvm-demos.git,4060699,2018-04-02,2026-07-28T02:46:29,"[""graalvm"", ""graalvm-demos"", ""native-image""]",678,170,40
vipshop/vjtools,java,https://github.com/vipshop/vjtools.git,4061178,2018-05-29,2023-09-06T01:34:00,"[""java"", ""java-library""]",7538,1533,24
gabrie-allaigre/sonar-gitlab-plugin,java,https://github.com/gabrie-allaigre/sonar-gitlab-plugin.git,4075168,2016-05-07,2021-01-21T02:09:55,[],617,171,17
emichael/dslabs,java,https://github.com/emichael/dslabs.git,4076656,2018-05-24,2026-04-01T07:02:59,"[""distributed-systems"", ""university-project""]",1648,397,13
tracenature/redissyncer-server,java,https://github.com/tracenature/redissyncer-server.git,4076677,2020-04-27,2023-11-23T11:21:41,"[""redis"", ""replicate"", ""sync""]",603,102,4
henkelmax/simple-voice-chat,java,https://github.com/henkelmax/simple-voice-chat.git,4084442,2020-10-09,2026-08-04T03:25:10,"[""bukkit"", ""bukkit-plugin"", ""fabric"", ""fabric-api"", ""fabric-mod"", ""fabricmc"", ""fabricmc-mod"", ""forge"", ""minecraft"", ""mod"", ""neoforge"", ""paper-plugin"", ""papermc"", ""papermc-plugin"", ""simple-voice-chat"", ""spigot"", ""spigot-plugin"", ""spigotmc"", ""voice-chat""]",708,225,42
provectus/kafka-ui,java,https://github.com/provectus/kafka-ui.git,4098491,2019-11-26,2024-07-26T08:00:52,"[""apache-kafka"", ""big-data"", ""cluster-management"", ""event-streaming"", ""hacktoberfest"", ""kafka"", ""kafka-brokers"", ""kafka-client"", ""kafka-cluster"", ""kafka-connect"", ""kafka-manager"", ""kafka-producer"", ""kafka-streams"", ""kafka-ui"", ""opensource"", ""streaming-data"", ""streams"", ""web-ui""]",9155,1123,168
fossasia/susi_server,java,https://github.com/fossasia/susi_server.git,4117279,2016-09-14,2021-01-25T03:29:45,[],2216,1115,141
androidthings/contrib-drivers,java,https://github.com/androidthings/contrib-drivers.git,4124029,2016-12-13,2021-08-30T08:09:27,[],547,174,33
springcloud/moss,java,https://github.com/springcloud/moss.git,4126715,2019-04-10,2023-09-15T07:13:01,"[""moss"", ""spring"", ""spring-boot-admin"", ""spring-cloud"", ""spring-cloud-admin""]",1361,360,11
ctripcorp/x-pipe,java,https://github.com/ctripcorp/x-pipe.git,4143289,2016-03-29,2026-08-06T11:26:33,"[""cross-datacenter"", ""keeper"", ""keeper-redis"", ""long-distance-replication"", ""psync2"", ""rdb"", ""redis"", ""redis-xpipe"", ""replication"", ""replication-over-public-network""]",2090,511,31
srikanth-lingala/zip4j,java,https://github.com/srikanth-lingala/zip4j.git,4159934,2019-05-04,2026-03-11T10:14:04,"[""java-zip"", ""split-zip"", ""zip-encryption"", ""zip4j""]",2211,322,35
rampatra/jbot,java,https://github.com/rampatra/jbot.git,4164146,2016-06-05,2025-10-08T03:04:53,"[""bot"", ""bot-framework"", ""conversation"", ""facebook"", ""facebook-bot"", ""java"", ""java8"", ""jbot"", ""messenger-bot"", ""messenger-bot-boilerplate"", ""slack"", ""slack-bot"", ""slack-webhooks"", ""slackbot"", ""slash-commands"", ""spring-boot""]",1204,344,20
zaneyork/smapi-android-installer,java,https://github.com/zaneyork/smapi-android-installer.git,4167890,2020-03-04,2025-07-15T11:08:46,"[""modding"", ""smapi"", ""stardew-valley""]",759,73,6
leangen/graphql-spqr,java,https://github.com/leangen/graphql-spqr.git,4282941,2016-08-09,2026-01-27T03:51:15,"[""graphql"", ""graphql-api"", ""graphql-server"", ""java""]",1105,179,17
dlsc-software-consulting-gmbh/formsfx,java,https://github.com/dlsc-software-consulting-gmbh/formsfx.git,4282942,2017-09-12,2026-03-09T09:14:25,"[""desktop"", ""forms"", ""javafx"", ""ui"", ""ui-components""]",696,99,8
ffffffff0x/berylenigma,java,https://github.com/ffffffff0x/berylenigma.git,4286885,2020-11-11,2025-03-20T09:33:31,"[""crypto"", ""cryptography"", ""ctf"", ""ctf-tools"", ""ffffffff0x"", ""hacking"", ""redteam"", ""redteam-tools""]",678,103,2
grandcentrix/thirtyinch,java,https://github.com/grandcentrix/thirtyinch.git,4351517,2016-08-22,2021-02-08T02:03:12,[],1054,103,17
returntocorp/semgrep,java,https://github.com/returntocorp/semgrep.git,4503905,2019-12-13,2021-08-01T05:15:06,[],5023,205,50
michaelliao/itranswarp,java,https://github.com/michaelliao/itranswarp.git,5478283,2019-03-11,2024-04-10T01:13:44,"[""blog"", ""cms"", ""discussion"", ""java"", ""springboot3"", ""wiki""]",772,349,2
pinterest/doctork,java,https://github.com/pinterest/doctork.git,5748311,2017-08-21,2021-12-15T02:54:32,[],628,94,14
porkstudios/farplanetwo,java,https://github.com/porkstudios/farplanetwo.git,5753471,2020-07-06,2026-02-19T01:35:05,"[""cubic-chunks"", ""cubicchunks"", ""forge"", ""minecraft""]",1459,49,3
jasonette/jasonette-android,java,https://github.com/jasonette/jasonette-android.git,5771649,2016-12-14,2021-07-14T04:06:58,[],1606,257,18
baeldung/spring-security-registration,java,https://github.com/baeldung/spring-security-registration.git,5781808,2016-03-02,2025-01-16T09:00:00,"[""spring"", ""spring-security""]",1658,1174,43
vpaliy/melophile,java,https://github.com/vpaliy/melophile.git,5793816,2017-08-12,2021-02-10T11:19:33,[],858,149,0
athenz/athenz,java,https://github.com/athenz/athenz.git,5808873,2016-11-16,2026-08-06T03:04:09,"[""access-token"", ""authorization"", ""cloud"", ""containers"", ""dynamic-infrastructures"", ""rbac"", ""role-based-access-control"", ""service-identity"", ""spiffe"", ""tls""]",998,310,96
openlineage/openlineage,java,https://github.com/openlineage/openlineage.git,5812089,2020-10-24,2026-07-28T03:37:22,[],2567,501,178
renrenio/renren-security,java,https://github.com/renrenio/renren-security.git,6137434,2016-12-27,2023-04-17T07:16:11,[],1969,1083,12
graxcode/jbytemod-beta,java,https://github.com/graxcode/jbytemod-beta.git,6354944,2017-09-18,2021-02-12T02:13:04,[],594,118,10
yuria-shikibe/newhorizonmod,java,https://github.com/yuria-shikibe/newhorizonmod.git,6401785,2020-10-24,2026-07-31T02:58:28,"[""mindustry"", ""mindustry-mod"", ""mindustry-mod-v7"", ""mindustry-mods"", ""mod""]",612,92,29
tencentyun/timsdk,java,https://github.com/tencentyun/timsdk.git,6822737,2019-01-17,2022-03-03T09:00:05,[],1984,2295,21
zhp8341/flink-streaming-platform-web,java,https://github.com/zhp8341/flink-streaming-platform-web.git,6861388,2020-10-15,2025-12-02T02:30:07,"[""flink"", ""flink-sql"", ""sql"", ""streaming""]",1861,687,9
jhipster/prettier-java,java,https://github.com/jhipster/prettier-java.git,6905787,2018-01-04,2026-08-05T05:54:10,"[""java"", ""prettier""]",1211,117,33
liuyubobobo/play-with-data-structures,java,https://github.com/liuyubobobo/play-with-data-structures.git,7059871,2018-03-21,2021-06-18T01:14:43,[],1800,788,1
suryakant-bharti/important-java-concepts,java,https://github.com/suryakant-bharti/important-java-concepts.git,7081309,2017-10-04,2025-08-22T05:32:10,"[""algorithms"", ""android"", ""concurrency"", ""core-java"", ""data-structures"", ""design-patterns"", ""java"", ""java-collections"", ""java-concepts"", ""java-development"", ""java-fundamentals"", ""java-io"", ""java-multithreading"", ""java-networking"", ""java-programming"", ""kotlin"", ""learning-java"", ""multithreading"", ""object-oriented-programming"", ""oops-in-java""]",1122,372,1
atomashpolskiy/bt,java,https://github.com/atomashpolskiy/bt.git,7228823,2016-05-15,2026-02-21T10:44:33,"[""bittorrent"", ""dht"", ""magnet"", ""magnet-link"", ""p2p"", ""torrent"", ""torrent-client""]",2463,384,15
wenweihu86/raft-java,java,https://github.com/wenweihu86/raft-java.git,7230315,2017-05-02,2021-05-14T12:20:37,[],828,280,3
wimdeblauwe/error-handling-spring-boot-starter,java,https://github.com/wimdeblauwe/error-handling-spring-boot-starter.git,7236680,2020-07-02,2026-04-08T09:26:42,"[""spring-boot""]",501,62,8
mwiede/jsch,java,https://github.com/mwiede/jsch.git,7242076,2020-05-19,2026-08-06T08:36:12,"[""java"", ""jsch"", ""openssh"", ""ssh"", ""ssh-client""]",1050,188,31
subhra74/snowflake,java,https://github.com/subhra74/snowflake.git,7246356,2019-08-29,2024-05-04T08:59:29,"[""command-snippet"", ""deployment"", ""devops"", ""disk-space-analyzer"", ""linux"", ""log-viewer"", ""monitoring"", ""monitoring-tool"", ""remote-admin-tool"", ""remote-execution"", ""remote-shell"", ""sftp"", ""ssh"", ""terminal"", ""terminal-emulator"", ""terminal-emulators""]",2112,226,5
dapr/quickstarts,java,https://github.com/dapr/quickstarts.git,7569299,2019-09-19,2026-08-05T10:45:25,[],1109,548,150
rbmonster/learning-note,java,https://github.com/rbmonster/learning-note.git,7662510,2020-06-15,2026-05-07T01:30:23,"[""design"", ""java"", ""mysql"", ""redis"", ""spring""]",3802,664,9
arunkumar9t2/lynket-browser,java,https://github.com/arunkumar9t2/lynket-browser.git,7669959,2016-07-14,2025-09-26T07:33:34,"[""android-browser"", ""browser"", ""dagger2"", ""google-chrome"", ""kotlin"", ""mvvm"", ""reader"", ""rxjava""]",511,84,5
bupticybee/texasholdemsolverjava,java,https://github.com/bupticybee/texasholdemsolverjava.git,8145460,2019-10-28,2023-07-24T12:41:35,"[""holdem-poker"", ""piosolver"", ""shortdeck"", ""solver"", ""texas-holdem"", ""texas-holdem-poker""]",700,161,1
1993hzw/doodle,java,https://github.com/1993hzw/doodle.git,8409335,2018-07-19,2022-05-16T02:56:06,[],977,232,1
apache/ratis,java,https://github.com/apache/ratis.git,8883904,2017-01-31,2026-08-05T11:07:01,"[""consensus"", ""consensus-protocol"", ""java"", ""raft""]",1468,450,120
lacuna/bifurcan,java,https://github.com/lacuna/bifurcan.git,9268394,2016-07-25,2025-12-30T10:26:21,[],1014,54,10
bit4woo/domain_hunter_pro,java,https://github.com/bit4woo/domain_hunter_pro.git,9272667,2019-01-18,2026-06-23T08:54:48,"[""bit4woo"", ""domain-collection"", ""domain-discovery"", ""domain-hunter"", ""get-web-title"", ""info-gather"", ""related-domain"", ""similar-domain"", ""sub-domain"", ""subject-alternative-name"", ""traffic-analysis"", ""web-title""]",2138,207,2
atarw/material-ui-swing,java,https://github.com/atarw/material-ui-swing.git,9688112,2016-07-23,2021-06-11T08:45:46,[],503,102,5
dromara/liteflow,java,https://github.com/dromara/liteflow.git,9708732,2020-03-25,2026-07-31T08:59:59,"[""ai-agent"", ""ai-agents"", ""component"", ""dsl"", ""flow-engine"", ""hot-reload"", ""java-rule"", ""java-rule-engine"", ""rule-engine""]",3828,522,36
lmdbjava/lmdbjava,java,https://github.com/lmdbjava/lmdbjava.git,9719857,2016-06-05,2026-02-06T03:17:56,"[""database"", ""embedded-database"", ""in-memory"", ""java"", ""key-value"", ""lmdb"", ""low-latency""]",866,125,29
volmitsoftware/iris,java,https://github.com/volmitsoftware/iris.git,10092727,2019-10-11,2026-08-06T01:42:03,"[""bukkit"", ""hacktoberfest"", ""hacktoberfest-accepted"", ""hacktoberfest2022"", ""iris"", ""java"", ""minecraft"", ""plugin"", ""spigot"", ""world-generation"", ""worldgen""]",514,191,26
dromara/maxkey,java,https://github.com/dromara/maxkey.git,10431728,2016-11-16,2026-08-06T07:46:51,"[""active-directory"", ""authentication"", ""cas"", ""cloud-identity"", ""iam"", ""identity"", ""jwt"", ""kerberos"", ""ldap"", ""mfa"", ""multi-tenancy"", ""oauth"", ""oauth2"", ""openid-connect"", ""rbac"", ""saml"", ""scim-2"", ""single-sign-on"", ""sso"", ""topt""]",1934,406,42
dromara/forest,java,https://github.com/dromara/forest.git,10613254,2017-04-21,2026-01-26T09:37:49,"[""declarative-http-client"", ""fegin"", ""http"", ""http-client"", ""https"", ""java-http-client"", ""request"", ""rest"", ""restful"", ""retrofit"", ""socks""]",1922,238,23
riskscanner/riskscanner,java,https://github.com/riskscanner/riskscanner.git,10812624,2020-10-20,2022-01-04T02:14:42,[],735,118,7
dromara/raincat,java,https://github.com/dromara/raincat.git,11344966,2017-09-01,2023-03-01T04:56:51,[],1891,692,5
potoyang/spring-in-action-v5-translate,java,https://github.com/potoyang/spring-in-action-v5-translate.git,11510446,2019-07-31,2023-08-12T10:57:55,[],1021,304,14
dlsc-software-consulting-gmbh/calendarfx,java,https://github.com/dlsc-software-consulting-gmbh/calendarfx.git,11719608,2017-10-19,2026-07-17T03:23:30,[],862,180,24
awslabs/multi-model-server,java,https://github.com/awslabs/multi-model-server.git,12131578,2017-10-04,2024-05-20T07:29:13,"[""ai"", ""deep-learning"", ""inference"", ""mxnet"", ""neural-network"", ""onnx"", ""server""]",981,229,48
fabricmc/yarn,java,https://github.com/fabricmc/yarn.git,12280781,2016-08-12,2026-05-27T08:19:50,"[""fabric"", ""hacktoberfest"", ""minecraft"", ""modding""]",1198,432,256
youngmonkeys/ezyfox-server,java,https://github.com/youngmonkeys/ezyfox-server.git,12827986,2017-02-14,2026-07-09T11:27:18,"[""chat-server"", ""game-server"", ""live-streaming"", ""mmorpg-server"", ""multiplayer-game-server"", ""networking"", ""realtime"", ""socket-io"", ""socket-server"", ""tcp"", ""tcp-server"", ""udp"", ""udp-server"", ""unity-server"", ""websocket"", ""websocket-server""]",685,112,8
didi/drouter,java,https://github.com/didi/drouter.git,12963936,2020-11-26,2025-06-04T12:46:46,"[""android"", ""router""]",765,95,1
jreleaser/jreleaser,java,https://github.com/jreleaser/jreleaser.git,13055784,2020-11-28,2026-07-31T07:33:12,"[""ant"", ""ci-cd"", ""cli"", ""csharp"", ""elixir"", ""gradle"", ""hacktoberfest"", ""java"", ""maven"", ""release"", ""rust"", ""tool""]",1230,158,93
dromara/jpom,java,https://github.com/dromara/jpom.git,13142114,2019-01-04,2026-02-06T06:00:50,"[""ci-cd"", ""docker"", ""java"", ""jpom"", ""ssh-client""]",1897,360,30
threedr3am/learnjavabug,java,https://github.com/threedr3am/learnjavabug.git,13230680,2018-05-04,2024-03-14T03:05:53,[],2482,483,0
jpush/aurora-imui,java,https://github.com/jpush/aurora-imui.git,14737282,2016-12-13,2022-12-08T07:59:16,[],5594,997,15
bz51/springboot-dubbo-docker-jenkins,java,https://github.com/bz51/springboot-dubbo-docker-jenkins.git,14746767,2018-01-18,2022-11-16T03:27:54,[],2065,919,2
ssssssss-team/spider-flow,java,https://github.com/ssssssss-team/spider-flow.git,14748386,2020-03-27,2023-06-14T10:27:23,"[""crawler"", ""jsoup"", ""spider"", ""spider-flow"", ""web-crawler"", ""web-spider"", ""webcrawler"", ""webspider"", ""xpath""]",8098,1552,18
bingoogolapple/bgaphotopicker-android,java,https://github.com/bingoogolapple/bgaphotopicker-android.git,14760317,2016-06-24,2024-12-10T05:05:33,"[""androidx"", ""photo-picker"", ""photopreview""]",2239,414,4
abixen/abixen-platform,java,https://github.com/abixen/abixen-platform.git,14761496,2016-10-19,2022-03-08T09:15:32,[],629,197,29
19misterx98/seedcrackerx,java,https://github.com/19misterx98/seedcrackerx.git,14770463,2020-09-07,2026-07-12T09:40:24,[],1678,166,25
slowscript/warpinator-android,java,https://github.com/slowscript/warpinator-android.git,14771174,2020-09-25,2025-12-27T09:17:37,"[""android-application"", ""file-sharing""]",553,36,20
datatheorem/trustkit-android,java,https://github.com/datatheorem/trustkit-android.git,14773915,2016-11-14,2026-04-24T05:15:53,"[""android"", ""ssl"", ""ssl-pinning"", ""ssl-reporting""]",602,90,11
ballcat-projects/ballcat,java,https://github.com/ballcat-projects/ballcat.git,14806361,2019-10-20,2026-07-30T04:41:54,"[""ant-design"", ""code-generator"", ""i18n"", ""ouath2"", ""react"", ""security"", ""spring"", ""spring-boot"", ""upms"", ""vue"", ""websocket""]",1728,316,29
markusfisch/pielauncher,java,https://github.com/markusfisch/pielauncher.git,14813419,2019-12-13,2026-07-15T10:44:22,"[""android"", ""android-launcher"", ""launcher"", ""launcher-application"", ""pie-menu""]",551,58,19
mxdldev/android-mvp-mvvm-flytour,java,https://github.com/mxdldev/android-mvp-mvvm-flytour.git,14822648,2018-12-25,2021-06-03T01:25:41,[],2856,697,2
ch4mpy/spring-addons,java,https://github.com/ch4mpy/spring-addons.git,14839523,2019-04-29,2026-07-24T07:57:19,"[""auth0"", ""cognito"", ""hacktoberfest"", ""keycloak"", ""oidc"", ""openid"", ""openidconnect"", ""spring-boot"", ""spring-security""]",669,99,20
mageddo/dns-proxy-server,java,https://github.com/mageddo/dns-proxy-server.git,15611323,2016-03-07,2026-04-29T03:11:56,"[""dns"", ""dns-proxy-server"", ""dns-server"", ""docker-dns"", ""service-discovery""]",851,83,12
liuyubobobo/play-with-algorithms,java,https://github.com/liuyubobobo/play-with-algorithms.git,15660113,2016-07-05,2021-12-12T06:48:29,[],3302,1449,2
gaarason/database-all,java,https://github.com/gaarason/database-all.git,15715010,2019-09-11,2026-05-09T05:30:02,"[""database"", ""eloquent"", ""eloquent-orm"", ""java"", ""jdbc"", ""laravel"", ""model"", ""mybatis"", ""mysql"", ""orm"", ""orm-framework"", ""orm-library"", ""spring-boot"", ""starter""]",1056,27,1
dromara/sa-token,java,https://github.com/dromara/sa-token.git,15716859,2020-02-03,2026-08-05T01:04:21,"[""aouth2"", ""authorization"", ""java"", ""springcloud"", ""sso"", ""token""]",18968,2913,114
haveno-dex/haveno,java,https://github.com/haveno-dex/haveno.git,16197863,2020-02-24,2026-07-31T07:34:37,"[""cryptocurrency"", ""decentralized"", ""exchange"", ""haveno"", ""java"", ""monero"", ""p2p"", ""peer-to-peer"", ""tor""]",1374,178,49
vaticle/typedb,java,https://github.com/vaticle/typedb.git,16205883,2016-07-11,2024-07-18T04:51:26,"[""database"", ""inference"", ""knowledge-base"", ""knowledge-representation"", ""logic"", ""polymorphic"", ""polymorphism"", ""reasoning"", ""strongly-typed"", ""type-system"", ""typedb"", ""typeql""]",3727,338,50
tranleduy2000/ncalc,java,https://github.com/tranleduy2000/ncalc.git,16221536,2017-04-24,2021-05-22T05:48:12,[],527,135,14
jwpttcg66/nettygameserver,java,https://github.com/jwpttcg66/nettygameserver.git,16623132,2017-02-08,2026-04-14T09:09:15,"[""async-db"", ""cocosserver"", ""game"", ""game-db"", ""game-engine"", ""game-proxy"", ""game-server"", ""gameserver"", ""http-server"", ""httpserver"", ""mysql-server"", ""netty"", ""netty-game-server"", ""netty-server"", ""nettygame"", ""redis"", ""rpcserver"", ""springboot"", ""web-socket-server""]",1667,676,3
timebusker/spring-boot,java,https://github.com/timebusker/spring-boot.git,16623571,2017-04-13,2022-10-12T07:52:30,[],1193,474,1
abel533/guns,java,https://github.com/abel533/guns.git,16624169,2017-07-26,2021-04-22T04:21:21,[],723,365,8
raoe/show-videos,java,https://github.com/raoe/show-videos.git,16625485,2018-11-27,2023-07-20T06:59:51,[],742,265,2
ixrjog/opscloud,java,https://github.com/ixrjog/opscloud.git,16638806,2018-06-08,2021-09-06T08:07:34,[],883,393,1
deepjavalibrary/djl,java,https://github.com/deepjavalibrary/djl.git,16652918,2019-10-29,2026-08-01T04:30:42,"[""ai"", ""autograd"", ""deep-learning"", ""deep-neural-networks"", ""djl"", ""java"", ""machine-learning"", ""ml"", ""mxnet"", ""neural-network"", ""onnxruntime"", ""pytorch"", ""tensorflow""]",4834,755,149
apache/dolphinscheduler,java,https://github.com/apache/dolphinscheduler.git,17338016,2019-03-01,2026-07-30T06:10:19,"[""airflow"", ""azkaban"", ""cloud-native"", ""data-pipelines"", ""job-scheduler"", ""orchestration"", ""powerful-data-pipelines"", ""task-scheduler"", ""workflow"", ""workflow-orchestration"", ""workflow-schedule""]",14410,5077,355
klausw/hackerskeyboard,java,https://github.com/klausw/hackerskeyboard.git,17604582,2016-01-22,2024-10-09T06:29:12,[],1843,440,23
eclipse-openj9/openj9,java,https://github.com/eclipse-openj9/openj9.git,17636195,2017-08-25,2026-08-06T04:19:42,"[""compiler"", ""eclipse-openj9"", ""garbage-collector"", ""gc"", ""hacktoberfest"", ""interpreter"", ""java"", ""jit"", ""jvm"", ""runtime"", ""virtual-machine""]",3534,789,242
anychart/anychart-android,java,https://github.com/anychart/anychart-android.git,17920984,2017-08-09,2026-03-13T06:55:37,"[""android"", ""android-chart"", ""android-charting"", ""android-charts"", ""android-component"", ""android-development"", ""android-library"", ""android-studio"", ""android-ui"", ""android-view"", ""android-widget"", ""android-widgets"", ""chart"", ""chart-component"", ""chart-library"", ""charting"", ""charting-library"", ""charts"", ""data-visualization"", ""gradle""]",2374,368,5
ddnosh/androidquick,java,https://github.com/ddnosh/androidquick.git,18276104,2018-03-09,2021-05-03T06:15:34,[],548,127,1
gardncl/elements-of-programming-interviews,java,https://github.com/gardncl/elements-of-programming-interviews.git,18923411,2017-04-05,2021-05-05T09:07:04,[],755,353,3
ck-jesse/l2cache,java,https://github.com/ck-jesse/l2cache.git,18930822,2020-07-09,2026-07-26T02:53:32,[],635,105,6
openmessaging/dledger,java,https://github.com/openmessaging/dledger.git,18937161,2018-11-22,2026-07-22T11:20:49,"[""commitlog"", ""java-library"", ""raft""]",830,321,36
ofdrw/ofdrw,java,https://github.com/ofdrw/ofdrw.git,18937173,2019-09-27,2026-08-04T03:39:58,[],1830,483,37
mockbukkit/mockbukkit,java,https://github.com/mockbukkit/mockbukkit.git,18951979,2017-12-05,2026-08-04T08:17:25,"[""bukkit"", ""bukkit-plugins"", ""hacktoberfest"", ""mock-plugin"", ""mockbukkit"", ""mocking-framework"", ""paper"", ""paperm"", ""papermc-plugin"", ""spigot"", ""spigotmc"", ""testing"", ""unit-testing""]",739,153,106
lingochamp/okdownload,java,https://github.com/lingochamp/okdownload.git,19183419,2017-12-17,2022-11-04T04:02:49,[],4764,705,8
dromara/myth,java,https://github.com/dromara/myth.git,19185268,2017-12-01,2022-12-10T04:09:59,[],1481,640,8
shibing624/similarity,java,https://github.com/shibing624/similarity.git,19793674,2016-11-09,2026-07-16T12:10:21,"[""java"", ""nlp"", ""semantic"", ""sentiment"", ""sim-scores"", ""similarity""]",1584,342,4
dromara/sureness,java,https://github.com/dromara/sureness.git,20073434,2019-01-21,2025-07-18T07:02:02,"[""authentication"", ""authorization"", ""basic-auth"", ""digest"", ""framework"", ""javalin"", ""jwt"", ""ktor"", ""library"", ""quarkus"", ""restful-api"", ""shiro"", ""spring"", ""spring-security"", ""springboot""]",873,157,13
mcdcorp/opentest,java,https://github.com/mcdcorp/opentest.git,20074345,2017-12-19,2026-08-05T07:30:18,"[""api"", ""framework"", ""mobile"", ""test"", ""web""]",503,122,8
houbb/sensitive-word,java,https://github.com/houbb/sensitive-word.git,20098182,2020-01-07,2026-03-23T10:35:47,"[""dfa"", ""dirty-word"", ""filter"", ""java"", ""nlp"", ""pinyin"", ""search"", ""sensitive"", ""sensitive-word"", ""sensitive-word-filter"", ""string-matching"", ""textfliter"", ""trie-tree""]",5755,781,8
dunwu/spring-tutorial,java,https://github.com/dunwu/spring-tutorial.git,20419726,2016-07-29,2024-04-23T11:38:26,"[""spring"", ""spring-boot""]",794,364,3
safegrocerystore/mdut,java,https://github.com/safegrocerystore/mdut.git,20419837,2020-12-30,2023-09-22T04:28:28,[],1650,215,3
wayn111/waynboot-mall,java,https://github.com/wayn111/waynboot-mall.git,21013104,2020-04-25,2026-07-09T03:45:12,"[""elasticsearch"", ""java"", ""jwt"", ""mall"", ""mybatis"", ""mysql8"", ""rabbitmq"", ""redis"", ""springboot2"", ""waynboot""]",1242,306,8
lilltezheng/viewpagerhelper,java,https://github.com/lilltezheng/viewpagerhelper.git,21240855,2017-11-12,2022-02-10T08:19:47,[],1069,150,1
megaease/easeagent,java,https://github.com/megaease/easeagent.git,21265362,2016-12-10,2026-04-14T03:58:36,"[""apm"", ""distributed-tracing"", ""java"", ""javaagent"", ""metrics"", ""microservices"", ""monitoring"", ""observability"", ""opentracing"", ""prometheus"", ""servicemesh"", ""spring-cloud"", ""tracing"", ""zipkin"", ""zipkin-brave""]",586,126,28
patzly/doodle-android,java,https://github.com/patzly/doodle-android.git,21493417,2020-12-13,2025-02-28T05:58:46,"[""android"", ""app"", ""doodle-android"", ""google"", ""livewallpaper"", ""material-components"", ""material-you"", ""parallax"", ""pixel4"", ""wallpapers""]",717,39,5
mohistmc/mohist,java,https://github.com/mohistmc/mohist.git,21737248,2019-08-25,2025-07-21T05:58:12,"[""bukkit"", ""cauldron"", ""craftbukkit"", ""forge"", ""java"", ""mcpc"", ""minecraft"", ""minecraft-server"", ""minecraftforge"", ""mohist"", ""neoforge"", ""spigot"", ""thermos""]",1466,265,11
yzcheng90/x-springboot,java,https://github.com/yzcheng90/x-springboot.git,22255658,2018-01-05,2025-11-26T02:26:08,"[""minio"", ""mybatis-plus"", ""redis"", ""security"", ""spring-boot"", ""spring-mvc"", ""swagger""]",2624,800,3
jeequan/jeepay,java,https://github.com/jeequan/jeepay.git,23110946,2017-08-12,2026-05-27T10:34:39,"[""jeepay"", ""xxpay""]",6153,1982,11
williamfiset/deprecated-data-structures,java,https://github.com/williamfiset/deprecated-data-structures.git,24087232,2016-06-19,2022-08-12T02:12:08,[],2647,1213,8
xuxueli/xxl-sso,java,https://github.com/xuxueli/xxl-sso.git,24369882,2018-03-22,2026-07-26T10:35:24,"[""authentication"", ""authorization"", ""distributed"", ""java"", ""spring-boot"", ""sso"", ""xxl-sso""]",2011,830,7
spring-projects/spring-graphql,java,https://github.com/spring-projects/spring-graphql.git,25563285,2020-07-20,2026-08-06T01:24:16,"[""graphql"", ""spring-graphql""]",1593,330,69
bifan-wei/hwtxtreader,java,https://github.com/bifan-wei/hwtxtreader.git,26100556,2016-06-30,2021-11-27T06:50:24,[],629,146,2
papermc/paper,java,https://github.com/papermc/paper.git,28561828,2016-01-22,2026-08-06T07:05:27,"[""bukkit"", ""java"", ""minecraft"", ""minecraft-api"", ""minecraft-performance"", ""minecraft-server"", ""paper"", ""paper-api"", ""papermc"", ""tacos""]",12561,3494,340
jeecgboot/jeewx-boot,java,https://github.com/jeecgboot/jeewx-boot.git,29479798,2019-06-22,2023-05-31T06:05:55,"[""jeewx"", ""jeewx-api"", ""jeewxboot"", ""spring-boot"", ""springboot"", ""weixin"", ""weixin-application"", ""weixin-java"", ""wepy"", ""xiaochengxu""]",1029,525,1
streamxhub/jobx,java,https://github.com/streamxhub/jobx.git,29493882,2017-04-16,2022-10-18T06:27:29,[],500,197,3
wgzhao/addax,java,https://github.com/wgzhao/addax.git,31091198,2019-07-17,2026-08-04T12:33:29,"[""clickhouse"", ""database"", ""etl"", ""excel"", ""hadoop"", ""hdfs"", ""hive"", ""impala"", ""influxdb"", ""kudu"", ""mysql"", ""oracle"", ""postgresql"", ""sqlserver"", ""trino""]",1423,339,23
gradle/gradle-profiler,java,https://github.com/gradle/gradle-profiler.git,31448038,2016-08-08,2026-08-06T11:35:18,"[""gradle-bt"", ""gradle-bt-core-execution""]",1528,174,70
crazysunj/multityperecyclerviewadapter,java,https://github.com/crazysunj/multityperecyclerviewadapter.git,31921478,2017-04-01,2021-07-11T05:11:22,[],768,119,1
alibaba/virtualview-android,java,https://github.com/alibaba/virtualview-android.git,32518560,2017-12-05,2021-07-14T04:45:23,[],1404,191,6
unclezs/uncle-novel,java,https://github.com/unclezs/uncle-novel.git,33388593,2018-12-11,2022-04-12T02:42:02,[],1514,332,2
playpro/coreprotect,java,https://github.com/playpro/coreprotect.git,33395104,2017-08-21,2026-08-06T01:33:25,[],963,764,52
f4b6a3/tsid-creator,java,https://github.com/f4b6a3/tsid-creator.git,33399328,2020-03-14,2026-06-14T07:33:01,"[""id"", ""java"", ""snowflake"", ""snowflake-id"", ""snowflake-twitter"", ""tsid"", ""twitter-snowflake""]",546,60,8
tornaco/thanox,java,https://github.com/tornaco/thanox.git,33533568,2019-12-14,2026-08-05T07:09:40,"[""android-framework"", ""android-hooking"", ""jetpack-compose"", ""magisk-module"", ""xposed-module""]",3207,122,20
freeotp/freeotp-android,java,https://github.com/freeotp/freeotp-android.git,36486831,2016-10-24,2026-06-11T06:44:34,[],1647,344,34
sanshengshui/netty-learning-example,java,https://github.com/sanshengshui/netty-learning-example.git,36601877,2018-09-18,2022-10-04T11:38:25,[],2406,707,2
vazkiimods/quark,java,https://github.com/vazkiimods/quark.git,37367849,2016-03-17,2026-07-30T03:29:18,[],640,330,195
jeecgboot/autopoi,java,https://github.com/jeecgboot/autopoi.git,37841934,2018-01-30,2026-08-03T12:35:13,"[""easyexcel"", ""easypoi"", ""excel"", ""poi"", ""word""]",550,229,7
neerazz/faang,java,https://github.com/neerazz/faang.git,37981971,2019-06-26,2026-06-24T03:08:58,"[""algorithm"", ""algorithms"", ""algorithms-and-data-structures"", ""amazon"", ""apple"", ""coding-interviews"", ""competitive-programming"", ""data-structures"", ""faang"", ""facebook"", ""hackerrank"", ""interview-practice"", ""interview-preparation"", ""job-preparation"", ""leetcode"", ""leetcode-solutions"", ""maang"", ""netflix"", ""system-design""]",1880,489,8
yedaxia/japidocs,java,https://github.com/yedaxia/japidocs.git,38284870,2017-01-15,2026-03-19T04:05:36,"[""api"", ""api-documentation"", ""apidocs"", ""springboot""]",1706,333,5
megatronking/svg-android,java,https://github.com/megatronking/svg-android.git,38285422,2016-09-05,2021-08-10T06:16:03,[],844,163,5
tony-framework/tony,java,https://github.com/tony-framework/tony.git,39036841,2018-09-10,2023-10-14T03:48:39,"[""deep-learning"", ""hadoop"", ""hadoop-yarn"", ""horovod"", ""machine-learning"", ""tensorflow""]",697,162,32
kunminx/rxjava3-operators-magician,java,https://github.com/kunminx/rxjava3-operators-magician.git,39057448,2019-04-18,2022-06-11T12:40:43,[],904,91,1
spring-projects/spring-authorization-server,java,https://github.com/spring-projects/spring-authorization-server.git,40336858,2020-03-17,2026-07-08T03:03:52,[],5104,1354,85
gdgahmedabad/awesome-learning-resources,java,https://github.com/gdgahmedabad/awesome-learning-resources.git,40339276,2016-03-17,2024-02-08T02:39:32,"[""android"", ""android-tutorial"", ""angular"", ""angularjs"", ""awesome"", ""awesome-list"", ""docker"", ""firebase"", ""git"", ""gradle"", ""html5"", ""kotlin"", ""laravel"", ""magento""]",702,354,80
splashcodes/javiewer,java,https://github.com/splashcodes/javiewer.git,40680194,2016-05-21,2021-08-22T07:00:24,[],4555,736,8
java-aodeng/hope-boot,java,https://github.com/java-aodeng/hope-boot.git,41316562,2018-10-17,2021-08-25T02:25:11,[],3218,681,3
apolloconfig/apollo,java,https://github.com/apolloconfig/apollo.git,41343039,2016-03-04,2026-08-02T06:57:44,"[""config-management"", ""configuration-management"", ""distributed-configuration"", ""microservices"", ""spring-boot"", ""spring-cloud""]",29798,10165,180
worldql/mammoth,java,https://github.com/worldql/mammoth.git,42389677,2020-04-19,2023-05-23T08:14:16,[],861,45,7
gaucho-matrero/altoclef,java,https://github.com/gaucho-matrero/altoclef.git,43550622,2020-12-15,2024-08-05T12:16:52,"[""bot"", ""fabric"", ""java"", ""minecraft""]",668,168,19
smartloli/efak,java,https://github.com/smartloli/efak.git,44421579,2017-02-04,2025-12-18T03:35:57,"[""ai"", ""consumer-group"", ""kafka"", ""kafka-eagle"", ""offsets""]",3159,786,1
akarin-project/akarin,java,https://github.com/akarin-project/akarin.git,47839912,2018-05-15,2025-02-18T07:19:14,"[""akarin"", ""bukkit"", ""craftbukkit"", ""fork"", ""minecraft"", ""minecraft-server"", ""paper"", ""performance"", ""server"", ""spigot"", ""torch"", ""torchmc"", ""torchspigot""]",512,61,7
ixrjog/opscloud4,java,https://github.com/ixrjog/opscloud4.git,47921551,2018-06-08,2025-12-25T07:08:07,"[""aws"", ""cicd"", ""devops"", ""ed25519"", ""kubernetes"", ""ldap"", ""springboot"", ""ssh"", ""web-terminal""]",1371,505,2
karatelabs/karate,java,https://github.com/karatelabs/karate.git,47974224,2017-02-07,2026-08-06T06:40:03,"[""api-testing"", ""assertions"", ""automated-testing"", ""automation"", ""bdd"", ""contract-testing"", ""cucumber"", ""developer-tools"", ""load-testing"", ""microservices"", ""mock-server"", ""test-automation"", ""testing"", ""testing-framework"", ""testing-tools"", ""webdriver""]",8913,2045,123
confluentinc/examples,java,https://github.com/confluentinc/examples.git,48451685,2018-04-17,2026-06-19T12:54:42,"[""avro"", ""cdc"", ""cloud"", ""confluent"", ""connect"", ""connector"", ""debezium"", ""demo"", ""docker"", ""examples"", ""jdbc"", ""kafka"", ""kubernetes"", ""microservices"", ""monitoring"", ""quickstart"", ""replicator"", ""schema-registry"", ""sql""]",2056,1118,96
yawasau/backup_script,java,https://github.com/yawasau/backup_script.git,49010061,2020-03-29,2026-07-26T04:20:51,"[""backup-data""]",1761,153,2
luckperms/luckperms,java,https://github.com/luckperms/luckperms.git,49017303,2016-05-22,2026-08-05T09:30:23,"[""bukkit"", ""bungeecord"", ""fabricmc"", ""minecraft"", ""minecraft-mod"", ""minecraft-plugin"", ""permissions"", ""spigot"", ""sponge""]",2300,683,88
vmware/differential-datalog,java,https://github.com/vmware/differential-datalog.git,49428279,2018-03-20,2023-07-07T09:56:01,"[""datalog"", ""ddlog"", ""incremental"", ""programming-language"", ""rust""]",1269,107,33
abhpd/hacktoberfest2021,java,https://github.com/abhpd/hacktoberfest2021.git,49850526,2020-10-09,2022-10-03T03:02:03,[],509,1565,77
cc-tweaked/cc-tweaked,java,https://github.com/cc-tweaked/cc-tweaked.git,49851149,2017-11-14,2026-07-28T08:52:21,"[""computercraft"", ""fabric"", ""forge"", ""lua"", ""minecraft"", ""minecraft-forge"", ""minecraft-mod""]",1199,281,114
klinker24/talon-for-twitter-android,java,https://github.com/klinker24/talon-for-twitter-android.git,50143625,2016-07-08,2023-01-22T02:06:13,[],1172,178,9
fly803/baseproject,java,https://github.com/fly803/baseproject.git,51504557,2018-03-20,2022-04-18T10:05:30,[],1037,202,3
fastbootweixin/fastbootweixin,java,https://github.com/fastbootweixin/fastbootweixin.git,51832348,2017-08-25,2022-08-24T08:58:45,[],642,202,2
kyson/androidgodeye,java,https://github.com/kyson/androidgodeye.git,53547692,2017-11-23,2023-01-26T04:06:03,[],2509,343,5
sceneview/sceneform-android,java,https://github.com/sceneview/sceneform-android.git,53876156,2020-10-21,2024-06-13T10:26:01,"[""3d"", ""android"", ""android-application"", ""android-library"", ""ar"", ""arcore"", ""arcore-android"", ""augmented-faces"", ""augmented-images"", ""augmented-reality"", ""filament"", ""java"", ""kotlin"", ""sceneform""]",610,143,19
dariuszseweryn/rxandroidble,java,https://github.com/dariuszseweryn/rxandroidble.git,53885315,2016-02-04,2025-06-06T08:33:07,"[""android-bluetooth"", ""android-library"", ""ble"", ""bluetooth-le"", ""bluetooth-low-energy"", ""rxjava"", ""rxjava2"", ""rxjava3""]",3505,587,43
rosemoe/sora-editor,java,https://github.com/rosemoe/sora-editor.git,54953455,2020-02-04,2026-08-06T05:13:56,"[""android"", ""autocomplete"", ""code-editor"", ""codeeditor"", ""customview"", ""syntax-highlighting""]",1384,225,37
papermc/velocity,java,https://github.com/papermc/velocity.git,55282485,2018-07-24,2026-08-03T01:09:10,"[""forge"", ""java"", ""minecraft"", ""minecraft-forge"", ""minecraft-server-proxy"", ""server-proxy"", ""velocity""]",2230,941,170
jimmysuncpt/algorithms,java,https://github.com/jimmysuncpt/algorithms.git,56596217,2016-10-19,2022-05-27T08:21:10,[],2048,651,6
webankblockchain/weidentity,java,https://github.com/webankblockchain/weidentity.git,58238101,2018-10-30,2025-04-18T03:31:37,"[""blockchain"", ""certificate"", ""consortium"", ""data-exchange"", ""did"", ""digital-signature"", ""distributed"", ""distributed-identity"", ""dpki"", ""identity"", ""kyc"", ""privacy-preserving"", ""privacy-protection"", ""selective-disclosure"", ""verifiable-credentials"", ""verifiable-presentation"", ""w3c"", ""weid"", ""weid-java-sdk"", ""weidentity""]",1131,176,25
niumoo/javanotes,java,https://github.com/niumoo/javanotes.git,58243881,2020-05-28,2026-01-21T04:28:38,"[""algorithm"", ""java"", ""java-library"", ""jdk"", ""jvm""]",539,114,2
webankblockchain/weevent,java,https://github.com/webankblockchain/weevent.git,58520456,2019-04-18,2025-09-03T02:58:14,"[""blockchain"", ""event-driven"", ""iot-hub"", ""message-queue"", ""mqtt"", ""stomp"", ""websocket""]",645,116,24
nccgroup/autorepeater,java,https://github.com/nccgroup/autorepeater.git,59807444,2017-12-15,2021-12-15T10:37:26,[],593,81,8
flink-extended/dl-on-flink,java,https://github.com/flink-extended/dl-on-flink.git,59879281,2019-06-17,2024-09-19T04:18:39,"[""deep-learning"", ""flink"", ""python"", ""pytorch"", ""tensorflow""]",688,201,17
apache/maven-mvnd,java,https://github.com/apache/maven-mvnd.git,60152093,2019-09-21,2026-08-04T08:04:07,"[""apache-maven"", ""build-management"", ""java"", ""maven""]",3451,252,56
purpurmc/purpur,java,https://github.com/purpurmc/purpur.git,60627740,2019-04-30,2026-07-29T10:43:00,"[""bukkit"", ""hacktoberfest"", ""java"", ""minecraft"", ""minecraft-server"", ""paper"", ""purpur"", ""spigot""]",2394,494,82
fluttify-project/amap_map_fluttify,java,https://github.com/fluttify-project/amap_map_fluttify.git,61185042,2019-10-14,2021-12-23T07:00:58,[],503,148,3
programmeranthony/zuulc,java,https://github.com/programmeranthony/zuulc.git,62208475,2016-05-19,2022-01-05T12:25:34,[],701,215,48
trackercontrol/tracker-control-android,java,https://github.com/trackercontrol/tracker-control-android.git,62208523,2019-11-10,2026-08-05T12:14:11,"[""android"", ""privacy"", ""tracking-protection""]",2585,127,15
apache/hop,java,https://github.com/apache/hop.git,62227743,2019-09-24,2026-07-14T03:23:03,"[""apache"", ""data-integration"", ""etl"", ""hop"", ""java"", ""orchestration"", ""pipeline"", ""streaming"", ""workflow""]",1417,462,118
programmeranthony/rocketmqc,java,https://github.com/programmeranthony/rocketmqc.git,63429524,2016-06-15,2022-02-09T08:40:08,[],947,237,224
catimaloyalty/android,java,https://github.com/catimaloyalty/android.git,64984513,2019-11-22,2026-08-06T07:13:19,"[""android"", ""fdroid"", ""izzyondroid"", ""loyalty""]",1647,253,336
chenbingx/supertextview,java,https://github.com/chenbingx/supertextview.git,65449916,2017-04-17,2022-01-17T04:02:08,[],3173,386,2
youlaitech/youlai-mall,java,https://github.com/youlaitech/youlai-mall.git,65452679,2020-03-01,2025-05-16T06:19:38,"[""element-plus"", ""jwt"", ""mybatis"", ""mybatis-plus"", ""mybatisplus"", ""mysql"", ""oauth2"", ""redis"", ""spring"", ""spring-authorization-server"", ""spring-boot"", ""spring-cloud"", ""spring-cloud-alibaba"", ""spring-security-oauth2"", ""springboot"", ""springcloud"", ""uniapp"", ""vue3-element-admin"", ""youlai-mall""]",2233,736,19
spring-attic/spring-cloud-gcp,java,https://github.com/spring-attic/spring-cloud-gcp.git,65780929,2017-03-24,2022-01-18T08:15:46,[],666,652,70
openboard-team/openboard,java,https://github.com/openboard-team/openboard.git,66638027,2019-12-31,2024-04-21T06:08:37,[],2473,248,57
minicraftplus/minicraft-plus-revived,java,https://github.com/minicraftplus/minicraft-plus-revived.git,67412273,2017-02-25,2026-07-03T07:03:28,"[""2d-game"", ""game"", ""game-development"", ""java"", ""minicraft""]",575,105,24
dtstack/chunjun,java,https://github.com/dtstack/chunjun.git,69363665,2018-04-03,2025-12-02T10:52:15,"[""bigdata"", ""data-integration"", ""flink"", ""framework"", ""java""]",4097,1698,88
moduliths/moduliths,java,https://github.com/moduliths/moduliths.git,69363692,2018-05-15,2022-10-26T06:17:49,[],767,77,8
spring-projects/spring-data-relational,java,https://github.com/spring-projects/spring-data-relational.git,69363710,2017-02-15,2026-08-06T01:12:09,"[""ddd"", ""framework"", ""jdbc"", ""r2dbc"", ""spring"", ""spring-data""]",825,392,136
birdlark/larkmidtable,java,https://github.com/birdlark/larkmidtable.git,69365802,2020-08-02,2023-08-20T03:41:26,"[""datax"", ""flink"", ""flink-cdc"", ""flink-sql"", ""flinkx"", ""seatunnel""]",1412,512,17
janssenproject/jans,java,https://github.com/janssenproject/jans.git,69365934,2020-11-03,2026-08-06T08:54:28,"[""access-management"", ""api"", ""iam"", ""identity"", ""kubernetes"", ""oauth2"", ""openid-connect"", ""security"", ""sso""]",646,175,118
imageprocessor/cv4j,java,https://github.com/imageprocessor/cv4j.git,69366384,2016-12-18,2022-02-28T09:57:30,[],809,144,5
yangchong211/ycapptool,java,https://github.com/yangchong211/ycapptool.git,69400256,2017-09-28,2024-04-17T01:44:47,[],3141,739,1
xaecbd/kcenter,java,https://github.com/xaecbd/kcenter.git,69400288,2020-03-21,2025-06-26T07:17:11,"[""cmak"", ""connect-ui"", ""kafka"", ""kafka-center"", ""kafka-connect"", ""kafka-connect-ui"", ""kafka-eagle"", ""kafka-manager"", ""kafka-monitor"", ""kafkacenter"", ""kafkamanager"", ""kafkaoffsetmonitor"", ""kc"", ""kmanager"", ""ksql""]",1161,198,6
pixelsdb/pixels,java,https://github.com/pixelsdb/pixels.git,69470851,2019-06-21,2026-08-05T04:36:37,"[""cloud-database"", ""column-store"", ""data-lake"", ""data-warehouse"", ""database"", ""olap""]",908,154,25
jmix-framework/jmix,java,https://github.com/jmix-framework/jmix.git,69543129,2020-08-05,2026-08-06T02:31:44,"[""enterprise"", ""framework"", ""java"", ""jmix""]",694,154,85
wildfirechat/im-server,java,https://github.com/wildfirechat/im-server.git,69573668,2019-01-23,2026-06-27T04:03:13,"[""im"", ""voip""]",8509,1908,32
neoapplications/neo-launcher,java,https://github.com/neoapplications/neo-launcher.git,69575173,2020-06-30,2026-08-06T05:14:39,"[""android"", ""launcher""]",2087,156,122
martin-chips/dimpleblog,java,https://github.com/martin-chips/dimpleblog.git,69603433,2018-11-20,2023-06-14T04:39:48,"[""blog"", ""element-ui"", ""java"", ""jpa"", ""redis"", ""shiro"", ""springboot2"", ""thymeleaf"", ""viewui"", ""vue"", ""vuejs2""]",519,158,2
oracle-samples/oracle-db-examples,java,https://github.com/oracle-samples/oracle-db-examples.git,69688842,2017-02-27,2026-08-06T06:14:03,"[""database"", ""java"", ""oracle"", ""oracle-11g"", ""oracle-19c"", ""oracle-ai-database"", ""oracle-autonomous-database"", ""oracle-database"", ""oracle-db"", ""sql""]",1438,872,58
rymcu/forest,java,https://github.com/rymcu/forest.git,69689463,2019-11-16,2026-04-10T09:54:38,[],815,149,10
theokanning/openai-java,java,https://github.com/theokanning/openai-java.git,69704326,2020-09-15,2024-06-06T08:00:23,"[""gpt3"", ""java"", ""openai""]",4653,1155,32
fushengqian/fuint,java,https://github.com/fushengqian/fuint.git,69740524,2020-06-30,2026-08-06T08:17:11,"[""java"", ""mysql"", ""vue""]",1747,402,1
fair-acc/chart-fx,java,https://github.com/fair-acc/chart-fx.git,69746090,2019-05-07,2026-03-17T03:08:18,"[""chart-fx"", ""charting-libraries"", ""data-visualisation"", ""hacktoberfest"", ""java"", ""javafx"", ""large-dataset"", ""scientific-visualization""]",592,107,29
objectionary/eo,java,https://github.com/objectionary/eo.git,69815617,2016-11-07,2026-08-06T05:29:25,"[""eolang"", ""java"", ""language"", ""object-oriented"", ""object-oriented-language"", ""object-oriented-programming"", ""oop"", ""programming-language""]",1396,228,104
uncle-novel/uncle-novel,java,https://github.com/uncle-novel/uncle-novel.git,69816424,2018-12-11,2026-03-26T03:23:26,"[""openjfx""]",3850,541,3
201206030/novel,java,https://github.com/201206030/novel.git,69870684,2019-11-11,2025-11-05T10:19:00,"[""book"", ""cms"", ""mybatis"", ""novel"", ""read"", ""springboot""]",5508,1427,3
didi/dokit,java,https://github.com/didi/dokit.git,69897406,2018-08-14,2025-07-18T08:35:08,"[""android"", ""ios"", ""miniapp"", ""mockgps"", ""monitoring"", ""performance"", ""tools""]",20355,3174,92
apache/inlong,java,https://github.com/apache/inlong.git,70032658,2020-01-03,2026-07-22T04:42:18,"[""data-streaming"", ""event-streaming"", ""framework"", ""full-scenario-service"", ""inlong"", ""massive-data-integration"", ""one-stop-service""]",1494,571,186
webjournal/journaldev,java,https://github.com/webjournal/journaldev.git,70063548,2016-05-02,2022-12-29T01:06:53,[],1183,1954,2
yunaiv/yudao-cloud,java,https://github.com/yunaiv/yudao-cloud.git,70063877,2019-05-02,2026-07-31T02:18:16,"[""dubbo"", ""elasticsearch"", ""mall"", ""mysql"", ""nacos"", ""redis"", ""rocketmq"", ""seata"", ""sharding-sphere"", ""skywalking"", ""spring-cloud"", ""spring-cloud-alibaba"", ""springboot"", ""springcloud"", ""xxl-job"", ""zookeeper""]",19348,4837,75
bleachdev/bleachhack,java,https://github.com/bleachdev/bleachhack.git,70094400,2019-06-29,2024-05-11T11:24:10,"[""bleach-hack"", ""bleach-utility-mod"", ""bleachhack"", ""java"", ""minecraft"", ""minecraft-mod""]",722,140,21
playtikaoss/testcontainers-spring-boot,java,https://github.com/playtikaoss/testcontainers-spring-boot.git,70106309,2017-10-22,2026-08-06T07:06:33,"[""aerospike"", ""autoconfiguration"", ""couchbase"", ""docker"", ""dynamodb"", ""google-pubsub"", ""kafka"", ""keycloak"", ""mariadb"", ""memsql"", ""minio"", ""mongodb"", ""neo4j"", ""oracle"", ""rabbitmq"", ""redis"", ""spring-boot"", ""testcontainers"", ""vault"", ""voltdb""]",877,254,104
troyzhxu/bean-searcher,java,https://github.com/troyzhxu/bean-searcher.git,70114369,2017-06-13,2026-07-30T08:49:23,"[""declarative-search"", ""dynamic-sql"", ""graphql"", ""java"", ""list-query"", ""orm-framework"", ""readonly-orm"", ""search-framework"", ""spring-boot""]",1374,149,11
roncoo/roncoo-pay,java,https://github.com/roncoo/roncoo-pay.git,70135427,2016-07-21,2022-12-31T01:23:01,[],4443,2540,6
apache/shenyu,java,https://github.com/apache/shenyu.git,70208479,2018-07-11,2026-08-06T01:38:15,"[""api-gateway"", ""dubbo-proxy"", ""grpc-proxy"", ""http-proxy"", ""reactor-java"", ""sofa-proxy"", ""spring-cloud-proxy""]",8817,3054,378
zfile-dev/zfile,java,https://github.com/zfile-dev/zfile.git,70249812,2019-08-19,2026-05-16T12:27:19,"[""clouddisk"", ""h2"", ""h5ai"", ""mysql"", ""spring-boot"", ""vue""]",10744,1955,9
saket/dank,java,https://github.com/saket/dank.git,70249827,2017-01-29,2022-07-30T07:59:59,[],808,128,3
enso-org/enso,java,https://github.com/enso-org/enso.git,70280731,2016-12-16,2026-07-28T04:48:13,"[""compiler"", ""enso"", ""functional"", ""graalvm"", ""hybrid"", ""interpreter"", ""jit"", ""language"", ""polyglot"", ""rts"", ""textual"", ""visual""]",7437,343,51
iportalteam/immersiveportalsmod,java,https://github.com/iportalteam/immersiveportalsmod.git,70305322,2019-07-12,2026-04-21T12:20:05,"[""minecraft-mod"", ""portal"", ""rendering""]",524,151,30
didi/knowstreaming,java,https://github.com/didi/knowstreaming.git,70305555,2020-03-19,2026-07-23T11:32:18,"[""cluster-manager"", ""clustermanager"", ""kafka"", ""kafkamanager"", ""kafkamonitor"", ""knowstreaming"", ""logikm"", ""multi-cluster"", ""multi-cluster-management""]",7172,1295,59
dsappteam/panelswitchhelper,java,https://github.com/dsappteam/panelswitchhelper.git,70305575,2018-07-09,2026-04-16T08:05:19,"[""keybord"", ""keybordview"", ""panel"", ""switch""]",2421,289,4
amirzaidi/launcher3,java,https://github.com/amirzaidi/launcher3.git,70401782,2017-05-30,2022-08-24T01:51:46,[],3696,630,66
hypeapps/endoscope,java,https://github.com/hypeapps/endoscope.git,70465966,2016-07-04,2022-09-04T11:44:03,[],628,182,5
sohutv/mqcloud,java,https://github.com/sohutv/mqcloud.git,70488653,2018-10-25,2026-08-06T08:39:28,"[""cloud-native"", ""eventing"", ""java"", ""messaging"", ""mqcloud"", ""rocketmq"", ""streaming""]",2229,284,9
baidu/starlight,java,https://github.com/baidu/starlight.git,70530705,2018-12-20,2025-04-17T02:06:22,"[""brpc"", ""high-performance"", ""microservice"", ""netty"", ""protobuf"", ""rpc"", ""spring-boot"", ""spring-cloud""]",963,286,5
apache/incubator-streampark,java,https://github.com/apache/incubator-streampark.git,70549320,2019-05-27,2025-02-05T01:48:51,"[""apache"", ""development-framework"", ""easy-to-use"", ""etl-pipeline"", ""operation-platform"", ""streaming"", ""streampark""]",3959,1019,150
helidon-io/helidon,java,https://github.com/helidon-io/helidon.git,70570388,2018-08-27,2026-08-06T06:44:37,"[""java"", ""microprofile"", ""microservice-framework"", ""netty"", ""reactive""]",3808,608,94
apache/doris,java,https://github.com/apache/doris.git,70609544,2017-08-10,2026-08-06T02:31:34,"[""agent"", ""ai"", ""bigquery"", ""database"", ""delta-lake"", ""hudi"", ""iceberg"", ""lakehouse"", ""observability"", ""olap"", ""paimon"", ""query-engine"", ""real-time"", ""redshift"", ""search"", ""snowflake"", ""sql"", ""vector""]",15735,3896,328
gleidsonmt/dashboardfx,java,https://github.com/gleidsonmt/dashboardfx.git,70631829,2018-10-10,2026-06-30T04:27:51,"[""javafx"", ""javafx-application"", ""javafx-components"", ""javafx-desktop-apps"", ""javafx-frameworks"", ""javafx-gui"", ""javafx-library"", ""javafx-project""]",528,158,2
smuyyh/bookreader,java,https://github.com/smuyyh/bookreader.git,71805904,2016-08-03,2023-04-24T05:36:16,[],6292,1865,7
exchange-core/exchange-core,java,https://github.com/exchange-core/exchange-core.git,71829353,2018-08-05,2023-10-08T06:06:59,"[""bitcoin"", ""cryptocurrency"", ""cryptocurrency-exchanges"", ""exchange"", ""exchange-api"", ""forex-trading"", ""hft"", ""hft-trading"", ""java"", ""lmax-disruptor"", ""lock-free"", ""low-latency"", ""matching-algorithm"", ""matching-engine"", ""order-book"", ""stock-exchange"", ""stock-market"", ""stock-trading"", ""trading-api"", ""trading-platform""]",1854,735,10
auto-accounting/qianji_auto,java,https://github.com/auto-accounting/qianji_auto.git,72574848,2020-08-21,2024-01-05T03:03:36,"[""alipay"", ""auto"", ""plugin"", ""qianji"", ""wechat""]",520,70,8
rohitawate/everest,java,https://github.com/rohitawate/everest.git,72591645,2018-01-18,2022-10-18T07:35:38,[],808,100,3
eclipse-ditto/ditto,java,https://github.com/eclipse-ditto/ditto.git,73075489,2017-04-10,2026-08-05T04:51:11,"[""digital-shadow"", ""digital-twin"", ""digital-twins"", ""ditto"", ""eclipse-ditto"", ""eclipseiot"", ""hacktoberfest"", ""internet-of-things"", ""iot"", ""java"", ""javascript"", ""mongodb"", ""w3c"", ""web-of-things"", ""wot""]",911,284,60
sherxon/algods,java,https://github.com/sherxon/algods.git,74582908,2016-12-16,2023-10-27T01:05:54,"[""algorithms"", ""binary-search-tree"", ""bst"", ""data-structrues"", ""dfs"", ""dijkstra"", ""dynamic-programming"", ""graph-algorithms"", ""interview-questions"", ""java"", ""linked-list"", ""mergesort"", ""search-algorithm"", ""shortest-paths"", ""sort"", ""sorting-algorithms""]",3408,711,12
pansong291/xquickenergy,java,https://github.com/pansong291/xquickenergy.git,74583949,2019-05-22,2023-10-18T08:49:01,[],961,154,2
opendiffy/diffy,java,https://github.com/opendiffy/diffy.git,74621950,2018-04-26,2026-05-18T08:50:36,[],1430,162,8
learning-zone/java-basics,java,https://github.com/learning-zone/java-basics.git,75127395,2019-03-06,2024-09-29T05:11:07,"[""collections"", ""design-pattern"", ""hibernate"", ""java"", ""java-programs"", ""java8"", ""jdbc"", ""jsp"", ""multithreading"", ""servlet""]",1634,762,13
sohutv/cachecloud,java,https://github.com/sohutv/cachecloud.git,75140593,2016-01-26,2024-06-17T02:37:04,"[""cachecloud"", ""java"", ""jedis"", ""lettuce"", ""redis"", ""redis-cache"", ""redis-client"", ""redis-cluster"", ""redis-monitor"", ""redis-sentinel""]",8595,2043,13
soot-oss/sootup,java,https://github.com/soot-oss/sootup.git,75183094,2018-03-01,2026-08-06T12:01:19,"[""android"", ""bytecode"", ""call-graph"", ""call-graph-analysis"", ""call-graphs"", ""callgraph"", ""callgraphs"", ""dataflow-analysis"", ""java"", ""jimple"", ""program-analysis"", ""soot"", ""static-analysis"", ""static-code-analysis""]",812,113,72
liuweijw/fw-cloud-framework,java,https://github.com/liuweijw/fw-cloud-framework.git,75982129,2018-01-31,2022-11-24T06:25:48,[],808,405,2
youseries/uflo,java,https://github.com/youseries/uflo.git,75982429,2017-06-26,2022-12-10T03:12:44,[],555,234,2
janishar/android-mvp-architecture,java,https://github.com/janishar/android-mvp-architecture.git,76007578,2017-01-27,2024-04-16T03:28:00,"[""android-architecture"", ""android-mvp-architecture"", ""dagger"", ""dagger2"", ""fast-android-networking"", ""greendao"", ""mindorks"", ""mvp"", ""mvp-architecture"", ""placeholderview"", ""rxjava"", ""rxjava-android"", ""rxjava2""]",4432,1245,11
janishar/android-mvvm-architecture,java,https://github.com/janishar/android-mvvm-architecture.git,76007755,2017-07-07,2024-04-16T03:26:34,"[""android"", ""android-architecture"", ""android-debug-database"", ""android-mvvm-architecture"", ""dagger2"", ""dagger2-mvvm"", ""database"", ""fast-android-networking"", ""mindorks"", ""mvvm"", ""mvvm-architecture"", ""placeholderview"", ""room"", ""rxjava"", ""rxjava2""]",2932,940,15
dromara/lamp-cloud,java,https://github.com/dromara/lamp-cloud.git,77203856,2018-01-17,2026-06-15T03:26:51,"[""admin"", ""cloud"", ""eureka"", ""gateway"", ""hystrix"", ""java"", ""jwt"", ""mybatis"", ""nacos"", ""seata"", ""spring"", ""spring-cloud"", ""springboot"", ""springcloud"", ""xss"", ""zuul""]",5753,1759,7
hss01248/dialogutil,java,https://github.com/hss01248/dialogutil.git,77226885,2016-09-23,2024-05-30T06:40:13,"[""alertdialog"", ""dialog"", ""ios-alert"", ""loading"", ""material-dialogs"", ""progress-dialog"", ""util"", ""utils""]",982,169,2
alldatacenter/alldata,java,https://github.com/alldatacenter/alldata.git,77284120,2019-10-07,2026-07-16T04:04:25,"[""amoro"", ""bisheng"", ""chat2db"", ""cloudeon"", ""cube-studio"", ""datart"", ""datasophon"", ""datavines"", ""datax"", ""dbswitch"", ""dinky"", ""dolphinscheduler"", ""gravitino"", ""openmetadata"", ""paimon"", ""seatunnel"", ""sqlrest"", ""streampark"", ""supersonic"", ""tis""]",3059,978,25
jodconverter/jodconverter,java,https://github.com/jodconverter/jodconverter.git,78095385,2016-11-08,2025-08-21T09:27:47,"[""converter"", ""java"", ""libreoffice"", ""openoffice""]",1512,294,19
kongzue/dialog,java,https://github.com/kongzue/dialog.git,78110440,2017-06-01,2022-12-28T10:33:03,[],721,114,1
liteavsdk/player_android,java,https://github.com/liteavsdk/player_android.git,78121179,2018-10-29,2026-03-23T02:33:22,"[""android"", ""flv"", ""live"", ""player"", ""sdk"", ""vod""]",537,122,5
fit2cloud/riskscanner,java,https://github.com/fit2cloud/riskscanner.git,79176763,2020-10-20,2023-04-14T10:00:34,[],1104,178,9
fit2cloud/rackshift,java,https://github.com/fit2cloud/rackshift.git,79177165,2020-06-12,2023-12-29T08:22:29,"[""bare-metal"", ""baremetal"", ""centos"", ""esxi"", ""ipxe"", ""provision-infrastructure"", ""provisioning"", ""pxe"", ""rackhd"", ""raid"", ""rhel"", ""server"", ""windows-server""]",548,86,9
apache/incubator-baremaps,java,https://github.com/apache/incubator-baremaps.git,80282165,2019-01-07,2026-05-18T11:30:54,"[""java"", ""mapbox"", ""openstreetmap"", ""postgis"", ""postgresql"", ""spatial-data"", ""vector-tiles"", ""web-mapping""]",563,72,32
owasp/wrongsecrets,java,https://github.com/owasp/wrongsecrets.git,80341610,2020-08-19,2026-08-04T07:13:19,"[""aws"", ""azure"", ""ctf"", ""devsecops"", ""docker"", ""gcp"", ""hashicorp-vault"", ""java"", ""keepass"", ""kubernetes"", ""owasp"", ""secrets"", ""secrets-management"", ""security"", ""terraform-aws"", ""terraform-azure"", ""terraform-gcp"", ""vault"", ""vulnerable-web-app""]",1453,595,42
vladmihalcea/hypersistence-utils,java,https://github.com/vladmihalcea/hypersistence-utils.git,80843824,2017-09-25,2026-07-22T11:45:51,"[""array"", ""custom-types"", ""enum"", ""hibernate"", ""hibernate-types"", ""hypersistence"", ""java"", ""json"", ""performance"", ""performance-testing"", ""spring"", ""spring-boot"", ""spring-data-jpa""]",2662,400,89
clickhouse/clickhouse-java,java,https://github.com/clickhouse/clickhouse-java.git,81402621,2016-07-15,2026-08-05T07:53:46,"[""clickhouse"", ""java-client"", ""jdbc"", ""jdbc-driver""]",1610,632,161
sudheerj/datastructures-algorithms,java,https://github.com/sudheerj/datastructures-algorithms.git,81409654,2018-12-07,2026-08-01T12:50:46,"[""algorithm-challenges"", ""algorithms"", ""datastructures"", ""datastructures-algorithms"", ""dsa"", ""dsa-algorithm"", ""dynamic-programming"", ""graph"", ""interview"", ""java"", ""javascript"", ""leetcode"", ""linkedlist"", ""lodash"", ""polyfills"", ""prototype"", ""queue"", ""stack"", ""tree""]",770,227,3
jqwik-team/jqwik,java,https://github.com/jqwik-team/jqwik.git,83152148,2016-03-21,2026-07-27T08:42:28,"[""hacktoberfest"", ""junit"", ""junit5"", ""quickcheck""]",837,83,28
vinylmusicplayer/vinylmusicplayer,java,https://github.com/vinylmusicplayer/vinylmusicplayer.git,83735648,2017-12-27,2024-08-18T03:36:11,"[""android"", ""f-droid"", ""java"", ""material"", ""music"", ""player"", ""vinyl""]",824,147,70
1095071913/maozi-cloud-parent,java,https://github.com/1095071913/maozi-cloud-parent.git,84802600,2019-08-15,2026-06-17T01:46:14,"[""devops"", ""k8s"", ""serverless"", ""servermesh"", ""springcloudalibaba""]",1351,67,1
eclipse-lsp4j/lsp4j,java,https://github.com/eclipse-lsp4j/lsp4j.git,86465231,2016-11-10,2026-07-09T11:41:33,"[""eclipse"", ""java"", ""language-server-protocol""]",725,156,61
wagiro/burpbounty,java,https://github.com/wagiro/burpbounty.git,86471506,2018-05-30,2023-03-27T06:42:05,[],1471,332,10
dragonwell-project/dragonwell11,java,https://github.com/dragonwell-project/dragonwell11.git,86483270,2019-12-12,2026-05-21T01:44:43,[],584,118,82
dragonwell-project/dragonwell8,java,https://github.com/dragonwell-project/dragonwell8.git,86523050,2019-03-07,2026-08-06T02:28:25,"[""dragonwell8"", ""java"", ""java8"", ""jdk"", ""lts"", ""openjdk""]",4318,496,84
kingschan1204/istock,java,https://github.com/kingschan1204/istock.git,86550318,2017-03-09,2024-12-27T11:15:46,"[""bootstrap"", ""echarts"", ""java"", ""jqgrid"", ""mongodb"", ""spider"", ""spring-boot"", ""stock"", ""vue2""]",818,362,1
protomaps/basemaps,java,https://github.com/protomaps/basemaps.git,87501412,2020-04-24,2026-07-22T08:58:38,"[""cartography"", ""maplibre"", ""maps"", ""openlayers"", ""openstreetmap"", ""pmtiles""]",705,101,28
apache/streampipes,java,https://github.com/apache/streampipes.git,88628028,2018-04-22,2026-08-05T08:08:44,"[""analytics"", ""dashboard"", ""edge"", ""iiot"", ""iot"", ""iot-analytics"", ""iot-platform"", ""microservices"", ""opcua"", ""s7"", ""self-service"", ""stream-processing""]",732,237,84
apache/linkis,java,https://github.com/apache/linkis.git,88692524,2019-07-23,2026-08-02T07:03:46,"[""application-manager"", ""context-service"", ""engine"", ""hive"", ""hive-table"", ""impala"", ""jdbc"", ""jobserver"", ""linkis"", ""livy"", ""presto"", ""pyspark"", ""resource-manager"", ""rest-api"", ""scriptis"", ""spark"", ""sql"", ""storage"", ""thrift-server"", ""udf""]",3404,1166,165
fizzgate/fizz-gateway-node,java,https://github.com/fizzgate/fizz-gateway-node.git,92802774,2020-08-31,2026-07-02T02:01:04,"[""api"", ""gateway"", ""security""]",1070,294,5
unevensoftware/leafpic,java,https://github.com/unevensoftware/leafpic.git,92839211,2016-01-07,2023-05-27T09:24:07,"[""android"", ""app"", ""gallery"", ""kotlin"", ""material""]",3245,1378,38
auties00/cobalt,java,https://github.com/auties00/cobalt.git,94454916,2020-12-29,2026-07-15T10:51:40,"[""java"", ""whatsapp"", ""whatsapp-api"", ""whatsapp-automation"", ""whatsapp-bot"", ""whatsapp-chat"", ""whatsapp-web"", ""whatsapp-web-api"", ""whatsappweb""]",902,253,17
apache/eventmesh,java,https://github.com/apache/eventmesh.git,94471277,2019-09-16,2026-08-05T09:38:37,"[""cloud-native"", ""cqrs"", ""esb"", ""event-connector"", ""event-driven"", ""event-gateway"", ""event-governance"", ""event-mesh"", ""event-sourcing"", ""event-streaming"", ""hacktoberfest"", ""message-bus"", ""microservice"", ""multi-runtime"", ""pubsub"", ""serverless"", ""serverless-workflow""]",1744,653,339
datavane/tis,java,https://github.com/datavane/tis.git,94471309,2019-01-23,2026-08-04T01:29:51,"[""cdc"", ""chunjun"", ""dataops"", ""datax"", ""etl"", ""flink"", ""flink-streaming"", ""java""]",1313,284,3
operator-framework/java-operator-sdk,java,https://github.com/operator-framework/java-operator-sdk.git,94486994,2019-05-25,2026-08-05T08:40:09,"[""hacktoberfest"", ""java"", ""java-library"", ""kubernetes-operator""]",937,242,88
thingsboard/tbmq,java,https://github.com/thingsboard/tbmq.git,94497062,2020-11-24,2026-08-04T09:18:26,"[""broker"", ""iot"", ""java"", ""kafka"", ""mqtt"", ""mqtt-broker"", ""mqtt-server"", ""mqtt-service"", ""platform"", ""postgresql"", ""thingsboard""]",748,87,9
baomidou/dynamic-datasource,java,https://github.com/baomidou/dynamic-datasource.git,94519109,2018-04-28,2026-04-28T03:02:17,"[""datasource"", ""distributed-transaction"", ""dynamic-datasource"", ""dynamicdatasource"", ""multi-datasource"", ""multidatasource"", ""mybatis"", ""spring-boot"", ""springboot""]",5163,1245,51
eclipse-jdtls/eclipse.jdt.ls,java,https://github.com/eclipse-jdtls/eclipse.jdt.ls.git,94535987,2016-06-27,2026-08-06T08:52:34,"[""eclipse"", ""java"", ""language-server-protocol""]",2416,478,103
smithy-lang/smithy,java,https://github.com/smithy-lang/smithy.git,94536248,2019-03-22,2026-08-06T07:28:33,"[""smithy"", ""smithy-models""]",2320,257,135
MSPaintIDE/MSPaintIDE,java,https://github.com/MSPaintIDE/MSPaintIDE.git,94554204,2017-12-09,2023-08-07T10:39:23,"[""hacktoberfest"", ""ide"", ""java"", ""ms-paint"", ""mspaint"", ""ocr"", ""ocr-java"", ""paint""]",1294,33,10
apache/seatunnel,java,https://github.com/apache/seatunnel.git,94554420,2017-08-05,2026-08-06T03:05:56,"[""apache"", ""batch"", ""cdc"", ""change-data-capture"", ""data-ingestion"", ""data-integration"", ""elt"", ""embeddings"", ""high-performance"", ""llm"", ""multimodal"", ""offline"", ""real-time"", ""streaming""]",9535,2333,419
rememberber/MooTool,java,https://github.com/rememberber/MooTool.git,94593095,2019-10-14,2026-07-29T12:53:44,"[""desktop-app"", ""gui"", ""httpclient"", ""httprequest"", ""java"", ""jsonformat"", ""qrcode"", ""quicknote"", ""swing"", ""swing-gui"", ""switchhost"", ""tool""]",2016,256,7
dromara/mendmix-cloud,java,https://github.com/dromara/mendmix-cloud.git,94599249,2016-07-03,2024-09-17T05:40:36,"[""cloud-native"", ""distributed"", ""framework"", ""kafka"", ""mybatis"", ""redis"", ""security"", ""spring-web"", ""springboot"", ""springcloud""]",695,290,3
summitt/Nope-Proxy,java,https://github.com/summitt/Nope-Proxy.git,94599898,2016-05-23,2024-05-25T04:08:59,"[""appsec"", ""appsecurity"", ""burp-extensions"", ""burp-plugin"", ""burpsuite"", ""burpsuite-extender"", ""hacking"", ""mitmproxy"", ""pentesting"", ""protobuf"", ""proxy"", ""tcp"", ""tcpproxy"", ""udp"", ""updproxy"", ""websockets""]",1507,237,3
refactorfirst/RefactorFirst,java,https://github.com/refactorfirst/RefactorFirst.git,94599912,2020-10-01,2026-07-13T12:38:54,"[""cycle-analysis"", ""cycle-detection"", ""java"", ""maven"", ""maven-plugin"", ""refactoring"", ""refactoring-tools"", ""report"", ""static-analysis""]",538,45,15
grpc-ecosystem/grpc-spring,java,https://github.com/grpc-ecosystem/grpc-spring.git,94600534,2016-12-30,2026-07-30T10:54:33,"[""grpc"", ""grpc-framework"", ""grpc-java"", ""java"", ""spring"", ""spring-boot"", ""spring-boot-grpc"", ""spring-boot-starter"", ""spring-cloud""]",3709,861,61
TongchengOpenSource/smart-doc,java,https://github.com/TongchengOpenSource/smart-doc.git,94601099,2019-09-10,2025-12-04T04:05:29,[],1592,296,72
benfry/processing4,java,https://github.com/benfry/processing4.git,94601219,2019-10-03,2024-02-02T02:28:53,[],1241,260,143
dromara/x-file-storage,java,https://github.com/dromara/x-file-storage.git,94601221,2020-12-16,2026-05-07T07:15:41,"[""bos"", ""file-storage"", ""file-upload"", ""ftp"", ""java"", ""kodo"", ""minio"", ""oss"", ""s3"", ""sftp"", ""spring"", ""uss"", ""webdav""]",2173,326,10
LGH1996/TapClick,java,https://github.com/LGH1996/TapClick.git,94601225,2020-02-09,2026-08-01T03:20:34,"[""accessibility"", ""android"", ""auto"", ""click"", ""skip""]",929,108,1
Minecraft-Transit-Railway/Minecraft-Transit-Railway,java,https://github.com/Minecraft-Transit-Railway/Minecraft-Transit-Railway.git,94601547,2017-05-02,2026-07-16T03:20:52,"[""crowdin"", ""game"", ""hong-kong"", ""hongkong"", ""java"", ""minecraft"", ""minecraft-fabric"", ""minecraft-fabric-mod"", ""minecraft-mod"", ""minecraft-transit-railway"", ""mod"", ""mtr""]",573,251,28
yuliskov/SmartTube,java,https://github.com/yuliskov/SmartTube.git,94602012,2020-07-28,2026-08-05T07:37:20,"[""android"", ""android-tv"", ""android-tv-box"", ""java"", ""kotlin"", ""retrofit2"", ""rxjava-android""]",31787,1916,24
apache/incubator-kie-kogito-runtimes,java,https://github.com/apache/incubator-kie-kogito-runtimes.git,94602474,2019-03-07,2026-07-22T06:01:50,"[""apache"", ""bpm"", ""cloud-native"", ""dmn"", ""java"", ""jbpm"", ""knative"", ""kogito"", ""pmml"", ""quarkus"", ""rule-engine"", ""spring-boot"", ""workflow"", ""workflow-engine""]",611,253,262
apache/incubator-seata-samples,java,https://github.com/apache/incubator-seata-samples.git,94674220,2019-01-29,2026-07-27T02:22:00,[],2353,1950,73
AdguardTeam/ContentBlocker,java,https://github.com/AdguardTeam/ContentBlocker.git,94674364,2016-05-05,2025-06-14T06:01:23,"[""adguard"", ""android"", ""content-blocker"", ""open-source""]",613,116,10
jjazzboss/JJazzLab,java,https://github.com/jjazzboss/JJazzLab.git,94675354,2019-09-01,2026-07-05T03:32:06,"[""arranger"", ""audio"", ""audio-applications"", ""computer-music"", ""cross-platform"", ""midi"", ""midi-api"", ""midi-sequencer"", ""music"", ""music-arrangements"", ""music-composition"", ""music-generation"", ""music-library"", ""music-player"", ""music-production"", ""music-theory"", ""music-tool"", ""standalone-app""]",569,46,10
apache/incubator-seata,java,https://github.com/apache/incubator-seata.git,94675594,2018-12-28,2026-08-05T10:09:03,"[""at"", ""consistency"", ""distributed-transaction"", ""microservice"", ""saga"", ""tcc"", ""xa""]",25987,8858,381
Suwayomi/Suwayomi-Server,java,https://github.com/Suwayomi/Suwayomi-Server.git,94702125,2020-12-23,2026-08-03T08:48:07,"[""desktop"", ""hacktoberfest"", ""javalin"", ""kotlin"", ""manga"", ""manga-downloader"", ""manga-reader"", ""mangareader"", ""self-hosted"", ""tachidesk"", ""tachidesk-server"", ""tachiyomi""]",7407,424,61
aws/serverless-java-container,java,https://github.com/aws/serverless-java-container.git,94705755,2016-12-05,2026-06-15T08:54:36,"[""api"", ""api-gateway"", ""api-server"", ""aws"", ""aws-lambda"", ""jersey"", ""rest-api"", ""serverless"", ""sparkjava"", ""sparkjava-framework"", ""spring""]",1557,572,62
itext/itext-java,java,https://github.com/itext/itext-java.git,94736241,2016-05-03,2026-08-06T10:18:18,"[""accessibility"", ""acroform"", ""archiving"", ""ccpa"", ""digital-signature"", ""documents"", ""encryption"", ""fips"", ""library"", ""pades"", ""pades-standard"", ""pdf"", ""pdf-generation"", ""pdfa"", ""pdfua"", ""sdk"", ""security"", ""signature-validation"", ""svg"", ""xfdf""]",2252,475,61
apache/flink-cdc,java,https://github.com/apache/flink-cdc.git,94746486,2020-07-27,2026-08-05T08:00:01,"[""batch"", ""cdc"", ""change-data-capture"", ""data-integration"", ""data-pipeline"", ""distributed"", ""elt"", ""etl"", ""flink"", ""kafka"", ""mysql"", ""paimon"", ""postgresql"", ""real-time"", ""schema-evolution""]",6455,2179,206
junixapp/XPopup,java,https://github.com/junixapp/XPopup.git,94876301,2018-12-07,2025-02-01T03:21:47,"[""android"", ""bottomsheet"", ""dialog"", ""drawerlayout"", ""popup"", ""popup-dialog"", ""popup-menu"", ""popup-window"", ""popup-windows"", ""popupdialog"", ""popupmenu"", ""popupwindow"", ""xpopup""]",7821,1182,1
SkinsRestorer/SkinsRestorer,java,https://github.com/SkinsRestorer/SkinsRestorer.git,94877499,2017-10-05,2026-08-06T06:46:17,"[""bungeecord-plugin"", ""minecraft"", ""minecraft-plugin"", ""spigot-plugin"", ""spigotmc"", ""sponge-plugin"", ""velocity-plugin""]",711,202,52
wells2333/sg-exam,java,https://github.com/wells2333/sg-exam.git,94952423,2019-04-16,2026-04-05T05:43:38,"[""examination"", ""online-exam-system"", ""online-examination-system"", ""spring-boot"", ""spring-microservice-exam"", ""vue""]",541,194,5
qiurunze123/miaosha,java,https://github.com/qiurunze123/miaosha.git,94955135,2018-09-14,2025-04-18T06:23:43,[],26317,6622,9
eclipse-jkube/jkube,java,https://github.com/eclipse-jkube/jkube.git,95048193,2019-10-22,2026-08-03T11:53:00,"[""cloud-native-java"", ""docker"", ""gradle-plugin"", ""hacktoberfest"", ""java"", ""kubernetes"", ""maven-plugin"", ""openshift""]",850,553,320
yudaocode/SpringBoot-Labs,java,https://github.com/yudaocode/SpringBoot-Labs.git,95052225,2018-09-12,2024-04-28T06:20:25,"[""activemq"", ""dubbo"", ""kafka"", ""rabbitmq"", ""rocketmq"", ""spring-boot"", ""spring-cloud"", ""spring-cloud-alibaba""]",18446,5841,2
camunda/camunda,java,https://github.com/camunda/camunda.git,95076176,2016-03-20,2026-08-06T08:42:11,"[""bpmn"", ""grpc"", ""java"", ""microservices"", ""orchestration-framework"", ""workflow"", ""workflow-engine""]",4236,810,209
Qihoo360/hbox,java,https://github.com/Qihoo360/hbox.git,95082475,2017-12-01,2025-07-01T08:13:28,"[""ai"", ""caffe"", ""deeplearning"", ""hadoop"", ""machinelearning"", ""mxnet"", ""tensorflow"", ""yarn""]",1732,386,6
ReactVision/viro,java,https://github.com/ReactVision/viro.git,95084074,2020-11-27,2026-07-28T03:10:28,"[""android"", ""ar"", ""augmented-reality"", ""blacklivesmatter"", ""expo"", ""ios"", ""mixed-reality"", ""nowar"", ""react-native"", ""viro-community"", ""viroreact"", ""virtual-reality"", ""vr"", ""xr""]",1817,210,22
jeecgboot/JeecgBoot,java,https://github.com/jeecgboot/JeecgBoot.git,95098919,2018-11-26,2026-07-30T05:57:37,"[""activiti"", ""agent"", ""ai"", ""antd"", ""claude-code"", ""cli"", ""codegenerator"", ""codex"", ""flowable"", ""langchain4j"", ""llm"", ""low-code"", ""mcp"", ""mybatis-plus"", ""rag"", ""skills"", ""spring-ai"", ""springboot"", ""springcloud"", ""vue3""]",47302,16133,28
opensolon/solon,java,https://github.com/opensolon/solon.git,95098986,2018-07-07,2026-08-06T04:42:19,"[""aop-framework"", ""ioc-framework"", ""java"", ""llm"", ""mcp-server"", ""microservice"", ""miro-framework"", ""modelcontextprotocol"", ""no-servlet"", ""no-spring"", ""openai"", ""plugin"", ""remoting"", ""rest-api"", ""rpc"", ""solon"", ""solon-cloud"", ""web-framework""]",2762,265,91
dtinit/data-transfer-project,java,https://github.com/dtinit/data-transfer-project.git,95102891,2018-01-04,2026-07-31T04:55:57,"[""data"", ""data-portability"", ""portability"", ""transfer""]",3617,498,80
dromara/skyeye,java,https://github.com/dromara/skyeye.git,95163090,2019-05-19,2026-08-06T09:10:07,"[""approval-process"", ""cms"", ""crm"", ""ehr"", ""erp"", ""hr"", ""layui"", ""mysql"", ""oa"", ""privileges"", ""redis"", ""skyeye"", ""springboot"", ""springboot2"", ""springcloud-vue"", ""websocket""]",1200,295,12
guchengwuyue/yshop-crm,java,https://github.com/guchengwuyue/yshop-crm.git,95167161,2019-11-07,2026-08-01T03:22:49,[],1822,558,5
buildfarm/buildfarm,java,https://github.com/buildfarm/buildfarm.git,95191279,2017-07-06,2026-07-17T11:30:07,"[""bazel"", ""caching"", ""remote-execution""]",767,238,105
CaffeineMC/sodium,java,https://github.com/CaffeineMC/sodium.git,95209833,2020-02-01,2026-08-03T12:24:40,"[""fabric"", ""minecraft"", ""neoforge""]",5703,961,104
binarywang/WxJava,java,https://github.com/binarywang/WxJava.git,95218193,2016-01-06,2026-08-04T11:11:25,"[""cp"", ""hacktoberfest"", ""java"", ""miniapp"", ""miniprogram"", ""mp"", ""open"", ""sdk"", ""weapp"", ""wechat"", ""wechat-sdk"", ""weixin"", ""weixin-sdk"", ""wxjava"", ""wxpay""]",32998,9057,414
TrianguloY/URLCheck,java,https://github.com/TrianguloY/URLCheck.git,95227930,2020-09-28,2026-08-03T10:53:59,"[""android-application"", ""fdroid"", ""open-source"", ""play-store"", ""url-check""]",1993,110,30
timestored/qstudio,java,https://github.com/timestored/qstudio.git,95229646,2016-05-24,2025-12-06T11:10:19,"[""clickhouse"", ""database"", ""duckdb"", ""duckdb-database"", ""gui"", ""kdb"", ""kdb-q"", ""mysql"", ""postgresql"", ""questdb"", ""sql"", ""timescaledb""]",1001,51,3
CommandAPI/CommandAPI,java,https://github.com/CommandAPI/CommandAPI.git,95235096,2018-08-19,2026-08-01T08:16:26,"[""brigadier"", ""bukkit-api"", ""commandapi"", ""minecraft"", ""minecraft-plugin"", ""nms"", ""paper"", ""spigot"", ""spigot-api""]",648,78,29
eclipse-milo/milo,java,https://github.com/eclipse-milo/milo.git,95237309,2016-05-06,2026-08-04T07:10:07,"[""client"", ""iec-62541"", ""iec62541"", ""industrial-automation"", ""iot"", ""java"", ""milo"", ""opc-ua"", ""opcua"", ""sdk"", ""server"", ""stack""]",1378,475,26
ywl5320/wlmedia,java,https://github.com/ywl5320/wlmedia.git,95246688,2018-12-31,2026-06-30T12:26:26,"[""android"", ""android-player"", ""av1"", ""avplayer"", ""ffmpeg"", ""harmonyos"", ""harmonyos-player"", ""ndk-ffmpeg-android"", ""player"", ""unityplayer"", ""video""]",836,163,1
eclipse-jifa/jifa,java,https://github.com/eclipse-jifa/jifa.git,95250969,2020-08-25,2026-07-28T08:25:06,"[""gc-log"", ""heap-dump"", ""java"", ""jfr"", ""jvm"", ""k8s"", ""online-analyzer"", ""thread-dump"", ""troubleshooting""]",676,123,31
CaffeineMC/lithium,java,https://github.com/CaffeineMC/lithium.git,95261352,2019-11-30,2026-07-31T06:20:36,"[""fabric"", ""minecraft"", ""neoforge""]",2172,200,40
Jaspersoft/jasperreports,java,https://github.com/Jaspersoft/jasperreports.git,95294044,2016-09-05,2026-08-06T01:32:24,"[""excel"", ""html"", ""java"", ""java-library"", ""pdf"", ""report"", ""reporting"", ""reports""]",1349,454,17
apache/streampark,java,https://github.com/apache/streampark.git,95297412,2019-05-27,2026-08-05T11:31:51,"[""apache"", ""development-framework"", ""easy-to-use"", ""etl-pipeline"", ""operation-platform"", ""streaming"", ""streampark""]",4325,1084,160
LFDT-web3j/web3j,java,https://github.com/LFDT-web3j/web3j.git,95328256,2016-09-04,2026-07-28T02:08:41,"[""android"", ""blockchain"", ""ether"", ""ethereum"", ""java"", ""reactivex"", ""rxjava"", ""smart-contract-tools"", ""smart-contracts"", ""solidity""]",5391,1773,231
spring-projects/spring-tools,java,https://github.com/spring-projects/spring-tools.git,95336220,2016-08-16,2026-08-06T11:30:57,"[""eclipse"", ""spring"", ""spring-boot"", ""sts4"", ""theia"", ""visual-studio-code"", ""vscode-extension""]",977,238,33
soywiz-archive/jtransc,java,https://github.com/soywiz-archive/jtransc.git,95367120,2016-02-08,2025-04-30T12:56:59,"[""as3"", ""compiler"", ""cpp"", ""csharp"", ""d"", ""dart"", ""haxe"", ""java"", ""javascript"", ""jtransc"", ""jvm"", ""kotlin"", ""php"", ""scala""]",631,68,10
bolo-blog/bolo-solo,java,https://github.com/bolo-blog/bolo-solo.git,95377214,2019-11-28,2025-12-05T05:53:51,"[""b3log"", ""blog"", ""bolo"", ""bolo-solo"", ""docker"", ""java"", ""solo"", ""tomcat""]",1318,207,10
jimichan/mynlp,java,https://github.com/jimichan/mynlp.git,95440981,2017-12-10,2025-07-27T09:54:51,"[""fasttext"", ""nlp"", ""pinyin"", ""segment"", ""starspace""]",682,90,4
tabby-sec/tabby,java,https://github.com/tabby-sec/tabby.git,95451822,2020-10-09,2026-01-17T04:18:44,"[""based-on-soot"", ""gadget-chain-discover"", ""java-static-analysis"", ""security-tools""]",1623,177,1
javapackager/JavaPackager,java,https://github.com/javapackager/JavaPackager.git,95455211,2019-02-24,2026-03-19T08:23:47,"[""deb"", ""debian-packages"", ""distribution"", ""dmg"", ""gradle"", ""gradle-plugin"", ""installer"", ""java"", ""java-applications"", ""javapackager"", ""linux-executables"", ""maven"", ""maven-plugin"", ""msi"", ""native"", ""native-windows"", ""packager"", ""pkg"", ""rpm"", ""rpm-packages""]",1194,147,27
AbrahamCaiJin/CommonUtilLibrary,java,https://github.com/AbrahamCaiJin/CommonUtilLibrary.git,95460367,2017-04-28,2025-08-18T06:38:41,[],2843,803,1
Rz-C/Mohist,java,https://github.com/Rz-C/Mohist.git,95464222,2019-08-25,2025-12-08T09:11:36,"[""bukkit"", ""cauldron"", ""craftbukkit"", ""forge"", ""java"", ""mcpc"", ""minecraft"", ""minecraft-server"", ""minecraftforge"", ""mohist"", ""neoforge"", ""spigot"", ""thermos""]",1500,273,11
Hakky54/ayza,java,https://github.com/Hakky54/ayza.git,95470683,2019-12-29,2026-08-03T04:39:53,"[""android"", ""certificate"", ""der"", ""encryption"", ""https"", ""java"", ""java-library"", ""keystore"", ""kotlin"", ""mutual-authentication"", ""p12"", ""p7b"", ""pem"", ""scala"", ""security"", ""ssl"", ""sslcontext"", ""tls"", ""truststore""]",579,79,14
OpenAEV-Platform/openaev,java,https://github.com/OpenAEV-Platform/openaev.git,95477661,2016-09-12,2026-08-06T08:51:19,"[""adversary-emulation"", ""adversary-exposure-validation"", ""aev"", ""attack-simulation"", ""breach-simulator"", ""cybersecurity"", ""purple-team""]",1769,218,60
PaperMC/adventure,java,https://github.com/PaperMC/adventure.git,95514615,2017-02-01,2026-07-28T11:54:25,"[""java"", ""json"", ""minecraft"", ""minecraft-java-edition"", ""minecraft-nbt"", ""papermc"", ""user-interface""]",880,157,85
spring-attic/spring-fu,java,https://github.com/spring-attic/spring-fu.git,95557277,2018-05-24,2025-12-04T05:09:21,"[""coroutines"", ""graalvm"", ""kotlin"", ""spring"", ""spring-boot""]",1682,135,31
CelestialArtistry/Tenet,java,https://github.com/CelestialArtistry/Tenet.git,95572212,2019-08-25,2025-12-18T06:45:25,"[""bukkit"", ""cauldron"", ""craftbukkit"", ""forge"", ""java"", ""mcpc"", ""minecraft"", ""minecraft-server"", ""minecraftforge"", ""mohist"", ""neoforge"", ""spigot"", ""thermos""]",1502,276,11
FabricMC/fabric-api,java,https://github.com/FabricMC/fabric-api.git,95574584,2018-11-04,2026-08-05T05:30:58,"[""fabric"", ""java"", ""minecraft""]",3136,558,199
Teneted/Tenet,java,https://github.com/Teneted/Tenet.git,95577666,2019-08-25,2026-01-16T12:51:49,"[""bukkit"", ""cauldron"", ""craftbukkit"", ""forge"", ""java"", ""mcpc"", ""minecraft"", ""minecraft-server"", ""minecraftforge"", ""mohist"", ""neoforge"", ""spigot"", ""thermos""]",1511,276,13
dromara/surpass,java,https://github.com/dromara/surpass.git,95601151,2018-03-14,2026-05-21T09:22:10,"[""jwt"", ""shiro"", ""shiro-restful""]",656,239,11
TDuckCloud/tduck-survey-form,java,https://github.com/TDuckCloud/tduck-survey-form.git,95601237,2019-12-11,2026-07-18T12:26:16,"[""questionnaire"", ""survey"", ""survey-form"", ""survey-forms"", ""survey-system""]",1230,169,11
yuchuangu85/Launcher3,java,https://github.com/yuchuangu85/Launcher3.git,95614741,2016-04-30,2026-03-17T03:13:53,"[""launcher"", ""launcher3""]",704,181,2
apache/hugegraph,java,https://github.com/apache/hugegraph.git,95645289,2018-07-18,2026-08-05T01:57:34,"[""big-data"", ""database"", ""graph"", ""graph-database"", ""graphdb"", ""gremlin""]",3143,627,101
fandreuz/TUI-ConsoleLauncher,java,https://github.com/fandreuz/TUI-ConsoleLauncher.git,95645292,2016-05-11,2026-04-10T12:58:35,"[""android"", ""cli"", ""console"", ""launcher"", ""linux"", ""shell"", ""terminal""]",1360,289,6
multi-os-engine/multi-os-engine,java,https://github.com/multi-os-engine/multi-os-engine.git,95664689,2016-08-10,2026-05-20T07:17:31,"[""art"", ""eclipse-plugin"", ""gradle-plugin"", ""idea-plugin"", ""ios"", ""ios-app"", ""java"", ""kotlin"", ""llvm"", ""macos"", ""multi-os-engine""]",596,48,9
besu-eth/besu,java,https://github.com/besu-eth/besu.git,95664746,2019-09-04,2026-08-06T05:01:45,"[""besu"", ""blockchain"", ""ethereum"", ""java"", ""p2p""]",1822,1106,285
eclipse-openvsx/openvsx,java,https://github.com/eclipse-openvsx/openvsx.git,95676690,2019-12-09,2026-08-05T06:52:00,"[""extension"", ""marketplace"", ""registry"", ""theia"", ""vscode""]",2011,350,61
oculix-org/SikuliX1,java,https://github.com/oculix-org/SikuliX1.git,95706254,2018-03-07,2026-07-24T01:52:29,"[""java"", ""java-aware-languages"", ""linux"", ""macos"", ""macosm1"", ""opencv"", ""python"", ""ruby"", ""tesseract-ocr"", ""visual-automation"", ""visual-testing"", ""windows11""]",3230,397,11
apache/casbin-jcasbin,java,https://github.com/apache/casbin-jcasbin.git,95735197,2017-09-08,2026-08-04T05:56:52,"[""abac"", ""access-control"", ""acl"", ""auth"", ""authorization"", ""authz"", ""casbin"", ""java"", ""permission"", ""rbac"", ""xacml""]",2653,491,68
nordicsemi/Android-BLE-Library,java,https://github.com/nordicsemi/Android-BLE-Library.git,95744167,2017-12-18,2026-06-27T03:39:30,[],2389,458,25
nzymeorg/nzyme,java,https://github.com/nzymeorg/nzyme.git,95865105,2016-11-11,2026-08-01T12:12:56,[],1573,149,11
