repo_name,language,clone_url,github_id,created_at,pushed_at,topics,stars,forks,num_contributors
jhipster/jhipster-registry,typescript,https://github.com/jhipster/jhipster-registry.git,3265069,2016-02-05,2025-12-31T12:54:08,"[""eureka"", ""hacktoberfest"", ""jhipster"", ""spring-configuration""]",708,644,49
mcodex/react-native-sensitive-info,typescript,https://github.com/mcodex/react-native-sensitive-info.git,3268965,2016-05-10,2026-08-04T09:39:19,"[""android"", ""biometric-authentication"", ""expo"", ""fingerprint"", ""ios"", ""ios-keychain"", ""keystore"", ""macos"", ""react-native"", ""react-native-sensitive-info"", ""secure-enclave"", ""strongbox"", ""tvos"", ""visionos"", ""watchos""]",1059,236,50
apicurio/apicurio-studio,typescript,https://github.com/apicurio/apicurio-studio.git,3273276,2016-09-29,2025-10-17T03:05:32,"[""angular2"", ""api-design"", ""developer-tools"", ""openapi"", ""swagger"", ""typescript""]",1062,518,9
microsoft/vscode-java-debug,typescript,https://github.com/microsoft/vscode-java-debug.git,3273322,2017-09-06,2026-08-05T10:54:51,"[""java"", ""java-debugger"", ""vscode-java""]",587,427,38
software-mansion/react-native-gesture-handler,typescript,https://github.com/software-mansion/react-native-gesture-handler.git,3275766,2016-10-27,2026-08-05T05:21:15,"[""gesture"", ""javascript"", ""react-native""]",6774,1064,267
software-mansion/react-native-screens,typescript,https://github.com/software-mansion/react-native-screens.git,3277676,2018-08-03,2026-08-05T05:26:18,"[""react-native"", ""react-navigation"", ""typescript""]",3705,682,174
openvidu/openvidu,typescript,https://github.com/openvidu/openvidu.git,3279818,2016-10-10,2026-07-29T10:09:01,"[""chat"", ""kurento"", ""openvidu"", ""room"", ""sfu"", ""typescript"", ""video"", ""video-conferencing"", ""webrtc""]",2122,479,32
ionic-team/capacitor,typescript,https://github.com/ionic-team/capacitor.git,3341822,2017-11-18,2026-08-05T03:59:35,"[""android"", ""capacitor"", ""cordova"", ""cross-platform"", ""css"", ""html"", ""ionic"", ""ios"", ""java"", ""javascript"", ""pwa"", ""swift""]",16236,1224,289
expo/expo,typescript,https://github.com/expo/expo.git,3374198,2016-08-15,2026-07-28T12:45:41,"[""android"", ""app-framework"", ""expo"", ""framework"", ""frontend"", ""ios"", ""javascript"", ""mobile"", ""native"", ""native-apps"", ""react"", ""react-native"", ""typescript"", ""universal"", ""web"", ""web-framework""]",51076,13216,402
justjake/quickjs-emscripten,typescript,https://github.com/justjake/quickjs-emscripten.git,3392131,2020-01-05,2026-07-23T09:17:36,"[""eval"", ""javascript"", ""plugins"", ""quickjs"", ""wasm""]",1684,135,16
crauzer/obsidian,typescript,https://github.com/crauzer/obsidian.git,3453493,2017-09-16,2026-02-24T03:02:29,"[""editor"", ""league-of-legends"", ""obsidian"", ""tool"", ""wad""]",646,109,9
dotnet/try,typescript,https://github.com/dotnet/try.git,3460776,2017-09-21,2025-12-03T01:28:29,"[""blazor"", ""csharp"", ""documentation"", ""dotnet"", ""interactive-programming"", ""interactive-tutorial""]",3020,562,47
korzhcom/easydata,typescript,https://github.com/korzhcom/easydata.git,3462350,2020-09-25,2026-08-04T03:28:37,"[""asp-net-core"", ""crud-api"", ""crud-generator"", ""crud-operations"", ""crud-ui"", ""ef-core"", ""net5"", ""net6""]",620,71,8
chrismaltby/gb-studio,typescript,https://github.com/chrismaltby/gb-studio.git,3495277,2019-04-17,2026-08-05T04:14:53,[],9351,566,71
tdurieux/anonymous_github,typescript,https://github.com/tdurieux/anonymous_github.git,3697231,2017-09-28,2026-08-04T12:06:23,"[""anonymous"", ""double-anonymous"", ""double-blind"", ""open-science"", ""peer-review""]",2156,85,8
ohmyform/ohmyform,typescript,https://github.com/ohmyform/ohmyform.git,3714297,2019-07-11,2024-10-31T04:11:33,"[""agplv3"", ""container"", ""docker"", ""docker-compose"", ""embedable"", ""forms"", ""googleforms"", ""hacktoberfest"", ""hacktoberfest2020"", ""mit-license"", ""ohmyform"", ""selfhosted"", ""survey"", ""survey-app"", ""surveys"", ""tellform"", ""typeform""]",2811,436,49
mil-tokyo/webdnn,typescript,https://github.com/mil-tokyo/webdnn.git,3720176,2017-04-06,2026-07-28T09:12:57,"[""accelerate"", ""deep-neural-networks"", ""javascript"", ""optimization"", ""webgpu""]",2000,149,12
onesignal/react-native-onesignal,typescript,https://github.com/onesignal/react-native-onesignal.git,3802614,2016-02-19,2026-08-03T05:39:52,"[""android"", ""ios"", ""mobile"", ""notifications"", ""onesignal"", ""onesignal-instructions"", ""onesignal-notifications"", ""push"", ""push-notifications"", ""react-native"", ""react-native-onesignal""]",1595,380,82
rive-app/rive-wasm,typescript,https://github.com/rive-app/rive-wasm.git,3899220,2020-08-17,2026-08-05T10:44:14,[],959,86,18
xgi/houdoku,typescript,https://github.com/xgi/houdoku.git,3932424,2018-06-13,2025-01-17T03:34:17,"[""comics"", ""electron"", ""manga"", ""manga-reader"", ""react"", ""reactjs"", ""ts"", ""typescript""]",841,43,22
rpg-paper-maker/rpg-paper-maker,typescript,https://github.com/rpg-paper-maker/rpg-paper-maker.git,3942818,2017-06-08,2026-08-05T09:21:47,[],688,75,16
aws-samples/aws-cdk-examples,typescript,https://github.com/aws-samples/aws-cdk-examples.git,3955555,2019-02-01,2026-07-29T07:40:53,"[""cdk"", ""cdk-examples""]",5611,2465,254
maartenbreddels/ipyvolume,typescript,https://github.com/maartenbreddels/ipyvolume.git,3962533,2016-12-21,2021-11-04T04:00:54,[],1685,213,39
wowup/wowup,typescript,https://github.com/wowup/wowup.git,3981016,2020-06-28,2026-07-25T04:09:47,"[""world-of-warcraft"", ""world-of-warcraft-addon""]",955,179,49
superwerker/superwerker,typescript,https://github.com/superwerker/superwerker.git,3982045,2020-06-28,2026-06-22T11:52:54,"[""aws"", ""best-practices"", ""landing-zone"", ""landingzone"", ""multi-account""]",549,32,21
blackholll/loonflow,typescript,https://github.com/blackholll/loonflow.git,3983500,2018-02-08,2026-05-25T12:37:25,"[""devops"", ""django"", ""python"", ""ticket"", ""workflow"", ""workflow-engine""]",2081,704,15
yihong0618/running_page,typescript,https://github.com/yihong0618/running_page.git,3983505,2020-09-17,2026-07-16T01:25:23,"[""adidas"", ""club-nike"", ""data-analysis"", ""data-visualization"", ""garmin"", ""garmin-watch"", ""github-secret"", ""gpx"", ""mapbox"", ""nike"", ""strava"", ""vercel""]",4493,1418,160
orchest/orchest,typescript,https://github.com/orchest/orchest.git,3984942,2020-05-21,2023-06-06T09:48:26,"[""airflow"", ""cloud"", ""dag"", ""data-pipelines"", ""data-science"", ""deployment"", ""docker"", ""etl"", ""etl-pipeline"", ""ide"", ""jupyter"", ""jupyterlab"", ""kubernetes"", ""machine-learning"", ""notebooks"", ""orchest"", ""pipelines"", ""python"", ""self-hosted""]",3878,230,28
blakeblackshear/frigate,typescript,https://github.com/blakeblackshear/frigate.git,3988015,2019-01-26,2026-08-05T12:40:28,"[""ai"", ""camera"", ""google-coral"", ""home-assistant"", ""home-automation"", ""homeautomation"", ""mqtt"", ""nvr"", ""object-detection"", ""realtime"", ""rtsp"", ""tensorflow""]",34856,3450,389
voxel51/fiftyone,typescript,https://github.com/voxel51/fiftyone.git,3988092,2020-04-22,2026-08-05T11:13:45,"[""active-learning"", ""artificial-intelligence"", ""computer-vision"", ""data-centric-ai"", ""data-cleaning"", ""data-curation"", ""data-quality"", ""data-science"", ""deep-learning"", ""developer-tools"", ""image-classification"", ""machine-learning"", ""object-detection"", ""python"", ""unstructured-data"", ""vector-search"", ""visualization""]",10984,806,165
yuche/gouqi,typescript,https://github.com/yuche/gouqi.git,4005531,2016-09-09,2017-06-13T07:25:46,[],500,80,0
propelml/propel,typescript,https://github.com/propelml/propel.git,4009227,2017-11-16,2018-05-29T06:55:08,[],2769,76,18
nathanwalker/angular-seed-advanced,typescript,https://github.com/nathanwalker/angular-seed-advanced.git,4009244,2016-01-27,2018-07-23T05:05:34,[],2295,477,183
ispring/webglobe,typescript,https://github.com/ispring/webglobe.git,4009299,2016-09-26,2018-07-28T08:25:02,[],676,254,2
brookshi/hitchhiker,typescript,https://github.com/brookshi/hitchhiker.git,4012097,2016-09-26,2019-02-09T01:47:16,[],2161,392,3
bitrinjani/r2,typescript,https://github.com/bitrinjani/r2.git,4012103,2017-10-28,2023-04-19T07:14:11,[],730,263,7
tensorflow/tfjs-core,typescript,https://github.com/tensorflow/tfjs-core.git,4014616,2017-08-02,2019-08-14T01:44:14,[],8524,994,126
tensorflow/tfjs-node,typescript,https://github.com/tensorflow/tfjs-node.git,4014627,2018-02-12,2019-08-19T07:24:24,[],1030,111,17
tensorflow/tfjs-converter,typescript,https://github.com/tensorflow/tfjs-converter.git,4014631,2018-01-22,2019-08-15T03:48:25,[],672,139,38
zenghongtu/mob,typescript,https://github.com/zenghongtu/mob.git,4016244,2019-04-23,2019-12-11T10:12:02,[],973,113,2
coinbase/coinbase-pro-trading-toolkit,typescript,https://github.com/coinbase/coinbase-pro-trading-toolkit.git,4017268,2017-08-23,2020-01-16T05:48:16,[],814,234,28
artsy/emission,typescript,https://github.com/artsy/emission.git,4017270,2016-02-24,2020-03-03T02:44:08,[],620,82,43
react-navigation/navigation-ex,typescript,https://github.com/react-navigation/navigation-ex.git,4017272,2019-06-09,2020-02-07T11:13:10,[],511,47,51
onivim/oni,typescript,https://github.com/onivim/oni.git,4018815,2016-11-16,2020-04-01T03:27:11,[],11462,329,86
alexjlockwood/avocado,typescript,https://github.com/alexjlockwood/avocado.git,4018816,2017-11-14,2020-04-29T10:14:34,[],1024,42,2
madou/element-motion,typescript,https://github.com/madou/element-motion.git,4018817,2016-06-13,2020-04-14T07:55:24,[],833,13,3
ionic-team/ionic-app-scripts,typescript,https://github.com/ionic-team/ionic-app-scripts.git,4018822,2016-09-09,2020-04-30T07:55:26,[],608,280,73
only-cliches/nano-sql,typescript,https://github.com/only-cliches/nano-sql.git,4019799,2016-12-07,2025-06-20T11:25:25,"[""csv"", ""database"", ""history"", ""indexeddb"", ""isomorphic"", ""json"", ""leveldb"", ""localstorage"", ""nodejs"", ""nosql"", ""orm"", ""orm-library"", ""persistence"", ""rdbms"", ""sql"", ""sqlite"", ""taffydb"", ""trie"", ""typescript""]",785,49,7
awslabs/dynamodb-data-mapper-js,typescript,https://github.com/awslabs/dynamodb-data-mapper-js.git,4019802,2017-10-06,2023-02-16T07:41:27,[],815,110,12
ethereum/js-ethereum-cryptography,typescript,https://github.com/ethereum/js-ethereum-cryptography.git,4019909,2019-09-25,2026-05-27T10:03:08,"[""aes"", ""bip32"", ""bls12-381"", ""bn254"", ""cryptography"", ""ethereum"", ""keccak"", ""prng"", ""ripemd160"", ""scrypt"", ""secp256k1"", ""sha256"", ""sha3"", ""typescript""]",759,111,12
alexjlockwood/shapeshifter,typescript,https://github.com/alexjlockwood/shapeshifter.git,4020847,2016-12-24,2022-03-22T06:48:46,[],3725,192,3
aedron/luoo.qy,typescript,https://github.com/aedron/luoo.qy.git,4020862,2017-02-18,2020-07-07T04:45:48,[],542,71,0
stbui/angular-material-app,typescript,https://github.com/stbui/angular-material-app.git,4020864,2017-03-17,2023-01-07T02:10:40,[],516,182,1
rwieruch/nextjs-firebase-authentication,typescript,https://github.com/rwieruch/nextjs-firebase-authentication.git,4020865,2020-01-14,2022-09-28T10:36:20,[],598,103,4
apollographql/apollo-link,typescript,https://github.com/apollographql/apollo-link.git,4022334,2017-06-07,2023-04-14T11:28:06,[],1439,359,112
lsqy/taro-music,typescript,https://github.com/lsqy/taro-music.git,4022336,2019-02-22,2023-12-16T02:23:19,"[""music"", ""music-player"", ""react"", ""react-hooks"", ""redux"", ""taro"", ""taro-music"", ""taro-ui"", ""typescript"", ""weapp""]",1705,356,2
microsoft/dts-gen,typescript,https://github.com/microsoft/dts-gen.git,4023871,2016-08-25,2023-12-15T08:02:03,[],2436,106,22
fulls1z3/universal,typescript,https://github.com/fulls1z3/universal.git,4023876,2017-03-27,2023-01-07T06:48:24,[],707,143,7
yangshun/lago,typescript,https://github.com/yangshun/lago.git,4024775,2017-06-29,2024-05-09T12:49:12,"[""algorithm"", ""data-structures"", ""javascript"", ""typescript""]",2741,303,15
lemoncode/react-typescript-samples,typescript,https://github.com/lemoncode/react-typescript-samples.git,4024777,2016-02-28,2023-04-02T11:03:07,[],1819,396,28
ant-design/ant-design-pro-layout,typescript,https://github.com/ant-design/ant-design-pro-layout.git,4024778,2019-04-05,2020-08-07T10:51:24,[],962,236,229
eduardoborges/use-mask-input,typescript,https://github.com/eduardoborges/use-mask-input.git,4025539,2020-07-09,2026-08-04T12:59:30,"[""form"", ""forms"", ""hook"", ""mask"", ""masking"", ""react"", ""react-hooks""]",673,25,14
andreasonny83/unique-names-generator,typescript,https://github.com/andreasonny83/unique-names-generator.git,4025940,2018-02-21,2023-10-10T06:56:39,"[""name-generator"", ""nodejs"", ""npm"", ""npm-package""]",526,56,13
andycall/rcre,typescript,https://github.com/andycall/rcre.git,4026386,2019-03-10,2023-01-03T08:28:42,[],674,11,2
emonney/quickapp,typescript,https://github.com/emonney/quickapp.git,4027299,2017-02-23,2026-01-03T05:32:32,"[""ai"", ""ai-template"", ""angular"", ""asp-net-core"", ""aspnet-core"", ""aspnetcore"", ""identityserver4"", ""rad"", ""rapid-development"", ""template"", ""template-project""]",1333,625,3
trimox/angular-mdc-web,typescript,https://github.com/trimox/angular-mdc-web.git,4027306,2017-04-13,2020-09-09T10:29:31,[],543,88,20
joe-re/sql-language-server,typescript,https://github.com/joe-re/sql-language-server.git,4027324,2018-05-02,2024-12-05T07:20:37,"[""language-server-protocol"", ""lint"", ""sql""]",700,65,15
alexandercerutti/passkit-generator,typescript,https://github.com/alexandercerutti/passkit-generator.git,4027344,2018-09-12,2026-06-29T08:20:28,"[""apple"", ""apple-pass"", ""apple-passkit"", ""apple-wallet"", ""ios"", ""pass"", ""passkit"", ""wallet""]",1235,137,21
dancancro/great-big-example-application,typescript,https://github.com/dancancro/great-big-example-application.git,4028342,2016-10-23,2021-04-08T10:59:18,[],904,261,7
rxjs-cn/rxjs-docs-cn,typescript,https://github.com/rxjs-cn/rxjs-docs-cn.git,4028345,2017-05-01,2020-09-12T12:51:28,[],779,73,159
haikuteam/core,typescript,https://github.com/haikuteam/core.git,4028346,2018-01-29,2020-09-16T03:39:49,[],733,39,12
linkedin/opticss,typescript,https://github.com/linkedin/opticss.git,4028347,2017-08-02,2023-02-28T11:41:25,[],716,27,4
localvoid/ivi,typescript,https://github.com/localvoid/ivi.git,4028356,2016-11-13,2026-08-03T04:08:59,"[""frontend"", ""ui"", ""web""]",801,23,5
tvillarete/ipod-classic-js,typescript,https://github.com/tvillarete/ipod-classic-js.git,4028368,2019-12-23,2026-06-19T10:50:46,"[""apple-music""]",1608,123,7
yannbf/ionic3-components,typescript,https://github.com/yannbf/ionic3-components.git,4030046,2016-11-04,2020-09-27T03:54:22,[],1691,739,23
harryho/react-crm,typescript,https://github.com/harryho/react-crm.git,4030057,2017-07-09,2026-08-04T10:49:49,"[""material-ui"", ""react"", ""react-redux"", ""real-world"", ""storybook"", ""thunk"", ""typescript""]",523,211,4
ascoders/gaea-editor,typescript,https://github.com/ascoders/gaea-editor.git,4030811,2016-09-20,2020-10-03T12:46:33,[],1127,205,5
ibm/openapi-to-graphql,typescript,https://github.com/ibm/openapi-to-graphql.git,4030813,2018-09-05,2026-06-02T05:07:45,"[""graphql"", ""oas-to-graphql"", ""openapi-specification"", ""openapi-to-graphql"", ""rest-api"", ""swagger"", ""swagger-to-graphql"", ""translation"", ""wrapper""]",1645,215,28
sourcegraph/javascript-typescript-langserver,typescript,https://github.com/sourcegraph/javascript-typescript-langserver.git,4030814,2016-09-21,2020-10-16T02:55:25,[],798,69,25
edcarroll/ng2-semantic-ui,typescript,https://github.com/edcarroll/ng2-semantic-ui.git,4030821,2016-04-05,2020-10-01T02:47:12,[],626,224,25
iamvucms/react-native-instagram-clone,typescript,https://github.com/iamvucms/react-native-instagram-clone.git,4030828,2020-04-13,2022-03-15T08:13:11,[],689,241,2
microsoft/angular-react,typescript,https://github.com/microsoft/angular-react.git,4030830,2018-08-10,2025-06-19T08:04:25,"[""angular"", ""office-ui-fabric"", ""react""]",546,73,21
happykit/flags,typescript,https://github.com/happykit/flags.git,4030868,2020-09-06,2025-12-12T05:59:58,"[""feature-flags"", ""feature-toggles"", ""nextjs"", ""react"", ""reactjs""]",1049,12,5
toonvanstrijp/nestjs-i18n,typescript,https://github.com/toonvanstrijp/nestjs-i18n.git,4030889,2019-03-24,2026-07-07T11:23:16,"[""i18n"", ""nestjs"", ""nodejs"", ""typescript""]",718,140,71
mattlewis92/angular-calendar,typescript,https://github.com/mattlewis92/angular-calendar.git,4032011,2016-04-26,2026-04-08T03:19:00,"[""angular"", ""calendar"", ""calendar-component""]",2818,883,33
frontarm/navi,typescript,https://github.com/frontarm/navi.git,4032012,2016-09-24,2022-08-03T03:47:23,[],2072,72,27
actions-on-google/actions-on-google-nodejs,typescript,https://github.com/actions-on-google/actions-on-google-nodejs.git,4032021,2016-12-08,2023-03-24T10:26:51,[],901,225,30
thx/rap2-dolores,typescript,https://github.com/thx/rap2-dolores.git,4032027,2017-11-23,2024-10-31T09:05:18,[],610,254,7
zalando-incubator/graphql-jit,typescript,https://github.com/zalando-incubator/graphql-jit.git,4032029,2018-10-12,2026-07-27T12:50:15,[],1084,64,32
zxch3n/pomodorologger,typescript,https://github.com/zxch3n/pomodorologger.git,4032050,2019-07-08,2023-03-07T03:25:34,[],806,94,5
viktorgullmark/exilence-next,typescript,https://github.com/viktorgullmark/exilence-next.git,4032068,2019-06-13,2023-03-03T11:42:12,[],567,82,12
aaronius/penpal,typescript,https://github.com/aaronius/penpal.git,4032086,2016-10-30,2026-05-18T06:54:19,"[""communication"", ""iframe"", ""iframes"", ""message-channel"", ""message-port"", ""port"", ""postmessage"", ""promise"", ""service-worker"", ""service-workers"", ""shared-worker"", ""shared-workers"", ""web-worker"", ""web-workers"", ""window"", ""windows"", ""workers""]",541,65,12
kac89/vulnrepo,typescript,https://github.com/kac89/vulnrepo.git,4032589,2017-04-01,2026-08-01T05:47:01,"[""asvs"", ""bugbounty"", ""burpsuite"", ""end-to-end-encryption"", ""hacking"", ""nessus"", ""ollama"", ""openvas"", ""owasp"", ""pci-dss"", ""pentest-report"", ""pentesting"", ""reporting"", ""reporting-tool"", ""security"", ""security-tool"", ""semgrep"", ""trivy"", ""vulnerabilities"", ""zaproxy""]",570,118,4
nx-go/nx-go,typescript,https://github.com/nx-go/nx-go.git,4032627,2020-07-25,2026-07-28T10:10:37,"[""automation"", ""go"", ""golang"", ""monorepo"", ""nx"", ""nx-plugin"", ""nx-workspace""]",569,53,14
compodoc/compodoc,typescript,https://github.com/compodoc/compodoc.git,4033831,2016-10-17,2026-08-05T11:47:08,"[""angular"", ""angular2"", ""ast"", ""devtools"", ""documentation"", ""documentation-tool"", ""generator"", ""jsdoc"", ""typescript""]",4119,410,72
tomastrajan/angular-ngrx-material-starter,typescript,https://github.com/tomastrajan/angular-ngrx-material-starter.git,4033832,2017-05-10,2022-11-22T02:49:27,[],2735,884,50
millsp/ts-toolbelt,typescript,https://github.com/millsp/ts-toolbelt.git,4033833,2019-06-08,2025-06-02T02:46:18,"[""dynamic-types"", ""safety"", ""type-checking"", ""type-safety"", ""type-utilities"", ""types"", ""typescript"", ""typescript-library"", ""utility""]",6972,150,14
daybrush/scenejs,typescript,https://github.com/daybrush/scenejs.git,4033834,2017-03-24,2023-06-19T10:39:08,"[""angular"", ""animation"", ""css3"", ""css3-animation"", ""graphic"", ""javascript"", ""javascript-animation"", ""javascript-animation-library"", ""motion"", ""preact"", ""react"", ""scene"", ""scenejs"", ""timeline"", ""typescript"", ""vue""]",2495,156,9
microsoft/azure-repos-vscode,typescript,https://github.com/microsoft/azure-repos-vscode.git,4033846,2016-03-07,2020-11-06T02:18:41,[],653,472,24
xobotyi/react-scrollbars-custom,typescript,https://github.com/xobotyi/react-scrollbars-custom.git,4033849,2018-07-02,2024-05-15T05:16:25,"[""component"", ""custom"", ""customizable"", ""react"", ""react-component"", ""scroll"", ""scrollbar"", ""scrollbars"", ""scroller""]",819,76,11
danielykpan/date-time-picker,typescript,https://github.com/danielykpan/date-time-picker.git,4033850,2016-11-25,2023-12-04T07:07:29,"[""angular"", ""angular-cli"", ""angular-material"", ""angular6"", ""component"", ""datetime-picker"", ""momentjs"", ""picker""]",558,351,6
stoically/temporary-containers,typescript,https://github.com/stoically/temporary-containers.git,4033851,2017-11-23,2023-03-30T02:34:43,[],750,46,18
ota-meshi/eslint-plugin-regexp,typescript,https://github.com/ota-meshi/eslint-plugin-regexp.git,4034577,2020-06-20,2026-08-05T05:22:15,"[""eslint-plugin"", ""eslintplugin"", ""regex"", ""regexp"", ""regular-expression""]",769,18,23
alexkhymenko/ngx-permissions,typescript,https://github.com/alexkhymenko/ngx-permissions.git,4034749,2017-08-16,2025-12-30T08:41:55,"[""access"", ""access-control"", ""acl"", ""angular"", ""angular-permissions"", ""angular2"", ""angular2-permission"", ""angular2-permissions"", ""angular4"", ""angular5"", ""ng-permission"", ""ng2-permissions"", ""ngx-permission"", ""ngx-permissions"", ""permissions"", ""rbac"", ""roles""]",952,128,11
peterding/chord,typescript,https://github.com/peterding/chord.git,4034752,2018-09-12,2023-02-04T11:38:49,[],744,67,1
sinclairzx81/typebox,typescript,https://github.com/sinclairzx81/typebox.git,4034762,2017-04-06,2026-08-05T09:37:39,"[""jsonschema"", ""typescript""]",6876,208,59
vlio20/angular-datepicker,typescript,https://github.com/vlio20/angular-datepicker.git,4034763,2016-11-04,2026-02-15T10:27:20,"[""angular"", ""angular10"", ""calendar-widget"", ""component"", ""date-picker"", ""datepicker"", ""day-calendar"", ""month-calendar"", ""month-picker"", ""monthpicker"", ""ngx"", ""timepicker""]",509,153,30
metamask/eth-sig-util,typescript,https://github.com/metamask/eth-sig-util.git,4034792,2017-02-21,2025-04-18T07:29:54,[],586,231,36
daninet/hash-wasm,typescript,https://github.com/daninet/hash-wasm.git,4035307,2020-04-10,2024-11-19T06:59:13,"[""argon2"", ""bcrypt"", ""browser"", ""fast"", ""hash"", ""hmac"", ""javascript"", ""keccak"", ""md5"", ""pbkdf2"", ""scrypt"", ""sha1"", ""sha256"", ""sha3"", ""sha512"", ""sm3"", ""typescript"", ""wasm"", ""webassembly"", ""xxhash""]",885,50,3
warrenday/graphql-network-inspector,typescript,https://github.com/warrenday/graphql-network-inspector.git,4035385,2020-08-27,2026-06-03T09:34:42,[],587,72,24
callstack/haul,typescript,https://github.com/callstack/haul.git,4036100,2017-03-20,2022-03-09T11:54:54,[],3585,217,88
0xproject/0x-monorepo,typescript,https://github.com/0xproject/0x-monorepo.git,4036110,2017-05-23,2021-04-24T01:16:16,[],1341,466,73
replit/clui,typescript,https://github.com/replit/clui.git,4036116,2019-12-16,2024-04-30T03:24:46,[],1240,36,7
qiu8310/minapp,typescript,https://github.com/qiu8310/minapp.git,4036118,2018-03-01,2022-12-07T05:25:42,[],927,69,9
sghall/react-compound-slider,typescript,https://github.com/sghall/react-compound-slider.git,4036123,2017-08-10,2022-11-09T08:58:58,[],607,82,15
seek-oss/capsize,typescript,https://github.com/seek-oss/capsize.git,4036132,2020-06-03,2026-07-20T01:41:26,[],1711,47,21
eakoriakin/ionic-selectable,typescript,https://github.com/eakoriakin/ionic-selectable.git,4036133,2018-02-07,2023-10-19T11:18:51,"[""ion-select"", ""ionic"", ""search"", ""searchbar"", ""select""]",539,120,5
graphile/migrate,typescript,https://github.com/graphile/migrate.git,4036146,2019-03-01,2026-04-22T04:33:14,[],831,64,26
angular-architects/module-federation-plugin,typescript,https://github.com/angular-architects/module-federation-plugin.git,4036251,2020-10-10,2026-06-30T06:02:24,[],849,256,41
microsoft/vott,typescript,https://github.com/microsoft/vott.git,4037354,2016-12-29,2021-12-06T09:10:56,[],3673,741,18
freecodecamp/chapter,typescript,https://github.com/freecodecamp/chapter.git,4037358,2019-10-14,2023-06-08T02:53:19,[],1909,374,91
meituan-dianping/beeshell,typescript,https://github.com/meituan-dianping/beeshell.git,4037359,2018-08-14,2021-08-26T04:01:06,[],1710,267,1
alibaba/alist,typescript,https://github.com/alibaba/alist.git,4037361,2018-05-16,2023-03-06T03:43:14,[],980,101,2
diez/diez,typescript,https://github.com/diez/diez.git,4037362,2019-11-14,2022-12-10T12:47:19,[],1174,64,9
plasticrake/tplink-smarthome-api,typescript,https://github.com/plasticrake/tplink-smarthome-api.git,4037364,2016-07-12,2023-11-15T05:17:52,"[""kasa"", ""smartbulb"", ""smarthome"", ""smartplug"", ""tplink""]",997,140,8
elemefe/element-angular,typescript,https://github.com/elemefe/element-angular.git,4037373,2018-01-22,2022-02-10T08:13:44,[],520,126,3
marp-team/marp-vscode,typescript,https://github.com/marp-team/marp-vscode.git,4037374,2019-02-02,2026-07-18T06:01:34,"[""markdown"", ""marp"", ""visual-studio-code"", ""vscode"", ""vscode-extension""]",2074,144,6
chakroun-anas/turbo-console-log,typescript,https://github.com/chakroun-anas/turbo-console-log.git,4037391,2018-02-28,2026-07-22T02:03:41,[],799,267,5
forcedotcom/sfdx-data-move-utility,typescript,https://github.com/forcedotcom/sfdx-data-move-utility.git,4037414,2019-12-02,2026-07-03T04:39:08,"[""csv-export"", ""csv-import"", ""data-loader"", ""data-migration"", ""data-migration-tool"", ""dataloader"", ""salesforce-data-loader"", ""salesforce-data-migration"", ""salesforce-data-migration-tool"", ""salesforce-data-transfer"", ""sfdx"", ""sfdx-plugin""]",541,91,21
mobily/ts-belt,typescript,https://github.com/mobily/ts-belt.git,4037646,2020-11-30,2024-05-27T03:59:46,"[""array"", ""flow"", ""fp"", ""functional-programming"", ""monad"", ""option"", ""option-type"", ""result"", ""result-type"", ""typescript""]",1049,29,8
devhubapp/devhub,typescript,https://github.com/devhubapp/devhub.git,4038071,2016-11-30,2024-09-07T11:06:30,"[""android"", ""cross-platform"", ""desktop"", ""devhub"", ""electron"", ""github"", ""github-api"", ""graphql"", ""hacktoberfest"", ""ios"", ""javascript"", ""macos"", ""notifications"", ""react"", ""react-native"", ""react-native-web"", ""redux"", ""typescript"", ""web"", ""windows""]",9667,813,19
voidcosmos/npkill,typescript,https://github.com/voidcosmos/npkill.git,4038072,2019-06-30,2026-08-05T03:17:14,"[""cli"", ""command-line"", ""developer-tools"", ""hacktoberfest"", ""javascript"", ""module"", ""node"", ""nodejs"", ""npm"", ""tool"", ""typescript""]",9415,252,30
piotrwitek/typesafe-actions,typescript,https://github.com/piotrwitek/typesafe-actions.git,4038074,2017-11-14,2026-05-09T10:56:30,"[""action-creator"", ""javascript"", ""redux"", ""redux-actions"", ""static-typing"", ""typescript""]",2407,103,25
open-source-labs/reactime,typescript,https://github.com/open-source-labs/reactime.git,4038079,2019-07-19,2026-07-24T09:58:55,"[""accessibility"", ""chrome-extension"", ""devtools-extension"", ""gatsby"", ""nextjs"", ""performance"", ""react-devtools"", ""react-fiber"", ""reactjs"", ""remixjs"", ""renderer"", ""rendering"", ""state-management"", ""time-travel""]",2238,209,114
apollographql/apollo-link-rest,typescript,https://github.com/apollographql/apollo-link-rest.git,4038084,2017-11-27,2026-03-31T11:11:41,[],790,120,46
actions/setup-java,typescript,https://github.com/actions/setup-java.git,4038095,2019-07-09,2026-08-05T04:59:08,[],1974,868,122
projectstorm/react-diagrams,typescript,https://github.com/projectstorm/react-diagrams.git,4038302,2016-06-03,2025-04-03T05:33:25,"[""beta"", ""canvas"", ""demo"", ""diagram"", ""diagrams"", ""drag"", ""editing-diagrams"", ""factories"", ""flowchart"", ""modular"", ""react"", ""svg"", ""typescript"", ""visualization"", ""web""]",8888,1187,80
wasdk/webassemblystudio,typescript,https://github.com/wasdk/webassemblystudio.git,4038304,2018-01-26,2022-06-23T10:46:26,[],2868,264,29
nomcopter/react-mosaic,typescript,https://github.com/nomcopter/react-mosaic.git,4038305,2017-03-23,2026-07-28T06:41:13,"[""react"", ""tiling-window-manager"", ""typescript"", ""window-manager""]",4797,243,17
appbaseio/mirage,typescript,https://github.com/appbaseio/mirage.git,4038307,2016-02-25,2022-12-02T11:51:22,[],2174,126,8
funkia/list,typescript,https://github.com/funkia/list.git,4038313,2016-09-14,2024-01-15T10:31:01,"[""data-structures"", ""fantasy-land"", ""functional-programming"", ""immutable"", ""immutable-lists"", ""ramda"", ""redux""]",1643,53,22
myxvisual/react-uwp,typescript,https://github.com/myxvisual/react-uwp.git,4038323,2017-01-09,2026-04-18T09:33:29,"[""fluent"", ""fluent-design"", ""javascript"", ""microsoft-fluent"", ""microsoft-uwp"", ""react"", ""react-components"", ""typescript"", ""uwp"", ""uwp-design"", ""windows-uwp""]",1171,77,9
novage/p2p-media-loader,typescript,https://github.com/novage/p2p-media-loader.git,4038331,2018-08-07,2026-07-26T06:43:17,"[""bittorrent"", ""dash"", ""hls"", ""hlsjs"", ""media-playback"", ""mediastream"", ""p2p"", ""p2p-media-loader"", ""p2p-network"", ""peer"", ""player"", ""shaka-player"", ""video"", ""webrtc"", ""webtorrent""]",1704,343,9
amplify-education/serverless-domain-manager,typescript,https://github.com/amplify-education/serverless-domain-manager.git,4038332,2017-05-23,2026-07-21T02:16:19,"[""amazon-certificate-manager"", ""api-gateway"", ""certificate"", ""cloudformation"", ""lambda"", ""route53"", ""serverless""]",952,234,75
prisma-labs/graphql-prisma-typescript,typescript,https://github.com/prisma-labs/graphql-prisma-typescript.git,4038334,2017-11-19,2022-12-22T09:46:41,[],743,117,18
woutervh-/typescript-is,typescript,https://github.com/woutervh-/typescript-is.git,4038340,2018-09-14,2023-07-17T03:48:19,"[""runtime"", ""transformer"", ""type-check"", ""typescript""]",939,34,18
julianoappelklein/hokus,typescript,https://github.com/julianoappelklein/hokus.git,4038356,2018-02-15,2023-01-03T03:17:51,[],545,40,9
filipows/angular-animations,typescript,https://github.com/filipows/angular-animations.git,4038362,2018-03-18,2023-07-20T10:00:16,"[""angular"", ""angular-animations"", ""animation"", ""hacktoberfest""]",565,82,4
mydraft-cc/ui,typescript,https://github.com/mydraft-cc/ui.git,4038393,2018-02-18,2026-01-25T02:58:21,"[""canvas"", ""paperjs"", ""react"", ""redux"", ""scss"", ""typescript"", ""webpack"", ""wireframing""]",827,125,10
ledokku/ledokku,typescript,https://github.com/ledokku/ledokku.git,4038934,2020-04-11,2023-10-04T02:01:39,"[""buildpack"", ""deploy"", ""dokku"", ""dokku-users"", ""herokuish"", ""mongodb"", ""prisma"", ""redis""]",549,59,11
meetalva/alva,typescript,https://github.com/meetalva/alva.git,4039153,2017-11-15,2022-03-25T06:40:49,[],3737,221,32
qihoo360/wayne,typescript,https://github.com/qihoo360/wayne.git,4039155,2018-11-13,2022-05-31T12:52:04,[],3630,831,27
streamich/libreact,typescript,https://github.com/streamich/libreact.git,4039159,2018-06-09,2022-12-08T07:18:34,[],2595,84,10
staltz/xstream,typescript,https://github.com/staltz/xstream.git,4039161,2016-04-22,2023-07-18T08:00:00,"[""cyclejs"", ""javascript"", ""reactive-programming"", ""stream"", ""typescript""]",2347,144,35
bdash-app/bdash,typescript,https://github.com/bdash-app/bdash.git,4039175,2016-08-23,2026-07-15T12:09:39,"[""electron"", ""javascript"", ""sql"", ""visualization""]",1516,111,23
ijzerenhein/react-native-shared-element,typescript,https://github.com/ijzerenhein/react-native-shared-element.git,4039178,2019-05-29,2025-01-21T04:04:31,"[""clone"", ""clone-view"", ""image-clone"", ""magic-move"", ""react-native"", ""shared-element"", ""shared-element-transition"", ""visual-standin""]",2233,100,7
liximomo/vscode-sftp,typescript,https://github.com/liximomo/vscode-sftp.git,4039180,2017-05-09,2022-02-16T04:06:10,[],1400,202,17
stuffmatic/fspy,typescript,https://github.com/stuffmatic/fspy.git,4039185,2018-06-15,2022-12-08T05:16:22,[],1720,174,4
prisma-labs/graphqlgen,typescript,https://github.com/prisma-labs/graphqlgen.git,4039191,2018-08-07,2021-12-07T07:40:38,[],825,56,33
skovhus/jest-codemods,typescript,https://github.com/skovhus/jest-codemods.git,4039200,2016-09-17,2026-08-03T11:59:35,"[""ava"", ""chai"", ""codemod"", ""codemods"", ""jest"", ""jest-codemods"", ""jscodeshift"", ""mocha"", ""tape"", ""testing""]",888,82,50
algusdark/bloomer,typescript,https://github.com/algusdark/bloomer.git,4039202,2017-05-05,2023-01-03T06:41:47,[],677,70,8
funfix/funfix,typescript,https://github.com/funfix/funfix.git,4039208,2017-06-05,2022-12-03T03:45:44,[],633,25,8
surmon-china/surmon.me.native,typescript,https://github.com/surmon-china/surmon.me.native.git,4039212,2017-03-29,2025-12-31T05:09:34,"[""android"", ""blog"", ""blog-app"", ""blogapp"", ""mobx"", ""mobx-react"", ""react"", ""react-app"", ""react-component"", ""react-markdown"", ""react-native"", ""react-navigation"", ""react-redux"", ""react-typescript"", ""react-typescript-mo"", ""reactjs"", ""reactrouter"", ""surmon"", ""surmon-china"", ""typescript""]",623,146,3
machinelearnjs/machinelearnjs,typescript,https://github.com/machinelearnjs/machinelearnjs.git,4039227,2018-04-29,2026-01-21T11:42:49,"[""data-preprocessing"", ""easy-to-use"", ""feature-extraction"", ""machine-learning"", ""minimalistic"", ""node"", ""probabilistic-models"", ""random-forest"", ""statistical-learning"", ""structured-data"", ""svm"", ""web""]",542,54,8
letterpad/letterpad,typescript,https://github.com/letterpad/letterpad.git,4039228,2017-02-13,2024-08-29T03:42:18,"[""blogging-system"", ""cms"", ""graphql"", ""journalism"", ""nextjs"", ""react"", ""reactjs"", ""single-page-app"", ""tailwindcss""]",752,83,13
yeppha/maia-yt,typescript,https://github.com/yeppha/maia-yt.git,4039230,2017-05-04,2022-12-09T12:49:48,[],503,23,2
sonarsource/eslint-plugin-sonarjs,typescript,https://github.com/sonarsource/eslint-plugin-sonarjs.git,4039242,2018-04-03,2024-10-03T12:44:38,"[""code-analysis"", ""eslint"", ""eslint-plugin"", ""javascript"", ""language-team"", ""linter"", ""static-analysis""]",1195,73,28
automerge/pushpin,typescript,https://github.com/automerge/pushpin.git,4039250,2018-04-17,2022-12-10T06:29:06,[],555,59,18
evanbacon/pillar-valley,typescript,https://github.com/evanbacon/pillar-valley.git,4039297,2018-01-17,2026-05-26T04:26:55,"[""android"", ""app"", ""cross-platform"", ""expo"", ""game"", ""gsap"", ""ios"", ""react-native"", ""react-native-web"", ""react-navigation"", ""reactjs"", ""rematch"", ""threejs"", ""tutorial"", ""tween"", ""website""]",764,79,3
vinothpandian/react-sketch-canvas,typescript,https://github.com/vinothpandian/react-sketch-canvas.git,4040141,2018-05-16,2026-05-27T03:10:40,"[""canvas"", ""component"", ""freehand-drawing"", ""react"", ""react-library"", ""sketch"", ""sketching""]",554,93,10
replicatedhq/ttl.sh,typescript,https://github.com/replicatedhq/ttl.sh.git,4040198,2019-05-15,2026-08-05T08:54:31,"[""ci"", ""docker"", ""docker-registry"", ""registry""]",818,37,9
wenyan-lang/wenyan,typescript,https://github.com/wenyan-lang/wenyan.git,4040740,2019-12-08,2023-10-20T01:39:33,"[""classical-chinese"", ""esoteric-language"", ""programming-language"", ""wenyan-lang""]",19164,1095,56
matvp91/indigo-player,typescript,https://github.com/matvp91/indigo-player.git,4040750,2019-01-09,2024-09-22T09:02:17,"[""dash"", ""drm"", ""hls"", ""hlsjs"", ""html5-video"", ""mpeg-dash"", ""shaka-player"", ""video"", ""video-player""]",1248,66,7
automerge/hypermerge,typescript,https://github.com/automerge/hypermerge.git,4040754,2018-01-03,2023-01-30T06:21:04,[],1263,67,8
theodo/falco,typescript,https://github.com/theodo/falco.git,4040756,2019-10-19,2023-01-07T04:23:19,[],758,28,19
prisma-labs/graphql-framework-experiment,typescript,https://github.com/prisma-labs/graphql-framework-experiment.git,4040760,2019-10-29,2023-01-11T08:31:53,[],687,69,49
downthemall/downthemall,typescript,https://github.com/downthemall/downthemall.git,4040764,2019-08-20,2026-05-27T06:52:34,"[""download"", ""download-manager"", ""downloader"", ""firefox"", ""mozilla"", ""webextension"", ""webextensions""]",1086,126,38
flyover/imgui-js,typescript,https://github.com/flyover/imgui-js.git,4040766,2018-02-09,2023-05-29T11:33:02,"[""emscripten"", ""imgui"", ""javascript"", ""typescript""]",795,85,5
uetchy/namae,typescript,https://github.com/uetchy/namae.git,4040774,2019-07-27,2023-05-02T10:36:15,[],625,35,19
samccone/bundle-buddy,typescript,https://github.com/samccone/bundle-buddy.git,4041695,2017-06-25,2024-01-09T12:14:27,"[""bundle"", ""codesplitting"", ""javascript"", ""website""]",2892,84,10
charlesstover/reactn,typescript,https://github.com/charlesstover/reactn.git,4041701,2018-09-29,2023-02-14T03:24:19,[],1908,89,16
typescript-exercises/typescript-exercises,typescript,https://github.com/typescript-exercises/typescript-exercises.git,4041703,2020-04-29,2026-03-29T12:34:31,[],2995,489,30
eugeneration/happyislanddesigner,typescript,https://github.com/eugeneration/happyislanddesigner.git,4041711,2020-02-25,2026-05-09T05:18:25,[],877,154,11
angular-schule/angular-cli-ghpages,typescript,https://github.com/angular-schule/angular-cli-ghpages.git,4041714,2016-04-07,2026-06-09T10:26:26,"[""angular"", ""angular-cli"", ""angular-cli-ghpages"", ""circle-ci"", ""cloudflare-pages"", ""gh-pages"", ""github-actions"", ""github-pages"", ""ng-deploy"", ""travis-ci""]",982,98,23
earthstar-project/earthstar,typescript,https://github.com/earthstar-project/earthstar.git,4041745,2020-05-24,2024-08-08T08:41:43,"[""browser"", ""deno"", ""earthstar"", ""eventual-consistency"", ""local-first"", ""offline-first"", ""p2p"", ""sync"", ""willow""]",627,19,10
gristlabs/grist-core,typescript,https://github.com/gristlabs/grist-core.git,4042538,2020-05-22,2026-08-05T06:06:15,"[""awesome"", ""database"", ""spreadsheet""]",11418,605,153
thx/rap2-delos,typescript,https://github.com/thx/rap2-delos.git,4043414,2017-11-23,2025-09-16T07:34:39,[],7647,1335,20
teradata/covalent,typescript,https://github.com/teradata/covalent.git,4043417,2016-07-11,2026-08-03T05:41:46,"[""angular"", ""angular-material"", ""angular2"", ""material"", ""material-design"", ""teradata"", ""typescript""]",2224,353,98
skalskip/make-sense,typescript,https://github.com/skalskip/make-sense.git,4043420,2019-06-14,2024-08-15T02:50:41,"[""computer-vision"", ""deep-learning"", ""detection"", ""image-annotation"", ""labeling-photos"", ""labeling-tool"", ""landmark-detection"", ""object-detection"", ""pascal-voc"", ""posenet-model"", ""ssd-model"", ""tagging""]",3071,502,16
googlechromelabs/proxx,typescript,https://github.com/googlechromelabs/proxx.git,4043422,2019-02-28,2026-04-15T08:08:46,[],1355,131,16
microsoft/chart-parts,typescript,https://github.com/microsoft/chart-parts.git,4043435,2018-08-22,2025-12-17T07:04:07,"[""datavis"", ""react"", ""react-native""]",608,37,10
uber/react-view,typescript,https://github.com/uber/react-view.git,4043439,2019-10-31,2024-10-12T09:22:48,"[""code-generator"", ""documentation"", ""playground"", ""react""]",698,43,10
nuclearpasta/react-native-drax,typescript,https://github.com/nuclearpasta/react-native-drax.git,4043478,2019-12-20,2026-07-26T02:48:20,[],702,89,10
projectopensea/opensea-js,typescript,https://github.com/projectopensea/opensea-js.git,4043490,2018-07-19,2026-08-03T05:34:37,[],2339,1014,67
sanity-io/next-sanity,typescript,https://github.com/sanity-io/next-sanity.git,4043522,2020-10-22,2026-08-05T05:00:08,"[""hook"", ""nextjs"", ""preview"", ""real-time"", ""sanity"", ""team-ecosystem"", ""toolkit""]",951,109,48
cilium/hubble-ui,typescript,https://github.com/cilium/hubble-ui.git,4043526,2020-01-27,2026-08-05T12:42:12,"[""cilium"", ""ebpf"", ""graphical"", ""kubernetes"", ""observability"", ""reactjs"", ""security"", ""troubleshooting"", ""ui""]",529,89,32
polywock/globalspeed,typescript,https://github.com/polywock/globalspeed.git,4043555,2019-06-07,2026-07-30T05:50:55,"[""audio-speed"", ""chrome-extension"", ""firefox-addon"", ""media-hotkeys"", ""pitch-shift"", ""speed-controller"", ""video-speed"", ""web-extension""]",2679,326,19
trakt-tools/universal-trakt-scrobbler,typescript,https://github.com/trakt-tools/universal-trakt-scrobbler.git,4043715,2019-11-08,2026-07-10T05:29:28,[],632,72,30
hediet/vscode-debug-visualizer,typescript,https://github.com/hediet/vscode-debug-visualizer.git,4044218,2019-06-20,2025-03-17T11:54:30,"[""hacktoberfest"", ""visualization"", ""vscode-extension""]",8044,422,8
williamngan/pts,typescript,https://github.com/williamngan/pts.git,4044231,2017-03-24,2024-05-19T08:52:52,"[""art"", ""canvas"", ""creative-coding"", ""design"", ""generative"", ""generative-art"", ""graphic-design"", ""graphics"", ""linear-algebra"", ""pts"", ""sound"", ""svg"", ""typescript"", ""vector"", ""visualization""]",5113,184,20
circlongroup/angular-tree-component,typescript,https://github.com/circlongroup/angular-tree-component.git,4044240,2016-03-10,2022-03-13T12:55:30,[],1074,446,51
alfonsobries/vue-tailwind,typescript,https://github.com/alfonsobries/vue-tailwind.git,4044241,2019-03-22,2023-03-05T09:36:54,[],2016,128,18
amcharts/amcharts4,typescript,https://github.com/amcharts/amcharts4.git,4044242,2017-12-05,2026-03-23T02:16:07,"[""amcharts"", ""chart"", ""charting"", ""charting-library"", ""charts"", ""data-visualization"", ""data-viz"", ""dataviz"", ""graph"", ""javascript"", ""maps"", ""svg"", ""typescript"", ""visualization""]",1161,314,6
softprops/action-gh-release,typescript,https://github.com/softprops/action-gh-release.git,4044265,2019-08-25,2026-08-04T12:11:12,"[""github-actions"", ""github-releases""]",5722,634,75
godotengine/godot-vscode-plugin,typescript,https://github.com/godotengine/godot-vscode-plugin.git,4044267,2016-12-11,2026-08-04T01:48:20,[],2100,255,88
everweij/react-laag,typescript,https://github.com/everweij/react-laag.git,4044269,2019-10-07,2023-10-24T09:11:03,"[""component"", ""dropdown"", ""hook"", ""layers"", ""popover"", ""react"", ""tooltip""]",887,46,11
true-myth/true-myth,typescript,https://github.com/true-myth/true-myth.git,4044275,2017-09-21,2026-06-27T04:46:37,"[""applicatives"", ""functional-programming"", ""functors"", ""javascript"", ""monads"", ""typescript"", ""typescript-definitions"", ""typescript-library""]",1346,35,27
intellism/vscode-comment-translate,typescript,https://github.com/intellism/vscode-comment-translate.git,4044292,2018-10-19,2026-03-04T11:53:49,"[""translate"", ""translate-comments"", ""vscode"", ""vscode-extension""]",759,105,16
justadudewhohacks/face-api.js,typescript,https://github.com/justadudewhohacks/face-api.js.git,4045180,2018-05-19,2024-01-24T09:25:35,"[""age-estimation"", ""emotion-recognition"", ""face-detection"", ""face-landmarks"", ""face-recognition"", ""gender-recognition"", ""javascript"", ""js"", ""nodejs"", ""tensorflow"", ""tensorflowjs"", ""tfjs""]",15841,3650,20
microsoft/reactxp,typescript,https://github.com/microsoft/reactxp.git,4045181,2017-03-22,2023-07-18T11:10:14,[],8338,571,112
mattallty/caporal.js,typescript,https://github.com/mattallty/caporal.js.git,4045186,2017-02-08,2024-01-03T09:58:32,"[""argument-parser"", ""argument-parsing"", ""argv"", ""argv-parser"", ""autocomplete"", ""bash"", ""caporal"", ""cli"", ""cli-app"", ""command-line"", ""command-line-parser"", ""node"", ""node-js"", ""nodejs"", ""shell-script"", ""terminal"", ""typos-suggestions"", ""winston"", ""zsh""]",3396,127,39
vuex-orm/vuex-orm,typescript,https://github.com/vuex-orm/vuex-orm.git,4045189,2017-06-16,2022-12-10T05:16:42,[],2374,170,48
elbywan/wretch,typescript,https://github.com/elbywan/wretch.git,4045190,2017-09-13,2026-06-19T06:54:58,"[""ajax"", ""fetch"", ""formdata"", ""http"", ""http-client"", ""http-request"", ""javascript"", ""json"", ""nodejs"", ""promise"", ""request"", ""typescript""]",5176,107,21
bernaferrari/figmatocode,typescript,https://github.com/bernaferrari/figmatocode.git,4045192,2020-06-19,2026-08-05T11:23:49,"[""conversion"", ""figma"", ""figma-plugins"", ""flutter"", ""html"", ""react"", ""responsive"", ""shadcn-ui"", ""svelte"", ""swift"", ""swiftui"", ""tailwind"", ""tailwindcss"", ""typescript""]",5098,491,23
zxing-js/library,typescript,https://github.com/zxing-js/library.git,4045199,2017-12-14,2026-04-30T02:13:58,"[""barcode"", ""decoding-images"", ""encoding-library"", ""hacktoberfest"", ""qrcode"", ""typescript"", ""zxing""]",2891,573,56
surmon-china/nodepress,typescript,https://github.com/surmon-china/nodepress.git,4045201,2016-02-13,2026-05-18T04:58:29,"[""blog"", ""blog-api"", ""blog-engine"", ""cms"", ""cms-framework"", ""jwt-token"", ""mongodb"", ""mongoose"", ""nestjs"", ""nestjs-blog"", ""nestjs-cms"", ""nestjs-webhook"", ""nodejs"", ""nodejs-blog"", ""nodejs-cms"", ""nodejs-typescript"", ""nodepress"", ""oauth2"", ""restful-api"", ""typescript""]",1521,309,4
xlayers/xlayers,typescript,https://github.com/xlayers/xlayers.git,4045205,2018-05-20,2023-02-27T11:22:44,[],804,89,25
edtr-io/edtr-io,typescript,https://github.com/edtr-io/edtr-io.git,4045208,2019-01-29,2023-12-09T08:50:58,[],705,36,18
harttle/liquidjs,typescript,https://github.com/harttle/liquidjs.git,4045210,2016-06-13,2026-08-05T01:54:48,"[""browser"", ""liquid"", ""nodejs"", ""template-engine""]",1856,280,88
neoclide/coc-python,typescript,https://github.com/neoclide/coc-python.git,4045215,2019-03-25,2020-12-23T03:31:16,[],540,48,13
rmanguinho/clean-ts-api,typescript,https://github.com/rmanguinho/clean-ts-api.git,4045222,2020-01-24,2024-11-27T01:53:24,"[""clean-architecture"", ""clean-code"", ""coveralls"", ""design-patterns"", ""docker"", ""docker-compose"", ""dockerfile"", ""graphql"", ""husky"", ""jest"", ""lint-staged"", ""mongodb"", ""nodejs"", ""rest-api"", ""solid"", ""tdd"", ""travis-ci"", ""typescript""]",1864,501,1
mmazzarolo/ordinary-puzzles-app,typescript,https://github.com/mmazzarolo/ordinary-puzzles-app.git,4045238,2019-12-14,2026-08-04T07:15:17,"[""game"", ""mobx"", ""puzzle"", ""react"", ""react-native"", ""typescript"", ""web""]",508,46,4
stevensona/shader-toy,typescript,https://github.com/stevensona/shader-toy.git,4045247,2016-07-15,2026-06-19T07:34:02,"[""glsl-shaders"", ""shaders"", ""shadertoy"", ""vscode-extension""]",694,56,13
google/schema-dts,typescript,https://github.com/google/schema-dts.git,4045251,2018-11-29,2026-06-29T12:49:41,"[""json-ld"", ""knowledge-graph"", ""linked-data"", ""ontology"", ""schema-org"", ""schemaorg"", ""semantic-web"", ""typescript"", ""typescript-definitions""]",1209,50,10
testcontainers/testcontainers-node,typescript,https://github.com/testcontainers/testcontainers-node.git,4045256,2018-01-05,2026-08-04T10:10:45,"[""docker"", ""node"", ""testcontainers"", ""testing""]",2583,264,139
eshaham/israeli-bank-scrapers,typescript,https://github.com/eshaham/israeli-bank-scrapers.git,4045272,2017-07-29,2026-07-23T02:06:20,[],1058,284,84
daybrush/scena,typescript,https://github.com/daybrush/scena.git,4045287,2019-04-06,2023-06-17T06:12:15,"[""animation"", ""css"", ""keyframes"", ""preact"", ""preact-compat"", ""react"", ""scene"", ""scenejs"", ""timeline""]",612,62,2
timocov/dts-bundle-generator,typescript,https://github.com/timocov/dts-bundle-generator.git,4045289,2017-03-15,2025-10-28T09:37:35,"[""bundle"", ""definition"", ""dts"", ""typescript"", ""typescript-definitions""]",845,45,17
ryohey/signal,typescript,https://github.com/ryohey/signal.git,4045318,2016-03-06,2026-08-02T04:48:39,"[""audio"", ""editor"", ""midi"", ""music"", ""react"", ""typescript"", ""webaudio""]",2351,243,19
zeusln/zeus,typescript,https://github.com/zeusln/zeus.git,4045319,2019-02-16,2026-08-05T08:11:30,"[""android"", ""bitcoin"", ""cashu"", ""core-lightning"", ""cryptocurrency"", ""ecash"", ""ios"", ""ldk"", ""lightning"", ""lightning-network"", ""lnd"", ""lndhub"", ""micropayments"", ""nostr"", ""payments"", ""react-native"", ""self-custody"", ""typescript""]",1400,243,63
akheron/optics-ts,typescript,https://github.com/akheron/optics-ts.git,4045380,2020-01-09,2025-04-30T03:36:11,"[""functional-programming"", ""immutable"", ""isomorphism"", ""lens"", ""optics"", ""prism"", ""traversal"", ""typescript""]",849,13,8
leinelissen/jellyfin-audio-player,typescript,https://github.com/leinelissen/jellyfin-audio-player.git,4045541,2020-06-23,2026-07-17T04:31:59,"[""android"", ""ios"", ""jellyfin"", ""mobile-app"", ""music-player"", ""react-native""]",1402,62,47
jaredh159/tailwind-react-native-classnames,typescript,https://github.com/jaredh159/tailwind-react-native-classnames.git,4045999,2020-12-17,2025-12-30T02:43:39,[],2358,97,33
diced/zipline,typescript,https://github.com/diced/zipline.git,4046241,2020-04-22,2026-08-05T08:02:14,"[""docker"", ""file-server"", ""file-sharing"", ""file-upload"", ""file-uploader"", ""gallery"", ""mantine"", ""reactjs"", ""screenshot"", ""sharex"", ""sharex-server"", ""sharex-uploader"", ""zipline""]",3304,246,26
streamich/json-joy,typescript,https://github.com/streamich/json-joy.git,4046485,2020-09-02,2026-06-02T11:51:36,"[""cbor"", ""collaboration"", ""collaborative"", ""collaborative-editing"", ""crdt"", ""json"", ""json-crdt-patch"", ""json-random"", ""local-first"", ""messagepack"", ""multiplayer"", ""offline"", ""operational-transformation"", ""p2p"", ""patch"", ""reactive"", ""realtime"", ""rpc"", ""schema"", ""ubjson""]",1076,24,8
estruyf/vscode-front-matter,typescript,https://github.com/estruyf/vscode-front-matter.git,4046571,2019-08-23,2026-08-03T05:54:02,"[""cms"", ""content-management"", ""content-management-system"", ""hacktoberfest"", ""markdown"", ""static-site"", ""static-site-generator"", ""vscode"", ""vscode-extension""]",2532,105,23
linkedin/css-blocks,typescript,https://github.com/linkedin/css-blocks.git,4047009,2017-04-13,2023-05-20T09:00:08,"[""css"", ""css-modules"", ""sass""]",6348,159,27
midwayjs/pandora,typescript,https://github.com/midwayjs/pandora.git,4047101,2017-10-02,2021-07-14T03:23:28,[],3084,170,12
alibaba/pont,typescript,https://github.com/alibaba/pont.git,4047155,2018-07-01,2024-04-30T02:47:05,"[""mock-data"", ""pont"", ""swagger"", ""typescript""]",3016,252,34
elsaland/elsa,typescript,https://github.com/elsaland/elsa.git,4047170,2020-09-18,2022-11-29T04:00:41,[],2674,56,16
maxchehab/phelia,typescript,https://github.com/maxchehab/phelia.git,4047191,2020-04-06,2023-01-06T02:53:01,[],1916,46,7
samuelmaddock/metastream,typescript,https://github.com/samuelmaddock/metastream.git,4047197,2018-08-11,2025-03-11T05:20:22,"[""browser-extension"", ""chrome-extension"", ""cobrowse"", ""firefox-addon"", ""media-player"", ""p2p"", ""pwa"", ""webapp"", ""webrtc"", ""websocket""]",2538,215,27
udos86/ng-dynamic-forms,typescript,https://github.com/udos86/ng-dynamic-forms.git,4047199,2016-06-01,2024-01-25T02:14:19,"[""angular"", ""bootstrap"", ""dynamic-forms"", ""forms"", ""foundation"", ""ionic"", ""kendo-ui"", ""material"", ""ng-bootstrap"", ""ngx-bootstrap"", ""primeng""]",1302,368,20
zeromq/zeromq.js,typescript,https://github.com/zeromq/zeromq.js.git,4047201,2016-02-04,2026-04-03T09:57:18,[],1596,218,79
data-forge/data-forge-ts,typescript,https://github.com/data-forge/data-forge-ts.git,4047202,2017-11-27,2026-05-09T03:43:19,"[""csv"", ""data"", ""data-analysis"", ""data-cleaning"", ""data-cleansing"", ""data-forge"", ""data-management"", ""data-manipulation"", ""data-munging"", ""data-visualization"", ""data-wrangling"", ""javascript"", ""json"", ""linq"", ""nodejs"", ""pandas"", ""visualization""]",1388,76,15
tiberiuzuld/angular-gridster2,typescript,https://github.com/tiberiuzuld/angular-gridster2.git,4047203,2016-01-13,2026-08-04T10:36:19,"[""angular2"", ""angularjs"", ""dashboard"", ""gridster"", ""javascript"", ""typescript"", ""widgets""]",1344,387,57
covidshield/mobile,typescript,https://github.com/covidshield/mobile.git,4047220,2020-05-21,2023-01-26T08:22:02,[],599,119,21
mseemann/angular2-mdl,typescript,https://github.com/mseemann/angular2-mdl.git,4047221,2016-06-06,2023-02-03T04:54:21,[],559,97,26
swift502/sketchbook,typescript,https://github.com/swift502/sketchbook.git,4047236,2018-03-08,2024-10-10T06:31:21,"[""3d"", ""cannonjs"", ""game-engine"", ""sketchbook"", ""threejs"", ""typescript""]",1463,385,2
testing-library/eslint-plugin-testing-library,typescript,https://github.com/testing-library/eslint-plugin-testing-library.git,4047237,2019-09-01,2026-08-03T04:48:03,"[""angular"", ""best-practices"", ""development"", ""dom"", ""eslint"", ""eslint-plugin"", ""javascript"", ""markojs"", ""react"", ""reactjs"", ""testing-library"", ""vue""]",1060,167,78
mmazzarolo/breathly-app,typescript,https://github.com/mmazzarolo/breathly-app.git,4047247,2019-03-11,2026-08-03T06:38:11,"[""android"", ""app"", ""breathing"", ""breathly"", ""ios"", ""mobile"", ""react"", ""react-native"", ""typescript""]",595,90,6
nathankellenicki/node-poweredup,typescript,https://github.com/nathankellenicki/node-poweredup.git,4047248,2018-06-20,2026-04-13T01:06:37,"[""boost"", ""controlplus"", ""duplo"", ""duplotrain"", ""lego"", ""legoboost"", ""legocontrolplus"", ""legoeducation"", ""legopoweredup"", ""legospikeprime"", ""legotechniccontrolplus"", ""legowedo2"", ""nodejs"", ""poweredup"", ""spikeprime"", ""technic"", ""techniccontrolplus"", ""typescript"", ""wedo2""]",518,65,15
picgo/picgo-core,typescript,https://github.com/picgo/picgo-core.git,4047252,2018-09-17,2026-07-12T02:57:43,"[""picgo"", ""picture-upload"", ""upload-pictures""]",958,98,19
lizhiyao/sentry-miniapp,typescript,https://github.com/lizhiyao/sentry-miniapp.git,4047253,2019-08-07,2026-08-04T01:31:40,"[""alipay-miniprogram"", ""apm"", ""breadcrumbs"", ""bytedance-miniprogram"", ""crash-reporting"", ""distributed-tracing"", ""error-monitoring"", ""error-tracking"", ""mini-program"", ""monitoring"", ""performance-monitoring"", ""qq-miniprogram"", ""sentry"", ""session-tracking"", ""sourcemap"", ""taro"", ""uniapp"", ""weapp"", ""wechat"", ""wechat-miniprogram""]",676,144,5
fantasticit/wipi,typescript,https://github.com/fantasticit/wipi.git,4047266,2018-01-06,2023-11-10T10:20:07,"[""nestjs"", ""nextjs"", ""nysql"", ""react"", ""sass""]",578,122,2
chichou/vscode-frida,typescript,https://github.com/chichou/vscode-frida.git,4047267,2020-01-14,2026-06-29T11:41:43,"[""android"", ""ios"", ""mobile-security"", ""reverse-engineering"", ""vscode""]",594,55,3
salarcode/smartproxy,typescript,https://github.com/salarcode/smartproxy.git,4047272,2017-08-19,2026-08-05T04:44:27,"[""browser-extension"", ""chrome"", ""chrome-extension"", ""edge-extension"", ""firefox"", ""firefox-addon"", ""firefox-extension"", ""proxy"", ""proxy-list"", ""proxy-switcher"", ""webextension"", ""webextensions""]",2715,159,15
reaviz/reaviz,typescript,https://github.com/reaviz/reaviz.git,4047273,2020-04-17,2026-06-12T06:42:13,"[""area-charts"", ""bar-charts"", ""bubble-chart"", ""charting-library"", ""charts"", ""d3"", ""d3js"", ""data-visualization"", ""data-viz"", ""funnel-chart"", ""heatmap"", ""line-charts"", ""react"", ""reactjs"", ""sankey-chart"", ""scatter-plot"", ""sparkline"", ""sunburst-chart"", ""treemap"", ""venn-diagram""]",1236,123,28
kirikayakazuto/cocoscreator_uiframework,typescript,https://github.com/kirikayakazuto/cocoscreator_uiframework.git,4047274,2019-05-01,2024-03-20T04:37:47,[],660,247,2
newcat/baklavajs,typescript,https://github.com/newcat/baklavajs.git,4047301,2018-12-01,2026-06-12T10:17:05,"[""dataflow"", ""dataflow-programming"", ""editor"", ""flow"", ""flow-based-programming"", ""flow-control"", ""graph"", ""node"", ""node-editor"", ""vuejs""]",2042,149,23
thefrontside/effection,typescript,https://github.com/thefrontside/effection.git,4047326,2018-11-02,2026-07-31T06:43:45,"[""algebraic-effects"", ""async-await"", ""concurrency"", ""effects"", ""effects-management"", ""structured-concurrency"", ""task-runner""]",838,38,25
thomasaribart/json-schema-to-ts,typescript,https://github.com/thomasaribart/json-schema-to-ts.git,4047387,2020-07-14,2026-03-25T11:52:29,"[""json"", ""json-schema"", ""schema"", ""ts"", ""type"", ""typescript""]",1761,39,11
taniarascia/takenote,typescript,https://github.com/taniarascia/takenote.git,4048204,2019-09-27,2024-06-29T10:57:36,"[""github-sync"", ""hacktoberfest"", ""markdown-editor"", ""note-taking"", ""notes"", ""notes-app"", ""typescript""]",6725,1236,68
dilame/instagram-private-api,typescript,https://github.com/dilame/instagram-private-api.git,4048206,2016-06-09,2024-08-09T03:15:55,"[""instagram"", ""instagram-api"", ""instagram-client"", ""instagram-feed"", ""instagram-private-api"", ""instagram-scraper"", ""instagram-sdk""]",5879,1132,90
huachao/vscode-restclient,typescript,https://github.com/huachao/vscode-restclient.git,4048210,2016-03-30,2026-04-23T03:14:02,"[""graphql"", ""http"", ""http-client"", ""rest"", ""rest-api"", ""rest-client"", ""typescript"", ""visual-studio-code"", ""vscode"", ""vscode-extension""]",5990,517,62
benawad/vsinder,typescript,https://github.com/benawad/vsinder.git,4048219,2020-12-09,2023-01-19T12:44:12,[],2321,172,21
fossasia/loklak_search,typescript,https://github.com/fossasia/loklak_search.git,4048222,2016-09-20,2023-02-27T03:30:52,[],1829,581,56
contiamo/restful-react,typescript,https://github.com/contiamo/restful-react.git,4048223,2018-06-29,2023-02-03T10:49:48,[],1878,110,42
honkit/honkit,typescript,https://github.com/honkit/honkit.git,4048224,2020-06-13,2026-07-27T04:01:32,"[""asciidoc"", ""book"", ""ebook"", ""gitbook"", ""honkit"", ""javascript"", ""markdown"", ""plugin""]",3483,266,133
aviabird/angularspree,typescript,https://github.com/aviabird/angularspree.git,4048225,2017-03-06,2025-06-01T02:31:10,"[""angular"", ""aviacommerce"", ""commerce"", ""ecommerce"", ""ecommerce-platform"", ""online"", ""store""]",1706,816,17
alex3165/react-mapbox-gl,typescript,https://github.com/alex3165/react-mapbox-gl.git,4048227,2016-04-16,2023-09-25T03:43:58,"[""map"", ""mapbox-gl"", ""mapbox-gl-js"", ""react"", ""react-mapbox-gl""]",1855,532,68
jasperapp/jasper,typescript,https://github.com/jasperapp/jasper.git,4048230,2016-05-10,2025-09-02T12:40:28,"[""electron"", ""github"", ""issue-reader"", ""issue-tracker""]",1329,89,16
erikbrinkman/d3-dag,typescript,https://github.com/erikbrinkman/d3-dag.git,4048231,2018-07-06,2026-08-01T03:11:24,"[""d3"", ""dag"", ""directed-acyclic-graph"", ""graph"", ""graph-layout"", ""javascript"", ""sugiyama"", ""typescript"", ""visualization""]",1516,93,10
toomuchdesign/re-reselect,typescript,https://github.com/toomuchdesign/re-reselect.git,4048235,2017-02-23,2026-08-04T06:05:24,"[""memoization"", ""reactjs"", ""reselect""]",1092,46,20
orizens/echoes-player,typescript,https://github.com/orizens/echoes-player.git,4048238,2017-04-17,2024-06-04T09:27:58,"[""angular"", ""angular-cli"", ""angular-example"", ""angular-example-app"", ""bootstrap"", ""ngrx"", ""ngrx-example"", ""redux"", ""sass"", ""typescript""]",850,351,1
coderoad/coderoad-vscode,typescript,https://github.com/coderoad/coderoad-vscode.git,4048239,2019-05-26,2023-02-04T02:36:58,[],888,35,11
surgioproject/surgio,typescript,https://github.com/surgioproject/surgio.git,4048241,2019-08-20,2026-07-13T08:10:14,"[""clash"", ""hysteria"", ""loon"", ""quantumult"", ""shadowsocks"", ""sing-box"", ""snell"", ""stash"", ""surge"", ""trojan"", ""v2ray"", ""vless"", ""vmess""]",1811,159,37
keroxp/servest,typescript,https://github.com/keroxp/servest.git,4048243,2019-03-09,2022-10-19T09:29:34,[],744,38,14
styleguidist/react-docgen-typescript,typescript,https://github.com/styleguidist/react-docgen-typescript.git,4048251,2016-05-06,2026-07-29T08:28:46,[],1261,258,75
codfrm/cxmooc-tools,typescript,https://github.com/codfrm/cxmooc-tools.git,4048258,2018-01-25,2022-02-07T04:07:27,[],1665,539,11
didi/logicflow,typescript,https://github.com/didi/logicflow.git,4048265,2020-12-24,2026-07-30T01:06:23,"[""bpmn"", ""diagram"", ""diagramming"", ""didi"", ""flow"", ""flowchart"", ""graph"", ""javascript"", ""javascript-diagramming-library"", ""mvvm"", ""svg"", ""typescript"", ""visualization""]",11618,1376,82
iddan/react-spreadsheet,typescript,https://github.com/iddan/react-spreadsheet.git,4048267,2018-02-18,2025-11-19T07:14:12,"[""csv"", ""data"", ""excel"", ""react"", ""spreadsheet""]",1548,179,30
tunnelvisionlabs/antlr4ts,typescript,https://github.com/tunnelvisionlabs/antlr4ts.git,4048272,2016-10-02,2024-05-17T02:51:03,"[""antlr"", ""antlr4"", ""typescript""]",623,106,10
timbokz/chonky,typescript,https://github.com/timbokz/chonky.git,4048277,2019-07-28,2024-01-09T09:05:17,"[""file"", ""file-browser"", ""file-dialog"", ""file-explorer"", ""files"", ""filesystem"", ""fs"", ""react"", ""react-file-browser"", ""reactjs"", ""thumbnails"", ""typescript"", ""virtualization""]",656,140,5
steveruizok/state-designer,typescript,https://github.com/steveruizok/state-designer.git,4048284,2019-12-24,2021-08-28T07:05:05,[],503,20,3
whyboris/video-hub-app,typescript,https://github.com/whyboris/video-hub-app.git,4048299,2018-12-02,2026-07-09T03:58:34,"[""angular"", ""electron"", ""electron-app"", ""ffmpeg"", ""file-browser"", ""file-manager"", ""filebrowser"", ""filemanager"", ""hacktoberfest"", ""javascript"", ""linux"", ""linux-app"", ""mac"", ""macos"", ""open-source"", ""opensource"", ""typescript"", ""video"", ""windows""]",707,205,61
71/dance,typescript,https://github.com/71/dance.git,4048351,2019-04-04,2026-03-15T08:58:09,"[""kakoune"", ""keybindings"", ""vscode"", ""vscode-extension""]",509,79,23
cfworker/cfworker,typescript,https://github.com/cfworker/cfworker.git,4048370,2020-01-02,2026-04-10T02:58:34,"[""auth0"", ""azure"", ""cloudflare"", ""cloudflare-workers"", ""cosmosdb"", ""json-schema"", ""json-schema-validator"", ""jwt"", ""sentry"", ""service-workers"", ""workers""]",683,65,24
wokwi/avr8js,typescript,https://github.com/wokwi/avr8js.git,4048418,2019-11-19,2026-04-10T03:31:53,"[""arduino"", ""atmega"", ""atmega328p"", ""avr"", ""javascript"", ""microcontroller"", ""simulation"", ""typescript""]",704,112,6
masterkale/simplewebauthn,typescript,https://github.com/masterkale/simplewebauthn.git,4048482,2020-05-22,2026-08-01T03:07:07,"[""browser"", ""commonjs"", ""deno"", ""denoland"", ""esm"", ""fido"", ""node"", ""passkeys"", ""typescript"", ""umd"", ""webauthn""]",2297,199,22
alonrbar/easy-template-x,typescript,https://github.com/alonrbar/easy-template-x.git,4048500,2018-05-31,2026-07-27T11:06:05,[],526,75,14
airbnb/react-sketchapp,typescript,https://github.com/airbnb/react-sketchapp.git,4049298,2017-04-21,2025-11-06T12:54:06,"[""react"", ""react-renderer"", ""react-sketchapp"", ""sketch"", ""sketch-plugin""]",14905,812,56
copytranslator/copytranslator,typescript,https://github.com/copytranslator/copytranslator.git,4049299,2018-05-19,2026-02-23T01:09:32,"[""copytranslator"", ""dictionary"", ""translate""]",17546,1943,14
michallytek/type-graphql,typescript,https://github.com/michallytek/type-graphql.git,4049301,2018-01-09,2026-07-16T07:50:15,"[""api"", ""controllers"", ""decorators"", ""gql"", ""graphql"", ""graphql-js"", ""graphql-schema"", ""hacktoberfest"", ""resolvers"", ""schema"", ""typescript""]",8087,675,89
yezihaohao/react-admin,typescript,https://github.com/yezihaohao/react-admin.git,4049303,2017-04-12,2021-09-10T09:15:59,[],5841,1690,4
sindresorhus/type-fest,typescript,https://github.com/sindresorhus/type-fest.git,4049304,2019-03-13,2026-08-02T03:14:08,"[""npm-package"", ""types"", ""typescript"", ""typescript-definitions"", ""utilities""]",17334,724,211
reach/reach-ui,typescript,https://github.com/reach/reach-ui.git,4049305,2018-07-31,2025-02-10T08:59:23,[],5979,562,141
ampproject/worker-dom,typescript,https://github.com/ampproject/worker-dom.git,4049313,2018-08-16,2026-08-03T03:05:49,[],3265,153,26
musish/musish,typescript,https://github.com/musish/musish.git,4049314,2018-12-01,2024-09-22T05:09:03,"[""apple"", ""apple-music"", ""music"", ""musickit"", ""musickitjs"", ""react""]",3050,219,23
mgechev/codelyzer,typescript,https://github.com/mgechev/codelyzer.git,4049315,2016-02-10,2026-07-24T07:16:12,"[""angular"", ""angular-cli"", ""codelyzer"", ""linting"", ""static-code-analysis"", ""style-guide"", ""tslint""]",2468,234,52
crawlab-team/artipub,typescript,https://github.com/crawlab-team/artipub.git,4049316,2019-08-24,2026-01-29T11:47:33,"[""article"", ""article-publisher"", ""csdn"", ""docker"", ""media"", ""mongodb"", ""nodejs"", ""segmentfault"", ""typescript""]",3185,539,9
gajus/slonik,typescript,https://github.com/gajus/slonik.git,4049317,2017-03-24,2026-07-26T04:12:12,"[""javascript"", ""nodejs"", ""postgres"", ""postgresql"", ""typescript""]",4919,156,58
donjayamanne/pythonvscode,typescript,https://github.com/donjayamanne/pythonvscode.git,4049318,2016-01-19,2026-02-14T06:14:22,"[""autopep8"", ""editor"", ""extract"", ""intellisense"", ""jupyter"", ""linter"", ""pydocstyle"", ""pylint"", ""python"", ""python-3-6"", ""python-terminal"", ""refactorings"", ""rename-refactorings"", ""scientific"", ""sort-imports"", ""terminal"", ""testing"", ""typescript"", ""visual-studio-code""]",2110,1632,300
nestjsx/crud,typescript,https://github.com/nestjsx/crud.git,4049321,2018-05-18,2024-05-13T06:56:04,"[""crud"", ""crud-generator"", ""nest"", ""nestjs"", ""restful-api"", ""typeorm"", ""typescript""]",3963,515,33
jeffijoe/awilix,typescript,https://github.com/jeffijoe/awilix.git,4049324,2016-02-23,2026-06-15T09:31:58,"[""awilix"", ""dependency-injection"", ""ioc"", ""javascript"", ""lifetime-management"", ""nodejs""]",4183,146,37
marblejs/marble,typescript,https://github.com/marblejs/marble.git,4049326,2018-05-09,2025-05-03T09:43:09,"[""framework"", ""functional-programming"", ""javascript"", ""marble"", ""nodejs"", ""observable"", ""reactive"", ""rxjs"", ""stream"", ""typescript""]",2139,72,19
laobubu/hypermd,typescript,https://github.com/laobubu/hypermd.git,4049333,2017-01-14,2021-01-05T03:36:46,[],1231,94,8
influxdata/chronograf,typescript,https://github.com/influxdata/chronograf.git,4049334,2016-08-24,2026-08-04T03:33:39,"[""alert"", ""apm"", ""chronograf"", ""dashboard"", ""go"", ""influxdb"", ""kapacitor"", ""monitoring"", ""react"", ""redux"", ""telegraf"", ""visualization""]",1566,251,91
dalibo/pev2,typescript,https://github.com/dalibo/pev2.git,4049337,2019-08-05,2026-08-03T09:28:58,"[""explain"", ""postgresql""]",3519,190,21
johnpapa/angular-ngrx-data,typescript,https://github.com/johnpapa/angular-ngrx-data.git,4049350,2017-11-26,2023-01-12T04:26:25,[],964,137,12
staltz/manyverse,typescript,https://github.com/staltz/manyverse.git,4049361,2017-07-19,2024-08-13T03:26:21,"[""cyclejs"", ""manyverse"", ""p2p"", ""peer-to-peer"", ""scuttlebutt"", ""ssb"", ""ssbc""]",928,83,24
ng-zorro/ng-zorro-antd-mobile,typescript,https://github.com/ng-zorro/ng-zorro-antd-mobile.git,4049362,2018-08-22,2024-08-09T09:40:39,"[""alibaba"", ""angular"", ""angular-components"", ""angular-directives"", ""ant"", ""ant-design"", ""ant-design-mobile"", ""antd"", ""enterprise"", ""frontend"", ""gitter"", ""ionic"", ""mobile"", ""mobile-ui"", ""ng-zorro"", ""ng-zorro-antd-mobile"", ""ng-zorro-mobile"", ""ngx"", ""typescript""]",796,239,28
line/line-bot-sdk-nodejs,typescript,https://github.com/line/line-bot-sdk-nodejs.git,4049367,2017-05-10,2026-08-05T10:01:02,"[""bot"", ""javascript"", ""line"", ""linebot"", ""nodejs"", ""sdk"", ""typescript""]",1076,434,55
iam4x/bobarr,typescript,https://github.com/iam4x/bobarr.git,4049368,2020-04-05,2023-11-01T11:20:27,"[""docker"", ""docker-compose"", ""flaresolverr"", ""graphql"", ""jackett"", ""movies"", ""nextjs"", ""plex"", ""radarr"", ""sonarr"", ""tmdb"", ""torrent"", ""torrent-downloader"", ""torrent-tracker"", ""tvshow"", ""typescript"", ""vpn"", ""wireguard""]",1358,79,14
digitsensitive/phaser3-typescript,typescript,https://github.com/digitsensitive/phaser3-typescript.git,4049369,2018-03-04,2026-05-28T08:21:16,"[""html5-game"", ""phaser"", ""phaser-boilerplate"", ""phaser-framework"", ""phaser-game"", ""phaser-tutorial"", ""phaser3"", ""phaser3-example"", ""typescript""]",1027,182,7
seokju-na/geeks-diary,typescript,https://github.com/seokju-na/geeks-diary.git,4049370,2017-05-17,2022-02-11T05:56:59,[],671,86,3
electrode-io/electrode-native,typescript,https://github.com/electrode-io/electrode-native.git,4049372,2017-07-25,2026-04-29T07:20:55,"[""android"", ""ios"", ""mobile"", ""nodejs"", ""react-native""]",733,113,40
pubkey/event-reduce,typescript,https://github.com/pubkey/event-reduce.git,4049375,2020-01-27,2026-06-30T05:11:04,"[""bdd"", ""database"", ""event-reduce"", ""live-queries"", ""nosql-database"", ""observability"", ""oplog-tailing"", ""realtime"", ""realtime-database"", ""realtime-queries""]",755,23,6
babylonjs/spector.js,typescript,https://github.com/babylonjs/spector.js.git,4049377,2017-04-29,2026-08-04T10:07:06,"[""3d"", ""debug"", ""debugger"", ""inspector"", ""webgl"", ""webgl2"", ""webvr""]",1611,189,29
poulainv/tottem,typescript,https://github.com/poulainv/tottem.git,4049378,2019-09-06,2023-01-24T01:15:30,[],906,96,5
consensys/ethql,typescript,https://github.com/consensys/ethql.git,4049380,2018-02-17,2022-01-13T10:12:07,[],587,77,10
54sword/xiaoduyu.com,typescript,https://github.com/54sword/xiaoduyu.com.git,4049382,2017-01-13,2022-12-09T04:49:42,[],594,148,2
mohgovil/hamagen-react-native,typescript,https://github.com/mohgovil/hamagen-react-native.git,4049385,2020-03-22,2023-01-06T02:42:12,[],510,163,20
meteorlxy/vssue,typescript,https://github.com/meteorlxy/vssue.git,4049389,2018-06-12,2025-03-08T08:18:45,"[""bitbucket"", ""comment"", ""github"", ""gitlab"", ""issue"", ""vue"", ""vuepress-plugin""]",781,107,10
jpmorganchase/modular,typescript,https://github.com/jpmorganchase/modular.git,4049392,2020-05-21,2023-11-06T03:06:42,"[""esbuild"", ""jpmorgan"", ""modular"", ""react""]",603,55,22
agoraio-community/react-native-agora,typescript,https://github.com/agoraio-community/react-native-agora.git,4049399,2017-06-13,2022-08-22T05:31:13,[],555,204,27
typefox/monaco-languageclient,typescript,https://github.com/typefox/monaco-languageclient.git,4049402,2017-04-12,2026-07-31T10:12:16,"[""language-server"", ""language-server-protocol"", ""lsp"", ""monaco"", ""monaco-editor"", ""vscode""]",1358,215,45
negezor/vk-io,typescript,https://github.com/negezor/vk-io.git,4049405,2016-02-22,2026-02-28T07:05:54,"[""api"", ""sdk"", ""vk"", ""vk-api"", ""vk-sdk""]",564,86,26
yaozeyuan/zhihuhelp,typescript,https://github.com/yaozeyuan/zhihuhelp.git,4049409,2019-02-04,2026-06-20T01:56:16,[],967,175,3
zenghongtu/remu,typescript,https://github.com/zenghongtu/remu.git,4049410,2019-05-30,2022-08-13T02:24:08,[],503,32,7
rsuite/rsuite-table,typescript,https://github.com/rsuite/rsuite-table.git,4049417,2016-06-10,2026-04-02T06:02:55,"[""affix"", ""datatables"", ""react"", ""react-table"", ""table"", ""treetable"", ""virtualization"", ""windowing""]",739,138,28
amborle/featmap,typescript,https://github.com/amborle/featmap.git,4049418,2019-03-12,2026-05-26T01:51:28,"[""product-backlog"", ""story-mapping"", ""user-story-mapping""]",532,101,5
worktile/ngx-planet,typescript,https://github.com/worktile/ngx-planet.git,4049420,2019-01-10,2026-05-07T01:55:19,"[""angular"", ""micro"", ""microfront"", ""microfrontends"", ""microfrontends-demo"", ""ngx-planet"", ""portal""]",542,68,15
persian-tools/persian-tools,typescript,https://github.com/persian-tools/persian-tools.git,4049422,2018-06-18,2026-07-23T07:38:16,"[""card-number"", ""code-melli"", ""code-melli-validator"", ""convert-numbers"", ""convert-persian-number"", ""english-number-to-persian"", ""fuzzy-matching"", ""iban"", ""iranian-national-id"", ""number-to-words"", ""persian-characters"", ""persian-language"", ""persian-words-to-number"", ""remove-commas"", ""sheba"", ""sheba-validator"", ""verify-bank-nunber"", ""verify-national-id"", ""words-to-numbers""]",1204,132,41
awehook/blink-mind-desktop,typescript,https://github.com/awehook/blink-mind-desktop.git,4049428,2019-08-14,2022-11-10T05:32:25,[],611,87,2
open-source-labs/chronos,typescript,https://github.com/open-source-labs/chronos.git,4049440,2019-09-07,2025-03-28T04:23:41,"[""aws"", ""container-stats"", ""desktop-application"", ""docker"", ""docker-container"", ""electron"", ""graphql"", ""grpc"", ""health"", ""kafka"", ""kubernetes"", ""microservice-toolkit"", ""microservices"", ""monitoring"", ""monitoring-tool"", ""nodejs"", ""npm-module"", ""npm-package"", ""react"", ""typescript""]",845,207,76
velopert/velog-client,typescript,https://github.com/velopert/velog-client.git,4049478,2019-02-23,2026-04-26T01:27:03,[],744,139,8
tfns/ctfnote,typescript,https://github.com/tfns/ctfnote.git,4049517,2020-11-18,2026-04-15T11:15:22,"[""ctf"", ""ctf-tools""]",594,73,21
reaviz/reaflow,typescript,https://github.com/reaviz/reaflow.git,4049677,2020-10-28,2025-06-04T09:08:50,"[""diagrams"", ""elkjs"", ""flowchart"", ""hacktoberfest"", ""node-editor"", ""react"", ""reactjs"", ""visualizations"", ""workflow""]",2325,134,27
scalabel/scalabel,typescript,https://github.com/scalabel/scalabel.git,4049777,2019-11-18,2025-04-17T07:52:51,[],620,122,42
yuanqing/create-figma-plugin,typescript,https://github.com/yuanqing/create-figma-plugin.git,4049999,2019-07-20,2026-03-21T02:52:11,"[""create-figma-plugin"", ""figjam"", ""figjam-plugin"", ""figjam-plugins"", ""figjam-widget"", ""figjam-widgets"", ""figma"", ""figma-plugin"", ""figma-plugins""]",1100,102,19
kaetram/kaetram-open,typescript,https://github.com/kaetram/kaetram-open.git,4050022,2019-05-27,2026-08-03T10:03:03,"[""2d"", ""2d-game"", ""browserquest"", ""demo"", ""game"", ""game-2d"", ""game-development"", ""game-engine"", ""game-server"", ""gamedev"", ""html5"", ""html5-canvas"", ""html5-game"", ""mmo"", ""multiplayer"", ""open-source"", ""rendering-engine"", ""taptapadventure"", ""tileset"", ""tilesheet""]",715,196,14
nielsfaber/scheduler-card,typescript,https://github.com/nielsfaber/scheduler-card.git,4050042,2020-08-09,2026-06-30T04:24:16,"[""assistant"", ""automation"", ""card"", ""custom-card"", ""home"", ""home-assistant"", ""homeassistant"", ""lovelace"", ""schedule"", ""scheduler"", ""sunrise"", ""sunset"", ""week"", ""weekly""]",1239,176,84
microsoft/lage,typescript,https://github.com/microsoft/lage.git,4050043,2020-05-18,2026-08-05T08:24:12,[],815,87,67
nicolasconstant/sengi,typescript,https://github.com/nicolasconstant/sengi.git,4050045,2018-03-13,2026-03-11T03:45:13,"[""client"", ""desktop"", ""mastodon"", ""multi-account"", ""pleroma""]",561,33,6
xuejianxianzun/pixivfanboxdownloader,typescript,https://github.com/xuejianxianzun/pixivfanboxdownloader.git,4050086,2020-04-07,2026-07-22T10:33:47,"[""chrome-extension"", ""downloader"", ""fanbox"", ""pixiv""]",1045,45,6
airgap-it/airgap-wallet,typescript,https://github.com/airgap-it/airgap-wallet.git,4050159,2018-07-11,2026-07-27T07:32:34,"[""aeternity"", ""airgap"", ""bitcoin"", ""cosmos"", ""crypto-wallet"", ""cryptocurrency"", ""ethereum"", ""kusama"", ""polkadot"", ""tezos"", ""wallet""]",532,142,16
microsoft/bosquelanguage,typescript,https://github.com/microsoft/bosquelanguage.git,4051155,2019-03-10,2022-10-27T08:39:01,[],5315,312,35
danger/danger-js,typescript,https://github.com/danger/danger-js.git,4051158,2016-08-20,2026-08-04T12:48:28,"[""ci"", ""circle"", ""code-review"", ""danger"", ""danger-js"", ""github-actions"", ""jenkins"", ""travis""]",5497,383,225
remaxjs/remax,typescript,https://github.com/remaxjs/remax.git,4051159,2019-01-07,2024-03-07T08:51:04,"[""alipay-mini-program"", ""mini-program"", ""miniprogram"", ""react"", ""reactjs"", ""toutiao-miniprogram"", ""wechat-mini-program""]",4572,363,84
alexa/alexa-skills-kit-sdk-for-nodejs,typescript,https://github.com/alexa/alexa-skills-kit-sdk-for-nodejs.git,4051162,2016-06-24,2023-05-16T07:04:00,[],3098,751,39
jordanknott/taskcafe,typescript,https://github.com/jordanknott/taskcafe.git,4051166,2020-06-01,2023-07-23T06:48:35,"[""golang"", ""gqlgen"", ""graphql"", ""kanban-board"", ""project-management"", ""react"", ""typescript""]",3765,316,12
dsherret/ts-morph,typescript,https://github.com/dsherret/ts-morph.git,4051169,2017-03-04,2026-07-31T02:14:07,"[""ast"", ""code-generation"", ""javascript"", ""static-analysis"", ""typescript""]",6150,235,65
sindresorhus/p-queue,typescript,https://github.com/sindresorhus/p-queue.git,4051177,2016-10-28,2026-07-22T08:25:14,"[""async-functions"", ""async-queue"", ""node-module"", ""npm-package"", ""promise"", ""promise-queue"", ""queue"", ""queue-data-stucture""]",4244,214,37
eosio/eosjs,typescript,https://github.com/eosio/eosjs.git,4051178,2017-08-03,2022-08-01T01:38:25,[],1445,486,48
react-figma/react-figma,typescript,https://github.com/react-figma/react-figma.git,4051179,2019-08-11,2026-04-14T01:26:09,"[""figma"", ""figma-plugins"", ""react""]",2683,136,28
microsoft/codetour,typescript,https://github.com/microsoft/codetour.git,4051185,2020-03-07,2026-05-05T12:33:49,"[""code-navigation"", ""knowledge-sharing"", ""onboarding"", ""vscode"", ""vscode-extension""]",4525,145,25
kononnable/typeorm-model-generator,typescript,https://github.com/kononnable/typeorm-model-generator.git,4051186,2017-03-23,2022-10-10T06:20:10,[],1408,245,30
improbable-eng/ts-protoc-gen,typescript,https://github.com/improbable-eng/ts-protoc-gen.git,4051189,2017-03-13,2024-01-20T05:19:11,"[""grpc"", ""grpc-web"", ""plugin"", ""protoc"", ""protocol-buffers"", ""ts"", ""typescript""]",1312,174,29
daybrush/selecto,typescript,https://github.com/daybrush/selecto.git,4051191,2019-12-28,2024-06-17T06:43:06,"[""angular"", ""lit"", ""moveable"", ""react"", ""scena"", ""scenejs"", ""select"", ""selectable"", ""selection"", ""selecto"", ""svelte"", ""vue""]",1968,80,9
remeda/remeda,typescript,https://github.com/remeda/remeda.git,4051192,2018-05-07,2026-08-04T11:23:48,"[""functional"", ""programming"", ""typescript"", ""utility""]",5410,168,102
frenic/csstype,typescript,https://github.com/frenic/csstype.git,4051195,2017-09-18,2026-04-10T08:20:06,"[""css"", ""flow"", ""mdn"", ""style"", ""types"", ""typescript""]",1815,75,13
jfcere/ngx-markdown,typescript,https://github.com/jfcere/ngx-markdown.git,4051201,2017-02-05,2026-08-04T01:25:56,"[""angular"", ""clipboard"", ""clipboardjs"", ""emoji"", ""katex"", ""markdown"", ""marked"", ""markedjs"", ""md"", ""mermaid"", ""mermaidjs"", ""ngx"", ""parser"", ""prism"", ""prismjs"", ""syntax-highlighting""]",1191,184,17
gcanti/monocle-ts,typescript,https://github.com/gcanti/monocle-ts.git,4051204,2017-02-11,2022-12-09T10:12:08,[],943,50,14
superjo149/auryo,typescript,https://github.com/superjo149/auryo.git,4051206,2016-11-11,2022-02-26T10:01:15,[],661,45,6
radix-ui/design-system,typescript,https://github.com/radix-ui/design-system.git,4051207,2018-07-26,2024-03-15T11:16:15,[],2244,175,18
thiagobustamante/typescript-rest,typescript,https://github.com/thiagobustamante/typescript-rest.git,4051220,2016-06-10,2023-03-04T02:32:48,[],512,113,19
johnweisz/typedjson,typescript,https://github.com/johnweisz/typedjson.git,4051225,2016-04-25,2023-01-07T04:56:40,[],577,64,17
microsoft/vscode-js-debug,typescript,https://github.com/microsoft/vscode-js-debug.git,4051229,2019-07-25,2026-08-05T04:02:49,"[""dap"", ""debug"", ""hacktoberfest"", ""vscode"", ""vscode-extension""]",1956,364,93
javen205/tnwx,typescript,https://github.com/javen205/tnwx.git,4051241,2019-03-15,2024-04-21T12:40:14,"[""ijpay"", ""javascript"", ""nestjs"", ""node"", ""nodejs"", ""typescript"", ""wechat"", ""wechat-mini-program""]",602,93,12
jmerle/competitive-companion,typescript,https://github.com/jmerle/competitive-companion.git,4051249,2017-12-10,2026-06-29T12:50:26,"[""atcoder"", ""browser-extension"", ""codeforces"", ""competitive-programming"", ""icpc"", ""kattis""]",1276,195,58
elixir-lsp/vscode-elixir-ls,typescript,https://github.com/elixir-lsp/vscode-elixir-ls.git,4051258,2019-01-16,2026-07-06T06:53:58,"[""elixir"", ""language-server""]",597,109,57
oguimbal/pg-mem,typescript,https://github.com/oguimbal/pg-mem.git,4051261,2020-07-16,2026-02-26T11:33:42,"[""deno"", ""hacktoberfest"", ""mocha"", ""node"", ""node-postgres"", ""nodejs"", ""pg-mem"", ""pg-promise"", ""postgresql"", ""slonik"", ""sql-syntax-parser"", ""typeorm"", ""typescript"", ""unit-testing"", ""unit-tests""]",2303,107,36
openplayerjs/openplayerjs,typescript,https://github.com/openplayerjs/openplayerjs.git,4051262,2018-09-03,2026-08-04T01:53:53,"[""ads"", ""audio"", ""hls"", ""html5"", ""html5-audio"", ""html5-video"", ""html5-video-player"", ""javascript"", ""non-linear"", ""omid"", ""openplayerjs"", ""player"", ""simid"", ""typescript"", ""typescript-library"", ""vast"", ""video"", ""vmap""]",649,91,12
zthxxx/react-dev-inspector,typescript,https://github.com/zthxxx/react-dev-inspector.git,4051269,2020-09-17,2026-04-20T08:28:24,"[""dev"", ""fiber"", ""inspector"", ""react"", ""react-inspector""]",1308,75,10
yunabe/tslab,typescript,https://github.com/yunabe/tslab.git,4051272,2019-07-13,2024-06-22T09:54:49,"[""javascript"", ""jupyter"", ""jupyter-notebook"", ""jupyterlab"", ""nodejs"", ""repl"", ""typescript""]",658,43,4
handsontable/hyperformula,typescript,https://github.com/handsontable/hyperformula.git,4051286,2019-09-10,2026-08-05T12:17:06,"[""calculation-engine"", ""evaluator"", ""excel"", ""forms"", ""formula"", ""headless-spreadsheet"", ""sheets"", ""spreadsheet"", ""typescript"", ""xls"", ""xlsx""]",2761,168,26
sakitam-fdd/wind-layer,typescript,https://github.com/sakitam-fdd/wind-layer.git,4051292,2017-12-14,2026-03-28T05:01:16,"[""amap"", ""bmap"", ""cesium"", ""docker"", ""ecmwf"", ""gfs"", ""grib2"", ""koa2"", ""leaflet"", ""leafletjs"", ""mapbox-gl"", ""maplibre-gl"", ""maptalks"", ""nodejs"", ""openlayers"", ""openlayers-extension"", ""weather"", ""wind-layer"", ""windy""]",691,177,7
open-source-labs/seeqr,typescript,https://github.com/open-source-labs/seeqr.git,4051296,2020-08-07,2024-06-06T07:05:50,[],592,149,58
wuba/picasso,typescript,https://github.com/wuba/picasso.git,4051308,2020-09-09,2026-07-08T03:03:40,"[""code"", ""measure"", ""parse"", ""picasso"", ""sketch"", ""sketch-plugin"", ""sketch2code"", ""ui2code""]",1129,163,6
forbeslindesay/atdatabases,typescript,https://github.com/forbeslindesay/atdatabases.git,4051330,2018-12-19,2026-07-06T04:46:26,"[""databases"", ""expo"", ""javascript"", ""mysql"", ""nodejs"", ""postgres"", ""promises"", ""sql"", ""sqlite"", ""typescript""]",635,48,23
microsoft/clarity,typescript,https://github.com/microsoft/clarity.git,4051340,2020-04-30,2026-08-04T09:41:04,"[""clarity"", ""heatmap"", ""session-replay""]",2704,275,42
muxinc/stream.new,typescript,https://github.com/muxinc/stream.new.git,4051341,2020-08-31,2026-08-05T03:34:17,"[""hacktoberfest"", ""mux"", ""streaming-video"", ""video""]",609,86,23
acro5piano/react-native-big-calendar,typescript,https://github.com/acro5piano/react-native-big-calendar.git,4051358,2019-12-04,2026-08-01T03:44:42,"[""calendar"", ""calendar-component"", ""calendar-view"", ""cross-platform"", ""react"", ""react-native"", ""react-native-web""]",588,187,38
lukasoppermann/design-tokens,typescript,https://github.com/lukasoppermann/design-tokens.git,4051675,2020-09-17,2026-02-16T09:28:58,"[""amazon-style-dictionary"", ""design-system"", ""design-tokens"", ""figma"", ""figma-api"", ""figma-plugin"", ""style-dictionary""]",1097,149,23
unlight/prisma-nestjs-graphql,typescript,https://github.com/unlight/prisma-nestjs-graphql.git,4052187,2020-07-26,2026-07-03T11:25:11,"[""graphql"", ""nestjs"", ""nestjs-graphql"", ""prisma"", ""prisma-generator"", ""prisma-nestjs-graphql""]",572,86,12
felixrieseberg/windows95,typescript,https://github.com/felixrieseberg/windows95.git,4052215,2018-08-23,2026-08-05T05:27:01,[],24192,1352,16
oakserver/oak,typescript,https://github.com/oakserver/oak.git,4052220,2018-12-12,2026-02-22T08:54:17,"[""deno"", ""http-server"", ""middleware-framework"", ""middleware-frameworks"", ""oak"", ""router-middleware""]",5400,242,81
facebookresearch/hiplot,typescript,https://github.com/facebookresearch/hiplot.git,4052225,2019-11-08,2023-12-09T10:16:59,[],2639,135,9
typestrong/fork-ts-checker-webpack-plugin,typescript,https://github.com/typestrong/fork-ts-checker-webpack-plugin.git,4052233,2017-04-25,2025-12-15T03:03:30,"[""babel-loader"", ""checker"", ""eslint"", ""plugin"", ""speedup"", ""ts-loader"", ""typescript"", ""vue"", ""webpack"", ""webpack-plugin""]",1995,251,86
dabbott/javascript-playgrounds,typescript,https://github.com/dabbott/javascript-playgrounds.git,4052236,2016-05-05,2024-11-15T05:28:46,[],1399,133,6
thomasnordquist/mqtt-explorer,typescript,https://github.com/thomasnordquist/mqtt-explorer.git,4052237,2019-01-02,2026-05-08T01:27:42,"[""homeautomation"", ""mqtt"", ""mqtt-client"", ""mqtt-explorer"", ""mqtt-smarthome"", ""mqtt-tool""]",3914,370,13
enixcoda/gitako,typescript,https://github.com/enixcoda/gitako.git,4052240,2017-11-26,2026-08-03T09:24:55,"[""chrome-extension"", ""edge-extension"", ""firefox-addon"", ""gitee"", ""github""]",2595,119,16
ng-lightning/ng-lightning,typescript,https://github.com/ng-lightning/ng-lightning.git,4052242,2016-03-01,2023-06-21T03:46:06,"[""angular"", ""lightning"", ""ng-lightning"", ""salesforce-lightning""]",910,124,16
onelang/onelang,typescript,https://github.com/onelang/onelang.git,4052247,2017-08-10,2023-01-01T04:23:08,[],1029,76,3
samdenty/injectify,typescript,https://github.com/samdenty/injectify.git,4052254,2017-11-06,2024-03-25T09:04:38,"[""console-replication"", ""github-oauth"", ""mitm"", ""modular"", ""mongodb"", ""nodejs"", ""reactjs"", ""redux"", ""typescript"", ""webpack"", ""xss""]",657,118,3
justinbeckwith/linkinator,typescript,https://github.com/justinbeckwith/linkinator.git,4052263,2019-02-12,2026-08-04T09:18:28,"[""404"", ""broken-link-checker"", ""broken-links"", ""ci-cd"", ""dead-links"", ""html"", ""link-checker"", ""link-validator"", ""nodejs"", ""seo"", ""seo-tools"", ""testing"", ""typescript"", ""url-validator"", ""web-crawler"", ""website-crawler""]",1246,107,29
dgreif/ring,typescript,https://github.com/dgreif/ring.git,4052270,2018-10-12,2026-08-04T01:59:18,"[""alarm"", ""homebridge"", ""homebridge-plugin"", ""homekit"", ""ring""]",1515,205,35
samchon/tstl,typescript,https://github.com/samchon/tstl.git,4052275,2016-01-27,2025-08-13T03:55:25,"[""algorithm"", ""collection"", ""container"", ""critical-section"", ""hashmap"", ""iterator"", ""mutex"", ""semaphore"", ""stl"", ""treemap"", ""typescript""]",623,50,5
iamvishnusankar/next-sitemap,typescript,https://github.com/iamvishnusankar/next-sitemap.git,4052295,2020-08-02,2026-05-13T02:13:39,"[""next-sitemap"", ""nextjs"", ""react"", ""seo"", ""sitemap"", ""sitemap-generator"", ""typescript""]",3731,138,25
xaviergonz/mobx-keystone,typescript,https://github.com/xaviergonz/mobx-keystone.git,4052299,2019-05-15,2026-08-05T09:41:12,"[""data-trees"", ""frp"", ""functional-reactive-programming"", ""immutability"", ""mobx"", ""mobx-keystone"", ""mobx-state-tree"", ""mutability"", ""reactive"", ""snapshots"", ""state-management"", ""state-tree""]",616,26,14
phenomnomnominal/betterer,typescript,https://github.com/phenomnomnominal/betterer.git,4052311,2019-09-09,2025-08-09T09:27:33,"[""codebase"", ""hacktoberfest"", ""improvement"", ""incremental"", ""test""]",610,44,20
photostructure/exiftool-vendored.js,typescript,https://github.com/photostructure/exiftool-vendored.js.git,4052319,2016-10-13,2026-07-31T03:44:27,"[""cross-platform"", ""exif"", ""exiftool"", ""gps"", ""image"", ""images"", ""metadata"", ""metadata-extraction"", ""movies"", ""nodejs"", ""photo"", ""photographs"", ""photography"", ""photos"", ""video"", ""videos""]",555,53,14
markuplint/markuplint,typescript,https://github.com/markuplint/markuplint.git,4052324,2017-09-26,2026-08-04T02:04:24,"[""alpinejs"", ""custom-elements"", ""html"", ""htmx"", ""jsx-templates"", ""linter"", ""liquid"", ""mustache-templates"", ""nunjucks"", ""php"", ""pug"", ""react"", ""svelte"", ""vue""]",606,64,43
typescript-tdd/ts-auto-mock,typescript,https://github.com/typescript-tdd/ts-auto-mock.git,4052325,2019-01-02,2025-02-26T09:49:31,"[""automatic"", ""fake"", ""mock"", ""mocking"", ""testing"", ""typescript"", ""typescript-transformer""]",607,16,12
react-hook-form/resolvers,typescript,https://github.com/react-hook-form/resolvers.git,4052326,2020-04-21,2026-08-02T06:12:38,"[""ajv"", ""class-validator"", ""computed-types"", ""form"", ""form-validation"", ""hacktoberfest"", ""hooks"", ""io-ts"", ""joi"", ""jsonschema"", ""resolvers"", ""schema-validation"", ""superstruct"", ""typebox"", ""typescript"", ""validation"", ""yup"", ""zod""]",2258,216,70
vue-mini/vue-mini,typescript,https://github.com/vue-mini/vue-mini.git,4052852,2019-11-18,2026-08-05T01:21:34,[],2081,90,6
neet/masto.js,typescript,https://github.com/neet/masto.js.git,4052875,2018-04-13,2026-07-27T12:26:44,"[""fediverse"", ""mastodon"", ""mastodon-api""]",784,56,35
camberi/firecms,typescript,https://github.com/camberi/firecms.git,4052904,2020-04-18,2023-05-05T08:43:43,[],842,144,25
temzasse/react-modal-sheet,typescript,https://github.com/temzasse/react-modal-sheet.git,4052939,2020-05-17,2026-03-27T08:08:09,"[""accessibility"", ""bottom-sheet"", ""framer-motion"", ""modal"", ""motion"", ""reactjs""]",1142,100,17
darlal/obsidian-switcher-plus,typescript,https://github.com/darlal/obsidian-switcher-plus.git,4052964,2020-08-15,2026-07-25T02:41:11,"[""obsidian-md"", ""obsidian-plugin""]",626,24,7
vadimdemedes/ink,typescript,https://github.com/vadimdemedes/ink.git,4053136,2017-06-12,2026-08-03T11:45:05,"[""cli"", ""command-line"", ""flexbox"", ""interactive"", ""javascript"", ""react""]",39563,1035,168
akveo/react-native-ui-kitten,typescript,https://github.com/akveo/react-native-ui-kitten.git,4053141,2016-12-20,2026-03-04T07:26:29,"[""react"", ""react-native"", ""ui-kit""]",10678,972,57
rematch/rematch,typescript,https://github.com/rematch/rematch.git,4053143,2017-10-01,2023-09-27T10:20:18,"[""angular"", ""hacktoberfest"", ""immer"", ""javascript"", ""react"", ""react-native"", ""react-redux"", ""redux"", ""redux-best-practices"", ""redux-made-easy"", ""rematch"", ""state-management"", ""typescript"", ""vue""]",8418,450,95
callstack/linaria,typescript,https://github.com/callstack/linaria.git,4053144,2017-05-23,2026-08-05T12:23:08,"[""css"", ""css-in-js"", ""css-in-react"", ""react""]",12349,414,144
akveo/kittentricks,typescript,https://github.com/akveo/kittentricks.git,4053145,2017-06-28,2024-01-05T12:22:51,"[""android"", ""demo-app"", ""ios"", ""react-native"", ""react-native-ui-kitten"", ""starter-kit"", ""ui""]",7061,1018,14
nodegui/react-nodegui,typescript,https://github.com/nodegui/react-nodegui.git,4053147,2019-06-23,2023-11-03T01:50:26,"[""css"", ""desktop"", ""gui"", ""native"", ""nodejs"", ""openlibrary"", ""qt"", ""react"", ""react-desktop""]",6153,171,28
hustcc/timeago.js,typescript,https://github.com/hustcc/timeago.js.git,4053148,2016-06-23,2026-06-30T01:08:09,"[""date-format"", ""datetime"", ""i18n"", ""multi-language"", ""real-time"", ""timeago"", ""tiny""]",5374,406,85
yinxin630/fiora,typescript,https://github.com/yinxin630/fiora.git,4053149,2016-02-15,2023-07-10T09:23:20,"[""chat"", ""chatroom"", ""fiora"", ""mongodb"", ""react"", ""socket""]",5825,1195,11
yoctol/bottender,typescript,https://github.com/yoctol/bottender.git,4053154,2017-10-16,2024-04-10T01:31:04,"[""bot"", ""chatbot"", ""framework"", ""line"", ""messaging"", ""messenger"", ""slack"", ""telegram"", ""viber""]",4162,335,34
alangpierce/sucrase,typescript,https://github.com/alangpierce/sucrase.git,4053157,2017-10-03,2025-11-19T05:12:45,"[""compiler"", ""es-modules"", ""javascript"", ""jsx"", ""typescript""]",5819,151,38
worldbrain/memex,typescript,https://github.com/worldbrain/memex.git,4053158,2017-04-01,2025-03-25T11:50:47,"[""annotate"", ""annotation"", ""annotations"", ""browser-extension"", ""chrome-extension"", ""firefox-addon"", ""full-text-search"", ""javascript"", ""note-taking"", ""research"", ""typescript"", ""web-extension""]",4489,340,57
thi-ng/umbrella,typescript,https://github.com/thi-ng/umbrella.git,4053164,2018-01-24,2026-07-22T07:34:39,"[""color"", ""data-structures"", ""dsl"", ""functional-programming"", ""geometry"", ""html"", ""monorepo"", ""parser-combinators"", ""reactive-programming"", ""shadergraph"", ""streams"", ""tensors"", ""transducers"", ""typescript"", ""ui"", ""vectors"", ""visualization"", ""webassembly"", ""webgl"", ""ziglang""]",3819,168,45
microsoft/botframework-emulator,typescript,https://github.com/microsoft/botframework-emulator.git,4053166,2016-11-11,2025-07-17T04:55:26,"[""bot"", ""bot-builder"", ""bot-framework-emulator"", ""electron"", ""microsoft-bot-framework"", ""react"", ""redux"", ""sdk"", ""typescript""]",1871,768,53
magenta/magenta-js,typescript,https://github.com/magenta/magenta-js.git,4053168,2018-03-26,2026-06-20T02:48:32,[],2124,336,35
microsoft/onnxjs,typescript,https://github.com/microsoft/onnxjs.git,4053176,2018-09-13,2021-12-14T12:51:02,[],1556,124,20
actions/checkout,typescript,https://github.com/actions/checkout.git,4053178,2019-07-19,2026-08-05T05:20:43,[],8609,2739,54
drawrowfly/tiktok-scraper,typescript,https://github.com/drawrowfly/tiktok-scraper.git,4053182,2019-10-23,2023-05-19T05:56:45,[],3577,717,28
graphql-editor/graphql-zeus,typescript,https://github.com/graphql-editor/graphql-zeus.git,4053184,2019-07-16,2026-04-07T02:56:06,"[""client"", ""codegen"", ""graphql"", ""schema""]",1974,109,32
elderjs/elderjs,typescript,https://github.com/elderjs/elderjs.git,4053186,2020-08-02,2022-11-21T10:44:49,[],2041,56,20
storybookjs/design-system,typescript,https://github.com/storybookjs/design-system.git,4053189,2019-05-03,2025-05-30T11:33:17,[],1959,591,32
microsoft/botframework-solutions,typescript,https://github.com/microsoft/botframework-solutions.git,4053190,2018-08-24,2022-06-29T07:22:51,[],1011,525,88
kubernetes-client/javascript,typescript,https://github.com/kubernetes-client/javascript.git,4053194,2017-04-28,2026-08-04T09:24:38,"[""k8s-sig-api-machinery""]",2266,565,124
samuelmeuli/mini-diary,typescript,https://github.com/samuelmeuli/mini-diary.git,4053201,2018-07-17,2021-07-11T07:25:19,[],834,146,18
online-go/online-go.com,typescript,https://github.com/online-go/online-go.com.git,4053202,2017-02-24,2026-08-05T11:31:16,"[""baduk"", ""hacktoberfest"", ""igo""]",1548,402,156
mtxr/vscode-sqltools,typescript,https://github.com/mtxr/vscode-sqltools.git,4053203,2016-12-15,2026-08-05T08:56:07,"[""azure"", ""database-management"", ""mssql"", ""mysql"", ""oracle-database"", ""oracle-db"", ""postgres"", ""postgresql"", ""sql"", ""sql-query"", ""sqlite"", ""sqlite3"", ""sqltools"", ""vscode"", ""vscode-extension"", ""vscode-plugin""]",1751,371,86
typescripttolua/typescripttolua,typescript,https://github.com/typescripttolua/typescripttolua.git,4053204,2017-12-31,2026-07-09T07:34:11,"[""compiler"", ""converter"", ""lua"", ""lua-transpiler"", ""transpiler"", ""typescript""]",2525,186,57
swimlane/ngx-graph,typescript,https://github.com/swimlane/ngx-graph.git,4053207,2017-02-23,2026-07-29T04:34:54,"[""angular"", ""angular2"", ""chart"", ""dag"", ""data-viz"", ""directed-graph"", ""svg"", ""workflow""]",993,299,38
johnpapa/vscode-peacock,typescript,https://github.com/johnpapa/vscode-peacock.git,4053209,2019-02-22,2026-07-25T08:38:22,"[""ai-ready"", ""typescript"", ""visual-studio-code"", ""vscode"", ""vscode-extension"", ""vscode-plugin"", ""vsls""]",1164,146,37
bash-lsp/bash-language-server,typescript,https://github.com/bash-lsp/bash-language-server.git,4053212,2018-02-24,2026-07-30T08:44:47,"[""bash"", ""language-server""]",2758,150,69
joarwilk/flowgen,typescript,https://github.com/joarwilk/flowgen.git,4053214,2017-01-03,2023-11-06T04:47:54,"[""cli"", ""converter"", ""definition"", ""flow"", ""flowtype"", ""typescript""]",658,87,34
facebook/remodel,typescript,https://github.com/facebook/remodel.git,4053218,2016-04-13,2022-10-13T08:08:00,[],611,90,29
devcloudfe/ng-devui,typescript,https://github.com/devcloudfe/ng-devui.git,4053219,2019-06-12,2025-05-22T08:29:05,"[""angular"", ""angular-components"", ""angular-ui-components"", ""angular12"", ""devui"", ""enterprise"", ""frontend"", ""gantt"", ""ivy"", ""ngx"", ""typescript"", ""ui-components""]",1776,209,28
zulip/zulip-desktop,typescript,https://github.com/zulip/zulip-desktop.git,4053223,2016-06-08,2026-06-04T01:26:18,"[""chat"", ""communication"", ""desktop"", ""electron"", ""javascript"", ""linux"", ""macos"", ""windows"", ""zulip"", ""zulip-desktop""]",961,529,59
tajo/react-range,typescript,https://github.com/tajo/react-range.git,4053226,2019-02-04,2024-08-07T06:54:22,"[""component"", ""draggable"", ""range"", ""react"", ""slider""]",836,98,36
wyb10a10/cocos_creator_framework,typescript,https://github.com/wyb10a10/cocos_creator_framework.git,4053233,2019-10-03,2026-06-21T09:16:32,"[""cocos"", ""cocos-creator"", ""framework"", ""websokcet""]",1044,359,3
allegro/turnilo,typescript,https://github.com/allegro/turnilo.git,4053238,2017-11-30,2026-06-26T07:14:22,"[""business-intelligence"", ""data-visualization"", ""druid"", ""typescript""]",769,180,51
iconify/iconify,typescript,https://github.com/iconify/iconify.git,4053243,2017-02-22,2026-07-30T02:49:56,"[""emoji"", ""glyph-fonts"", ""icons"", ""svg"", ""svg-framework"", ""vector-icons""]",6246,200,33
microsoft/charticulator,typescript,https://github.com/microsoft/charticulator.git,4053244,2017-10-31,2023-12-10T02:47:38,[],817,115,16
teleporthq/teleport-code-generators,typescript,https://github.com/teleporthq/teleport-code-generators.git,4053249,2019-02-21,2026-08-05T08:46:33,"[""angular"", ""codegeneration"", ""preact"", ""reactjs"", ""reactnative"", ""stenciljs"", ""uidl"", ""vuejs""]",1114,186,31
logux/client,typescript,https://github.com/logux/client.git,4053250,2016-11-16,2026-04-20T10:03:39,[],740,49,31
onearmy/community-platform,typescript,https://github.com/onearmy/community-platform.git,4053253,2018-09-27,2026-08-05T04:04:32,"[""climate-impact"", ""design-system"", ""react"", ""reactjs"", ""theme-ui"", ""typescript""]",1398,483,183
contentful/rich-text,typescript,https://github.com/contentful/rich-text.git,4053264,2018-10-24,2026-08-05T08:28:50,"[""monorepo""]",585,111,47
microsoft/ocr-form-tools,typescript,https://github.com/microsoft/ocr-form-tools.git,4053267,2019-12-13,2025-06-26T08:58:19,"[""form-recognizer"", ""labeling-tool"", ""machine-learning"", ""machine-learning-algorithms"", ""ocr-form-labeling"", ""rpa"", ""typescript""]",532,177,23
opengsn/gsn,typescript,https://github.com/opengsn/gsn.git,4053276,2018-12-10,2024-05-13T06:57:57,"[""dapp"", ""defi"", ""ethereum"", ""solidity"", ""web3""]",582,204,27
swatinem/rollup-plugin-dts,typescript,https://github.com/swatinem/rollup-plugin-dts.git,4053277,2018-11-14,2026-08-04T10:55:27,[],876,84,55
johnnesky/beepbox,typescript,https://github.com/johnnesky/beepbox.git,4053299,2019-08-30,2026-03-26T10:35:47,[],1090,263,7
refactoringguru/design-patterns-typescript,typescript,https://github.com/refactoringguru/design-patterns-typescript.git,4053374,2018-05-11,2026-04-15T09:39:43,"[""design-patterns"", ""typescript""]",1393,208,9
nicoespeon/abracadabra,typescript,https://github.com/nicoespeon/abracadabra.git,4053523,2019-05-24,2026-08-01T10:08:34,"[""javascript"", ""legacy-code"", ""magic"", ""refactoring"", ""typescript"", ""vscode-extension""]",887,52,30
pvarentsov/typescript-clean-architecture,typescript,https://github.com/pvarentsov/typescript-clean-architecture.git,4053540,2020-07-07,2023-09-17T07:30:04,"[""back-end"", ""clean-architecture"", ""clean-code"", ""e2e-testing"", ""nestjs"", ""nodejs"", ""typeorm"", ""typescript"", ""unit-testing""]",1234,164,2
agrawal-d/cph,typescript,https://github.com/agrawal-d/cph.git,4053785,2019-10-22,2026-08-04T05:38:12,"[""atcoder"", ""codechef"", ""codeforces"", ""competitive-programming"", ""hacktoberfest"", ""icpc"", ""topcoder""]",1113,224,53
kristiandupont/kanel,typescript,https://github.com/kristiandupont/kanel.git,4053799,2020-02-18,2026-08-04T05:31:11,[],1167,79,52
tuxedocomputers/tuxedo-control-center,typescript,https://github.com/tuxedocomputers/tuxedo-control-center.git,4053809,2020-04-20,2026-08-04T03:09:39,[],632,94,15
swdotcom/swdc-vscode-musictime,typescript,https://github.com/swdotcom/swdc-vscode-musictime.git,4053818,2019-11-26,2026-06-05T04:54:01,"[""ai-playlists"", ""music"", ""spotify"", ""visual-studio-code"", ""vscode""]",627,21,9
capricorn86/happy-dom,typescript,https://github.com/capricorn86/happy-dom.git,4053864,2019-09-09,2026-07-22T04:54:54,"[""angular"", ""browser"", ""bun"", ""dom"", ""hacktoberfest"", ""hacktoberfest2025"", ""html"", ""javascript"", ""jest"", ""lit-element"", ""lit-html"", ""nodejs"", ""react"", ""svelte"", ""testing-library"", ""typescript"", ""vitest"", ""vue"", ""web-components"", ""whatwg""]",4579,305,163
quran/quran.com-frontend-next,typescript,https://github.com/quran/quran.com-frontend-next.git,4053870,2020-05-10,2026-04-27T05:32:54,[],1842,594,63
jamiebrynes7/obsidian-todoist-plugin,typescript,https://github.com/jamiebrynes7/obsidian-todoist-plugin.git,4053902,2020-08-29,2026-03-15T03:36:24,"[""obsidian"", ""obsidian-md"", ""obsidian-plugin"", ""todoist""]",1138,91,6
airgap-it/airgap-vault,typescript,https://github.com/airgap-it/airgap-vault.git,4053913,2018-07-11,2026-07-24T04:28:33,"[""bitcoin"", ""blockchain"", ""crypto"", ""crypto-wallet"", ""cryptocurrency"", ""ethereum"", ""offline"", ""polkadot"", ""tezos"", ""wallet""]",537,137,19
shinyoshiaki/werift-webrtc,typescript,https://github.com/shinyoshiaki/werift-webrtc.git,4053936,2020-02-16,2026-08-05T07:52:45,"[""dtls"", ""ice"", ""nodejs"", ""rtp"", ""sctp"", ""srtp"", ""typescript"", ""webm"", ""webrtc""]",621,50,18
voxelum/x-minecraft-launcher,typescript,https://github.com/voxelum/x-minecraft-launcher.git,4053957,2017-06-28,2026-08-05T01:01:05,"[""curseforge"", ""custom-minecraft-launcher"", ""electron"", ""electron-vue"", ""fabricmc"", ""minecraft"", ""minecraft-launcher"", ""minecraftforge"", ""modrinth"", ""nodejs"", ""quiltmc"", ""typescript"", ""vite""]",1534,192,50
thekevinscott/upscalerjs,typescript,https://github.com/thekevinscott/upscalerjs.git,4054006,2020-07-29,2026-07-20T08:54:29,"[""ai"", ""deblurring"", ""dehazing"", ""denoising"", ""deraining"", ""esrgan"", ""image-enhancment"", ""low-light-image-enhancement"", ""neural-networks"", ""retouching"", ""super-resoluion"", ""tensorflow"", ""tfjs"", ""upscale""]",894,81,5
radix-ui/website,typescript,https://github.com/radix-ui/website.git,4054091,2020-11-25,2026-07-20T05:18:16,"[""accessibility"", ""component-library"", ""design-system"", ""documentation"", ""radix-ui"", ""react"", ""ui"", ""ui-components""]",1016,576,162
amannn/next-intl,typescript,https://github.com/amannn/next-intl.git,4054213,2020-11-20,2026-08-05T11:14:31,"[""date-formatting"", ""i18n"", ""next"", ""react""]",4333,379,86
infinitered/ignite,typescript,https://github.com/infinitered/ignite.git,4054965,2016-02-10,2026-06-07T01:18:58,"[""boilerplate"", ""cli"", ""expo"", ""generator"", ""mst"", ""react-native"", ""react-native-generator""]",19828,1529,219
umijs/qiankun,typescript,https://github.com/umijs/qiankun.git,4054971,2019-05-15,2026-08-03T01:03:36,"[""framework"", ""javascript"", ""micro-frontend"", ""micro-frontends"", ""microfrontend"", ""microfrontends"", ""microservices""]",16649,2060,66
graphql/graphql-playground,typescript,https://github.com/graphql/graphql-playground.git,4054972,2017-01-25,2026-05-04T09:38:44,"[""graphiql"", ""graphql"", ""graphql-playground"", ""ide"", ""prisma""]",8854,723,95
alibaba/bizcharts,typescript,https://github.com/alibaba/bizcharts.git,4054974,2017-11-10,2025-05-23T09:16:01,"[""chart"", ""data-visualization"", ""es6"", ""grammar"", ""html5-canvas"", ""react""]",6189,669,63
rsuite/rsuite,typescript,https://github.com/rsuite/rsuite.git,4054977,2016-06-06,2026-07-15T10:39:47,"[""awesome-react-stuff"", ""react"", ""react-components"", ""reactjs"", ""rsuite"", ""typescript"", ""ui-kit"", ""ui-library""]",8702,964,126
reduxjs/redux-toolkit,typescript,https://github.com/reduxjs/redux-toolkit.git,4054978,2018-03-03,2026-07-28T10:49:29,[],11227,1293,393
microsoft/sanddance,typescript,https://github.com/microsoft/sanddance.git,4054979,2018-11-05,2026-08-04T10:04:44,"[""data-visualization"", ""deck-gl"", ""msr-vida"", ""powerbi"", ""vega"", ""visualization""]",7144,573,22
clintonwoo/hackernews-react-graphql,typescript,https://github.com/clintonwoo/hackernews-react-graphql.git,4054984,2017-08-28,2023-03-04T03:48:54,[],4369,564,4
gcanti/io-ts,typescript,https://github.com/gcanti/io-ts.git,4054985,2017-01-28,2024-12-10T11:53:31,"[""inference"", ""runtime"", ""types"", ""typescript"", ""validation""]",6712,329,34
airbnb/ts-migrate,typescript,https://github.com/airbnb/ts-migrate.git,4054987,2019-12-05,2024-08-28T03:38:26,"[""codemod"", ""javascript"", ""migration"", ""typescript""]",5365,220,26
microsoft/just,typescript,https://github.com/microsoft/just.git,4055000,2019-01-17,2026-08-03T10:16:48,"[""build"", ""javascript"", ""typescript""]",2026,96,46
alibaba/kiwi,typescript,https://github.com/alibaba/kiwi.git,4055001,2017-08-27,2026-06-17T12:51:00,"[""g11n"", ""i18n"", ""intl"", ""translation"", ""typescript""]",2615,239,21
hedgehog-computing/hedgehog-lab,typescript,https://github.com/hedgehog-computing/hedgehog-lab.git,4055003,2020-05-13,2024-03-28T08:59:47,"[""computer-algebra"", ""data-visualization"", ""gpu-acceleration"", ""javascript"", ""latex"", ""machine-learning"", ""matrix-library"", ""scientific-computing"", ""symbolic-computation"", ""tex"", ""webgl"", ""webgl2""]",2357,143,17
react-native-community/cli,typescript,https://github.com/react-native-community/cli.git,4055004,2018-09-25,2026-06-25T03:07:24,"[""android"", ""cli"", ""hacktoberfest"", ""ios"", ""javascript"", ""npm"", ""react-native"", ""typescript"", ""yarn""]",2898,938,389
dolanmiu/docx,typescript,https://github.com/dolanmiu/docx.git,4055006,2016-03-26,2026-06-12T08:20:24,"[""angular"", ""angular2"", ""browser"", ""create"", ""docs"", ""document"", ""docx"", ""docx-generator"", ""express"", ""expressjs"", ""generate"", ""javascript"", ""microsoft"", ""nodejs"", ""office"", ""react"", ""typescript"", ""vuejs"", ""word""]",5794,603,131
manfredsteyer/angular-oauth2-oidc,typescript,https://github.com/manfredsteyer/angular-oauth2-oidc.git,4055009,2017-01-03,2026-07-05T09:19:08,[],1980,687,110
jovotech/jovo-framework,typescript,https://github.com/jovotech/jovo-framework.git,4055011,2017-05-28,2025-04-24T08:37:14,"[""alexa"", ""amazon-alexa"", ""chatbots"", ""conversational-ai"", ""facebook-messenger"", ""google-assistant"", ""jovo-framework"", ""voice"", ""voice-applications"", ""voice-assistant""]",1679,308,102
pnp/sp-dev-fx-webparts,typescript,https://github.com/pnp/sp-dev-fx-webparts.git,4055013,2016-08-30,2026-08-05T05:22:45,"[""angularjs"", ""hacktoberfest"", ""knockoutjs"", ""pnp-js-core"", ""react"", ""sharepoint-framework"", ""sharepoint-workbench"", ""tutorial""]",2255,3924,256
accounts-js/accounts,typescript,https://github.com/accounts-js/accounts.git,4055014,2016-10-07,2024-03-08T10:44:12,"[""accounts"", ""graphql"", ""oauth"", ""password"", ""rest"", ""sessions""]",1482,152,54
shikijs/shiki,typescript,https://github.com/shikijs/shiki.git,4055019,2018-10-29,2026-08-05T06:45:14,"[""markdown"", ""shiki"", ""syntax-highlighting"", ""textmate-grammar""]",13671,595,267
yysun/apprun,typescript,https://github.com/yysun/apprun.git,4055021,2016-10-07,2026-07-15T02:47:43,"[""component"", ""event-driven"", ""framework"", ""javascript"", ""router"", ""state-management"", ""typescript"", ""virtual-dom""]",1175,56,15
firebase/firebase-admin-node,typescript,https://github.com/firebase/firebase-admin-node.git,4055023,2017-03-14,2026-08-04T01:15:42,"[""authentification"", ""firebase"", ""firebase-admin"", ""firebase-admin-sdk"", ""firebase-auth"", ""firebase-authentication"", ""firebase-cloud-messaging"", ""firebase-database"", ""firebase-db"", ""nodejs"", ""realtime-database""]",1742,416,100
xuejianxianzun/pixivbatchdownloader,typescript,https://github.com/xuejianxianzun/pixivbatchdownloader.git,4055024,2018-07-06,2026-08-04T08:18:55,"[""chrome"", ""chrome-extension"", ""downloader"", ""edge-extension"", ""firefox-extension"", ""illust"", ""novel"", ""pixiv"", ""pixiv-downloader""]",5501,295,15
tailwindlabs/tailwindcss-intellisense,typescript,https://github.com/tailwindlabs/tailwindcss-intellisense.git,4055028,2018-04-19,2026-07-28T09:49:43,"[""css"", ""intellisense"", ""tailwind"", ""tailwindcss"", ""vscode"", ""vscode-extension""]",3462,258,51
reactivex/ixjs,typescript,https://github.com/reactivex/ixjs.git,4055029,2016-02-22,2025-05-13T07:41:55,[],1369,74,30
gitbrent/pptxgenjs,typescript,https://github.com/gitbrent/pptxgenjs.git,4055030,2016-02-23,2025-11-28T08:17:14,"[""es6-powerpoint"", ""export-to-pptx"", ""html-to-powerpoint"", ""javascript"", ""javascript-powerpoint"", ""node-powerpoint"", ""officejs-alternative"", ""powerpoint"", ""powerpoint-generation"", ""powerpoint-library"", ""powerpoint-presentations"", ""pptx"", ""pptxgenjs"", ""presentation-library"", ""react-powerpoint"", ""slide-generator"", ""typescript-powerpoint""]",4248,789,51
mitre-attack/attack-navigator,typescript,https://github.com/mitre-attack/attack-navigator.git,4055036,2018-02-26,2026-08-05T06:55:36,"[""cti"", ""cyber-threat-intelligence"", ""cybersecurity"", ""mitre-attack"", ""mitre-corporation""]",2437,705,25
stripe/react-stripe-js,typescript,https://github.com/stripe/react-stripe-js.git,4055037,2019-11-12,2026-08-04T10:36:50,[],2040,338,69
haishanh/yacd,typescript,https://github.com/haishanh/yacd.git,4055038,2018-10-20,2024-02-08T07:21:29,[],3492,619,38
vladimiry/electronmail,typescript,https://github.com/vladimiry/electronmail.git,4055042,2017-12-24,2026-07-14T06:05:22,"[""angular"", ""desktop"", ""electron"", ""protonmail"", ""typescript""]",1675,106,8
jsdaddy/ngx-mask,typescript,https://github.com/jsdaddy/ngx-mask.git,4055048,2016-09-23,2026-07-02T09:09:23,"[""angular"", ""character"", ""decimals"", ""decimals-enter"", ""dot-separator"", ""eparator"", ""input"", ""input-mask"", ""mask"", ""mask-options"", ""ng"", ""ngx"", ""ngx-mask"", ""percent"", ""pipe"", ""special-characters"", ""sufix"", ""symbol"", ""typescript"", ""web""]",1241,304,84
kyusung4698/poe-overlay,typescript,https://github.com/kyusung4698/poe-overlay.git,4055053,2019-12-27,2022-03-02T08:48:37,[],696,217,14
standardnotes/mobile,typescript,https://github.com/standardnotes/mobile.git,4055057,2017-09-08,2022-06-10T02:11:49,[],861,117,17
marp-team/marp-cli,typescript,https://github.com/marp-team/marp-cli.git,4055063,2018-08-09,2026-07-20T11:41:31,"[""cli"", ""deck"", ""markdown"", ""marp"", ""marpit"", ""presentation"", ""slides""]",3718,192,27
ant-design/pro-table,typescript,https://github.com/ant-design/pro-table.git,4055065,2019-11-13,2021-01-14T09:31:08,[],539,147,42
danwahlin/angular-architecture,typescript,https://github.com/danwahlin/angular-architecture.git,4055066,2018-04-27,2024-03-19T04:44:55,"[""angular"", ""architecture"", ""typescript""]",764,491,3
pnp/sp-starter-kit,typescript,https://github.com/pnp/sp-starter-kit.git,4055067,2018-02-27,2023-02-22T11:24:05,[],690,508,56
h3poteto/whalebird-desktop,typescript,https://github.com/h3poteto/whalebird-desktop.git,4055069,2018-03-07,2026-07-24T06:44:57,"[""desktop-app"", ""electron"", ""firefish"", ""friendica"", ""mastodon"", ""pleroma"", ""typescript""]",934,83,38
animavita/animavita,typescript,https://github.com/animavita/animavita.git,4055070,2019-09-03,2026-07-26T09:49:19,"[""android"", ""animavita"", ""expo"", ""hacktoberfest"", ""hooks"", ""javascript"", ""nestjs"", ""nodejs"", ""pet"", ""react"", ""react-native""]",734,318,12
devexpress/devextreme-angular,typescript,https://github.com/devexpress/devextreme-angular.git,4055071,2016-06-07,2026-03-02T08:25:51,"[""angular"", ""angular-universal"", ""angular6"", ""angular7"", ""angular8"", ""charts"", ""components"", ""devextreme"", ""server-side-rendering"", ""ui""]",563,163,37
xbrowsersync/app,typescript,https://github.com/xbrowsersync/app.git,4055072,2016-05-05,2026-03-20T07:51:41,[],1691,128,4
microsoft/pxt-microbit,typescript,https://github.com/microsoft/pxt-microbit.git,4055074,2016-03-10,2026-08-06T12:09:50,"[""blockly"", ""code"", ""editor"", ""education"", ""makecode"", ""microbit"", ""pxt"", ""typescript""]",806,719,120
auth0/auth0-spa-js,typescript,https://github.com/auth0/auth0-spa-js.git,4055075,2019-04-03,2026-08-04T04:48:23,"[""auth0"", ""auth0-js"", ""dx-sdk"", ""javascript"", ""oauth2"", ""openid-connect"", ""pkce"", ""spa""]",1002,428,89
101arrowz/fflate,typescript,https://github.com/101arrowz/fflate.git,4055076,2020-08-29,2026-05-16T03:02:11,"[""compression"", ""decompression"", ""high-performance"", ""pako"", ""tiny"", ""zlib""]",2863,115,7
radix-ui/icons,typescript,https://github.com/radix-ui/icons.git,4055077,2019-05-02,2026-04-02T03:59:31,"[""design"", ""icons"", ""iconset"", ""react"", ""svg""]",2613,139,15
atlassian-labs/storybook-addon-performance,typescript,https://github.com/atlassian-labs/storybook-addon-performance.git,4055079,2020-04-01,2025-04-01T10:57:32,[],663,33,19
dsherret/ts-ast-viewer,typescript,https://github.com/dsherret/ts-ast-viewer.git,4055081,2017-10-27,2026-08-04T09:46:41,[],1354,104,12
microsoft/roosterjs,typescript,https://github.com/microsoft/roosterjs.git,4055085,2017-07-13,2026-08-05T02:58:07,[],1310,186,71
chnirt/nestjs-graphql-best-practice,typescript,https://github.com/chnirt/nestjs-graphql-best-practice.git,4055090,2019-09-07,2025-11-01T09:36:05,"[""apollo-graphql"", ""mongodb"", ""nestjs"", ""nestjs-best-practices"", ""typeorm"", ""typescript""]",1359,245,10
preconstruct/preconstruct,typescript,https://github.com/preconstruct/preconstruct.git,4055092,2018-11-05,2026-05-06T08:08:26,[],1191,64,38
kahole/edamagit,typescript,https://github.com/kahole/edamagit.git,4055093,2019-12-02,2026-05-08T08:28:18,"[""git"", ""magit"", ""source-control"", ""visual-studio-code-extension"", ""vscode"", ""vscode-extension""]",1532,91,49
actions/setup-python,typescript,https://github.com/actions/setup-python.git,4055103,2019-06-18,2026-08-05T05:11:06,[],2189,734,100
bradymholt/cronstrue,typescript,https://github.com/bradymholt/cronstrue.git,4055105,2016-06-14,2026-07-27T12:25:21,"[""cron"", ""cron-expression"", ""cron-libraries"", ""quartz-scheduler""]",1630,185,74
wechat-miniprogram/api-typings,typescript,https://github.com/wechat-miniprogram/api-typings.git,4055107,2018-11-19,2026-07-27T08:59:45,[],801,116,20
officedev/script-lab,typescript,https://github.com/officedev/script-lab.git,4055112,2018-05-15,2025-03-14T09:33:13,"[""code-editor"", ""office-addin"", ""script-lab"", ""typescript""]",718,166,29
httptoolkit/mockttp,typescript,https://github.com/httptoolkit/mockttp.git,4055113,2016-10-18,2026-07-30T12:09:44,"[""fake-server"", ""integration-testing"", ""intercepting-proxy"", ""javascript-testing"", ""javascript-tests"", ""mitm"", ""mock"", ""mock-server"", ""proxy"", ""testing"", ""testing-tools""]",874,107,30
ride-the-lightning/rtl,typescript,https://github.com/ride-the-lightning/rtl.git,4055114,2018-09-15,2026-08-05T01:17:50,"[""bitcoin"", ""core-lightning"", ""eclair"", ""lightning-network"", ""lnd"", ""micropayments"", ""nodemanager"", ""payments"", ""ui""]",796,174,30
maygo/tockler,typescript,https://github.com/maygo/tockler.git,4055125,2016-02-28,2026-04-08T05:10:39,"[""electron"", ""electron-app"", ""osx"", ""productivity"", ""timeline"", ""timetracker"", ""windows""]",1063,120,7
microsoft/vscode-edge-devtools,typescript,https://github.com/microsoft/vscode-edge-devtools.git,4055128,2019-03-14,2026-02-14T03:51:52,"[""developertools"", ""microsoft-edge-browser"", ""visual-studio""]",803,330,29
nut-tree/nut.js,typescript,https://github.com/nut-tree/nut.js.git,4055132,2018-08-21,2024-05-01T07:50:22,"[""automation"", ""desktop-automation"", ""electron"", ""native"", ""node"", ""test-automation"", ""testing"", ""testing-tools"", ""ui""]",2069,92,11
brianzinn/react-babylonjs,typescript,https://github.com/brianzinn/react-babylonjs.git,4055135,2017-01-13,2026-06-02T01:56:21,"[""3d"", ""3d-engine"", ""3d-models"", ""babylonjs"", ""physics"", ""react"", ""reactjs"", ""vr""]",883,108,25
edge-js/edge,typescript,https://github.com/edge-js/edge.git,4055136,2017-03-05,2026-05-21T10:38:57,"[""nodejs"", ""templating""]",791,37,10
keesschollaart81/vscode-home-assistant,typescript,https://github.com/keesschollaart81/vscode-home-assistant.git,4055143,2019-03-16,2026-03-10T04:03:06,"[""hacktoberfest"", ""home-assistant-config"", ""home-assistant-configuration""]",683,141,87
cloudcomponents/cdk-constructs,typescript,https://github.com/cloudcomponents/cdk-constructs.git,4055146,2019-01-03,2024-05-26T08:39:49,"[""aws"", ""aws-cdk"", ""backup"", ""bluegreen-deployment"", ""cdk"", ""chatops"", ""codecommit"", ""codedeploy"", ""codepipeline"", ""container"", ""contentful"", ""dependency-check"", ""devops"", ""ecs"", ""github"", ""msteams"", ""owasp"", ""slack"", ""stripe"", ""webhooks""]",619,101,20
stripe/stripe-js,typescript,https://github.com/stripe/stripe-js.git,4055167,2020-01-21,2026-08-04T02:02:15,[],751,215,118
airtasker/spot,typescript,https://github.com/airtasker/spot.git,4055168,2018-10-11,2026-05-18T11:33:35,"[""api-blueprint"", ""dsl"", ""json-schema"", ""openapi"", ""openapi3"", ""swagger"", ""typescript""]",568,38,29
nmf-earth/nmf-app,typescript,https://github.com/nmf-earth/nmf-app.git,4055197,2019-11-25,2026-03-13T09:23:33,"[""android"", ""climate-change"", ""expo"", ""functional-programming"", ""global-warming"", ""ios"", ""openfoodfacts"", ""react-native"", ""redux-toolkit"", ""sustainability"", ""typescript"", ""zero-waste""]",534,164,45
revolist/revogrid,typescript,https://github.com/revolist/revogrid.git,4055239,2020-05-04,2026-08-04T02:54:15,"[""angular"", ""angular-datagrid"", ""data-grid"", ""excel"", ""excel-grid"", ""export"", ""filter"", ""grid"", ""pivot"", ""react"", ""react-datagrid"", ""revo-grid"", ""sorting"", ""stenciljs"", ""svelte"", ""table"", ""vuegrid"", ""vuejs"", ""vuejs-components"", ""vuejs-grid""]",3429,212,28
moltar/typescript-runtime-type-benchmarks,typescript,https://github.com/moltar/typescript-runtime-type-benchmarks.git,4055257,2019-09-23,2026-08-04T10:56:53,"[""benchmark"", ""benchmarks"", ""decoders"", ""json"", ""runtypes"", ""types"", ""typescript"", ""typescript-support"", ""validation"", ""validation-library""]",827,90,55
expo/snack,typescript,https://github.com/expo/snack.git,4055301,2020-11-24,2026-08-04T08:59:17,"[""expo"", ""expo-snack""]",509,179,29
uiwjs/react-amap,typescript,https://github.com/uiwjs/react-amap.git,4055328,2020-09-21,2026-05-26T03:42:39,"[""amap"", ""gaode"", ""map"", ""maps"", ""react"", ""react-amap"", ""react-component"", ""react-components"", ""typescript""]",500,75,22
glideapps/glide-data-grid,typescript,https://github.com/glideapps/glide-data-grid.git,4056115,2020-10-28,2026-01-21T07:14:18,"[""accessible"", ""data"", ""datagrid"", ""grid"", ""javascript"", ""react"", ""reactjs"", ""table"", ""typescript""]",4824,374,55
decentraland/marketplace,typescript,https://github.com/decentraland/marketplace.git,4056123,2019-12-09,2026-08-05T06:03:46,"[""dapp""]",1198,690,35
easyops-cn/docusaurus-search-local,typescript,https://github.com/easyops-cn/docusaurus-search-local.git,4056153,2020-10-18,2026-07-29T10:35:06,"[""docusaurus"", ""docusaurus-v3"", ""docusaurus2"", ""search""]",898,121,32
bluebubblesapp/bluebubbles-server,typescript,https://github.com/bluebubblesapp/bluebubbles-server.git,4056157,2020-04-21,2026-07-23T11:54:09,"[""bluebubbles"", ""electron"", ""imessage"", ""macos"", ""nodejs"", ""server"", ""typescript""]",1032,142,17
graphefruit/beanconqueror,typescript,https://github.com/graphefruit/beanconqueror.git,4056223,2017-10-23,2026-08-05T07:56:26,"[""android"", ""app"", ""coffee"", ""cordova"", ""ionic"", ""ios"", ""specialy-coffee"", ""typescript""]",792,130,38
andrew-levy/swiftui-react-native,typescript,https://github.com/andrew-levy/swiftui-react-native.git,4056397,2020-11-16,2024-11-13T11:49:20,[],738,26,9
ant-design/ant-design-pro,typescript,https://github.com/ant-design/ant-design-pro.git,4056470,2017-08-25,2026-08-04T09:52:05,"[""admin"", ""ant-design"", ""antd"", ""antv"", ""boilerplate"", ""dashboard"", ""enterprise"", ""react"", ""umi""]",38628,8253,331
pmndrs/react-spring,typescript,https://github.com/pmndrs/react-spring.git,4056472,2018-03-07,2026-08-01T12:55:15,"[""animation-library"", ""react"", ""react-spring"", ""spring-physics"", ""springs""]",29131,1217,185
pmndrs/react-three-fiber,typescript,https://github.com/pmndrs/react-three-fiber.git,4056476,2019-02-25,2026-08-01T03:57:26,"[""3d"", ""animation"", ""fiber"", ""react"", ""renderer"", ""threejs""]",31633,1914,219
wechaty/wechaty,typescript,https://github.com/wechaty/wechaty.git,4056477,2016-05-01,2025-12-21T07:49:52,"[""bot"", ""chatbot"", ""conversational-ai"", ""framework"", ""qq"", ""robotics"", ""wechat"", ""wechaty"", ""whatsapp""]",22268,2764,52
hediet/vscode-drawio,typescript,https://github.com/hediet/vscode-drawio.git,4056505,2020-05-08,2026-07-30T09:12:22,"[""diagram"", ""drawio"", ""hacktoberfest"", ""vscode-extension""]",9477,467,29
sveltejs/sapper,typescript,https://github.com/sveltejs/sapper.git,4056524,2017-12-11,2023-01-11T05:18:27,[],7119,458,119
angular/angularfire,typescript,https://github.com/angular/angularfire.git,4056560,2016-01-11,2026-08-05T12:48:50,"[""angular"", ""angularfire"", ""cloud-firestore"", ""cloud-functions"", ""firebase"", ""ngrx"", ""notifications"", ""offline-data"", ""realtime"", ""realtime-database"", ""rxjs""]",7809,2159,220
fullhuman/purgecss,typescript,https://github.com/fullhuman/purgecss.git,4056626,2017-07-01,2026-08-03T11:56:10,"[""css"", ""optimization-tools"", ""postcss"", ""postcss-plugin"", ""purgecss"", ""rollup-plugin"", ""webpack-plugin""]",8045,243,79
electron/fiddle,typescript,https://github.com/electron/fiddle.git,4056717,2018-06-07,2026-08-04T05:47:31,"[""desktop"", ""electron"", ""hacktoberfest"", ""javascript""]",7743,760,78
swimlane/ngx-datatable,typescript,https://github.com/swimlane/ngx-datatable.git,4056771,2016-05-31,2026-07-31T08:58:02,"[""angular"", ""angular-components"", ""angular2"", ""angular4"", ""datagrid"", ""datatable"", ""grid"", ""hacktoberfest"", ""table"", ""typescript""]",4673,1669,130
swimlane/ngx-charts,typescript,https://github.com/swimlane/ngx-charts.git,4056804,2016-07-22,2026-08-04T09:48:49,"[""angular"", ""angular-components"", ""angular2"", ""chart"", ""d3"", ""d3js"", ""dataviz"", ""hacktoberfest"", ""svg""]",4361,1166,123
microsoft/tsdoc,typescript,https://github.com/microsoft/tsdoc.git,4056883,2018-03-01,2026-07-19T06:34:20,"[""comments"", ""doc-comments"", ""documentation"", ""jsdoc"", ""markdown"", ""parser"", ""rushstack"", ""specification"", ""syntax"", ""typescript""]",4960,156,43
vscode-icons/vscode-icons,typescript,https://github.com/vscode-icons/vscode-icons.git,4056931,2016-05-30,2026-08-04T08:15:54,"[""icon-theme"", ""icons-provider"", ""vscode"", ""vscode-extension"", ""vscode-icons""]",5110,1034,358
apollographql/apollo-tooling,typescript,https://github.com/apollographql/apollo-tooling.git,4056959,2016-08-12,2026-08-01T08:37:27,"[""code-generation"", ""flow"", ""graphql"", ""swift"", ""typescript""]",3044,461,153
wcandillon/can-it-be-done-in-react-native,typescript,https://github.com/wcandillon/can-it-be-done-in-react-native.git,4057030,2018-11-10,2025-05-19T06:52:42,[],4134,1307,21
jlfwong/speedscope,typescript,https://github.com/jlfwong/speedscope.git,4057043,2017-11-22,2026-05-15T03:39:25,"[""flamegraph"", ""flamegraphs"", ""performance-profiling"", ""performance-tools"", ""performance-visualization"", ""profile"", ""speedscope"", ""webgl""]",6614,316,48
bikeshaving/crank,typescript,https://github.com/bikeshaving/crank.git,4057076,2019-09-05,2026-07-27T02:54:38,"[""components"", ""crank"", ""framework"", ""generators"", ""javascript"", ""jsx"", ""promises""]",2792,81,28
microsoft/vscode-react-native,typescript,https://github.com/microsoft/vscode-react-native.git,4057121,2016-01-20,2026-08-05T01:34:30,"[""debugger"", ""expo"", ""extension"", ""react-native"", ""vscode""]",2737,290,73
antvis/l7,typescript,https://github.com/antvis/l7.git,4057192,2018-11-21,2026-07-30T10:03:41,"[""3d"", ""amap"", ""antv"", ""data-visualization"", ""geojson"", ""geospatial"", ""gis"", ""javascript"", ""map"", ""mapbox"", ""maps"", ""point"", ""polygon"", ""webgl""]",4044,659,62
webclipper/web-clipper,typescript,https://github.com/webclipper/web-clipper.git,4057193,2018-10-16,2025-10-21T03:08:50,"[""chrome-extension"", ""notion"", ""onenote"", ""readability"", ""web-clipper"", ""yuque""]",6582,616,27
flaque/quirk,typescript,https://github.com/flaque/quirk.git,4057196,2018-11-25,2024-02-27T12:55:35,"[""android"", ""expo"", ""gplv3"", ""health"", ""ios"", ""mental-health"", ""react-native"", ""typescript""]",2184,3570,19
ethers-io/ethers.js,typescript,https://github.com/ethers-io/ethers.js.git,4057197,2016-07-16,2026-06-18T05:08:13,"[""blockchain"", ""ethereum"", ""ethers"", ""javascript"", ""typescript"", ""web3""]",8698,2110,1
alephjs/aleph.js,typescript,https://github.com/alephjs/aleph.js.git,4057199,2020-09-12,2025-07-06T02:54:52,"[""alephjs"", ""components"", ""deno"", ""esm"", ""framework"", ""fullstack"", ""react"", ""ssg"", ""ssr"", ""swc"", ""typescript"", ""unocss""]",5247,168,48
outline/rich-markdown-editor,typescript,https://github.com/outline/rich-markdown-editor.git,4057201,2018-02-25,2022-01-17T09:00:09,[],2567,437,46
oliverschwendener/ueli,typescript,https://github.com/oliverschwendener/ueli.git,4057203,2016-10-11,2026-08-05T07:07:02,"[""electron"", ""fluentui"", ""keystroke"", ""launcher"", ""productivity"", ""react"", ""typescript""]",4576,273,78
elninotech/uppload,typescript,https://github.com/elninotech/uppload.git,4057204,2018-04-19,2024-01-16T04:10:03,"[""file-upload"", ""image"", ""javascript"", ""plugin"", ""uploader"", ""widget""]",1810,130,35
onury/accesscontrol,typescript,https://github.com/onury/accesscontrol.git,4057208,2016-09-13,2026-08-05T04:02:26,"[""abac"", ""access-control"", ""acl"", ""attributes"", ""authorization"", ""nodejs"", ""permissions"", ""rbac"", ""roles"", ""security""]",2323,181,2
pbeshai/use-query-params,typescript,https://github.com/pbeshai/use-query-params.git,4057216,2019-03-12,2026-01-09T12:29:31,"[""hooks"", ""query"", ""query-parameters"", ""queryparams"", ""querystring"", ""react"", ""react-hooks"", ""reactjs"", ""url""]",2222,100,33
dicebear/avatars,typescript,https://github.com/dicebear/avatars.git,4057220,2017-03-21,2021-02-26T12:14:07,[],1123,45,0
layrjs/layr,typescript,https://github.com/layrjs/layr.git,4057221,2019-07-21,2023-10-03T06:01:06,"[""apiless"", ""backend"", ""cross-layer-inheritance"", ""database"", ""frontend"", ""full-stack"", ""javascript"", ""orm"", ""typescript""]",1210,38,2
deckgo/deckdeckgo,typescript,https://github.com/deckgo/deckdeckgo.git,4057223,2018-11-03,2024-02-06T04:50:51,"[""documents"", ""editor"", ""presentations"", ""progressive-web-app"", ""pwa"", ""pwa-apps"", ""rich-text-editor"", ""slides"", ""stencil"", ""stenciljs"", ""webcomponents"", ""wysiwyg""]",1620,177,50
cdk-patterns/serverless,typescript,https://github.com/cdk-patterns/serverless.git,4057231,2020-01-12,2023-03-05T07:24:52,[],2010,247,22
aeagle/react-spaces,typescript,https://github.com/aeagle/react-spaces.git,4057232,2019-07-21,2026-02-13T10:23:55,"[""component-library"", ""components"", ""javascript-library"", ""react"", ""reactjs"", ""reactjs-components"", ""web"", ""web-ui"", ""web-ui-framework""]",1314,26,5
antvis/ava,typescript,https://github.com/antvis/ava.git,4057233,2020-01-02,2026-06-09T02:09:02,"[""augmented-analytics"", ""auto-insight"", ""chart-aigc"", ""chart-recommendation"", ""charts"", ""data-visualization"", ""insight"", ""insight-gpt"", ""narrative-charts"", ""visualization""]",1490,154,35
juicycleff/ultimate-backend,typescript,https://github.com/juicycleff/ultimate-backend.git,4057236,2019-09-19,2026-02-09T11:25:34,"[""apollo-federation"", ""backend"", ""boilerplate"", ""consul"", ""cqrs"", ""cqrs-architectural-pattern"", ""ddd"", ""ddd-architecture"", ""event-sourcing"", ""eventstore"", ""eventstream"", ""gateways"", ""graphql"", ""graphql-server"", ""microservices"", ""multi-tenancy"", ""nats"", ""nats-streaming"", ""nestjs"", ""stripe""]",2889,442,7
gigobyte/purify,typescript,https://github.com/gigobyte/purify.git,4057238,2018-02-06,2025-12-16T09:02:32,"[""algebraic-data-types"", ""codec"", ""decode"", ""either"", ""fantasy-land"", ""functional-programming"", ""functor"", ""maybe"", ""monad"", ""option-type"", ""result-type"", ""typescript""]",1588,64,37
laravel/echo,typescript,https://github.com/laravel/echo.git,4057242,2016-04-30,2026-07-27T09:36:48,"[""ably"", ""laravel"", ""pusher""]",1353,209,80
naver/egjs-infinitegrid,typescript,https://github.com/naver/egjs-infinitegrid.git,4057246,2017-04-24,2026-04-14T06:15:11,"[""angluar"", ""dom-recycle"", ""egjs"", ""grid"", ""infinite"", ""infinitegrid"", ""javascript"", ""layout"", ""masonry"", ""react"", ""svelte"", ""vue""]",2344,95,11
jest-community/eslint-plugin-jest,typescript,https://github.com/jest-community/eslint-plugin-jest.git,4057253,2017-11-08,2026-08-03T12:29:34,"[""eslint"", ""eslint-plugin"", ""jest""]",1169,251,143
mkerix/room-assistant,typescript,https://github.com/mkerix/room-assistant.git,4057254,2016-08-18,2026-08-03T08:01:39,"[""bluetooth"", ""docker"", ""hacktoberfest"", ""hassio"", ""home-assistant"", ""home-automation"", ""nodejs"", ""presence"", ""presence-detection"", ""sensors"", ""smart-home"", ""thermopile""]",1347,126,26
shd101wyy/vscode-markdown-preview-enhanced,typescript,https://github.com/shd101wyy/vscode-markdown-preview-enhanced.git,4057257,2017-06-10,2026-08-01T09:41:03,"[""markdown"", ""vscode-extension""]",2026,246,21
weirongxu/coc-explorer,typescript,https://github.com/weirongxu/coc-explorer.git,4057258,2019-09-02,2025-03-04T04:00:42,"[""coc"", ""coc-nvim"", ""explorer"", ""file"", ""neovim"", ""tree"", ""vim""]",1149,45,24
ant-design/pro-blocks,typescript,https://github.com/ant-design/pro-blocks.git,4057265,2019-01-17,2023-12-13T07:47:52,[],711,206,186
stemmlerjs/ddd-forum,typescript,https://github.com/stemmlerjs/ddd-forum.git,4057266,2019-10-01,2023-06-10T05:59:04,"[""ddd"", ""hackernews"", ""typescript""]",1725,330,4
suchipi/hex-engine,typescript,https://github.com/suchipi/hex-engine.git,4057270,2019-12-22,2026-07-30T12:28:30,"[""2d-game-engine"", ""canvas"", ""canvas-game"", ""canvas2d"", ""game-engine"", ""hex-engine"", ""javascript"", ""react"", ""typescript""]",676,24,9
jsartisan/react-native-magnus,typescript,https://github.com/jsartisan/react-native-magnus.git,4057276,2019-11-22,2024-05-30T12:11:02,"[""design-system"", ""react"", ""react-native"", ""typescript"", ""ui-components""]",1165,77,23
fab-spec/fab,typescript,https://github.com/fab-spec/fab.git,4057277,2018-11-08,2023-03-04T03:23:55,[],579,38,28
sveltejs/language-tools,typescript,https://github.com/sveltejs/language-tools.git,4057278,2020-03-15,2026-07-27T02:22:15,"[""language-server"", ""svelte"", ""vscode-extension""]",1437,247,163
umijs/sula,typescript,https://github.com/umijs/sula.git,4057279,2020-04-14,2022-11-11T10:43:25,[],771,94,8
react-native-community/directory,typescript,https://github.com/react-native-community/directory.git,4057281,2017-06-23,2026-08-04T02:52:44,"[""directory"", ""expo"", ""react-native"", ""react-native-macos"", ""react-native-tvos"", ""react-native-web"", ""react-native-windows"", ""registry""]",1393,876,454
avkonst/hookstate,typescript,https://github.com/avkonst/hookstate.git,4057285,2019-05-30,2025-03-20T10:46:54,"[""hookstate"", ""mobx-react-alternative"", ""plugin-architecture"", ""react"", ""react-global-state"", ""react-hooks"", ""react-state"", ""react-state-management"", ""react-store"", ""redux-alternative"", ""typescript"", ""use-state""]",1659,107,28
ultimatehackingkeyboard/agent,typescript,https://github.com/ultimatehackingkeyboard/agent.git,4057288,2016-01-12,2026-08-05T06:35:26,[],770,95,36
bpatrik/pigallery2,typescript,https://github.com/bpatrik/pigallery2.git,4057293,2016-03-12,2026-07-05T03:51:18,"[""angular2"", ""gallery"", ""heroku"", ""node-js"", ""photo-gallery"", ""photo-gallery-website"", ""photos"", ""pigallery2"", ""raspberry-pi"", ""self-hosted""]",2228,259,78
vega/ts-json-schema-generator,typescript,https://github.com/vega/ts-json-schema-generator.git,4057294,2017-06-02,2026-08-03T08:58:32,"[""compiler"", ""generator"", ""json-schema"", ""typescript""]",1710,237,109
alibaba/ali-react-table,typescript,https://github.com/alibaba/ali-react-table.git,4057295,2020-03-30,2024-01-04T02:27:50,"[""react"", ""react-table"", ""table""]",928,291,6
aspida/aspida,typescript,https://github.com/aspida/aspida.git,4057299,2019-10-05,2023-11-11T02:17:00,"[""http-client"", ""typescript""]",994,37,13
murhafsousli/ngx-gallery,typescript,https://github.com/murhafsousli/ngx-gallery.git,4057301,2016-08-29,2026-06-20T04:06:44,"[""angular"", ""carousel"", ""gallery"", ""iframe"", ""image"", ""lightbox"", ""modal"", ""slideshow"", ""video"", ""youtube""]",636,130,15
golevelup/nestjs,typescript,https://github.com/golevelup/nestjs.git,4057302,2019-01-26,2026-07-25T02:29:30,"[""event-management"", ""express"", ""graphql"", ""hacktoberfest"", ""hasura"", ""javascript"", ""microservices"", ""nestjs"", ""nodejs"", ""plugins"", ""rabbitmq"", ""typescript"", ""webhooks""]",2734,300,121
pnp/sp-dev-fx-extensions,typescript,https://github.com/pnp/sp-dev-fx-extensions.git,4057306,2017-06-01,2026-08-05T03:35:04,"[""angularjs"", ""hacktoberfest"", ""react"", ""sharepoint-extensions"", ""sharepoint-framework"", ""sharepoint-page""]",701,853,99
relay-tools/relay-hooks,typescript,https://github.com/relay-tools/relay-hooks.git,4057308,2019-05-18,2026-06-03T12:38:56,"[""graphql"", ""hooks"", ""react"", ""react-hooks"", ""refetch"", ""relay-hooks"", ""relay-modern"", ""ssr"", ""suspense"", ""usefragment"", ""usemutation"", ""usequery""]",552,61,24
dmtrkovalenko/date-io,typescript,https://github.com/dmtrkovalenko/date-io.git,4057318,2018-10-30,2025-03-07T03:30:49,"[""date"", ""date-fns"", ""datetime"", ""dayjs"", ""hacktoberfest"", ""luxon"", ""moment""]",736,92,46
react-component/field-form,typescript,https://github.com/react-component/field-form.git,4057321,2019-06-05,2026-08-03T01:04:26,"[""ant-design"", ""antd"", ""javascript"", ""react"", ""react-component""]",1025,282,47
murhafsousli/ngx-scrollbar,typescript,https://github.com/murhafsousli/ngx-scrollbar.git,4057322,2017-11-07,2026-04-30T10:13:34,"[""angular"", ""bars"", ""ngx-scrollbar"", ""scroll"", ""scrollbar"", ""smooth"", ""smooth-scrolling""]",655,101,16
pixiv/three-vrm,typescript,https://github.com/pixiv/three-vrm.git,4057323,2019-06-04,2026-08-05T11:27:03,"[""3d"", ""avatar"", ""gltf"", ""threejs"", ""vrm"", ""webgl""]",2080,180,27
wovalle/fireorm,typescript,https://github.com/wovalle/fireorm.git,4057333,2019-01-08,2024-04-24T09:04:38,"[""firebase"", ""firebase-firestore"", ""firestore"", ""google-firebase"", ""orm-framework"", ""typescript"", ""typescript-orm"", ""willy-im""]",539,72,27
udevbe/greenfield,typescript,https://github.com/udevbe/greenfield.git,4057340,2017-02-08,2025-10-24T12:14:34,"[""browser"", ""browser-wayland-compositor"", ""greenfield"", ""html5"", ""javascript"", ""remote-desktop"", ""wayland""]",1131,38,6
theajack/cnchar,typescript,https://github.com/theajack/cnchar.git,4057347,2020-04-05,2026-08-02T12:09:33,"[""chinese-characters"", ""draw"", ""pinyin"", ""speak"", ""spell-stroke"", ""voice-recognition""]",3077,340,7
sereneblue/chameleon,typescript,https://github.com/sereneblue/chameleon.git,4057351,2018-06-17,2026-07-29T02:02:18,"[""browser-fingerprint"", ""firefox"", ""firefox-quantum"", ""firefox-webextension"", ""privacy"", ""privacy-extension"", ""webextension""]",674,66,5
milesj/emojibase,typescript,https://github.com/milesj/emojibase.git,4057359,2017-04-13,2026-04-02T09:57:03,"[""emoji"", ""emoji-database"", ""emoji-db"", ""emojibase"", ""emojibase-data"", ""emojibase-regex"", ""unicode-technical-standard""]",602,48,16
getstream/stream-chat-react-native,typescript,https://github.com/getstream/stream-chat-react-native.git,4057366,2019-03-28,2026-08-05T06:29:20,"[""chat"", ""chat-api"", ""chat-app"", ""chat-application"", ""chat-sdk"", ""messaging-app"", ""react-native"", ""react-native-app"", ""react-native-chat"", ""react-native-component""]",1174,377,77
remorses/genql,typescript,https://github.com/remorses/genql.git,4057380,2020-05-14,2026-06-11T01:49:55,[],967,41,11
nartc/mapper,typescript,https://github.com/nartc/mapper.git,4057386,2019-10-31,2026-08-04T03:02:23,"[""automapper"", ""hacktoberfest"", ""hacktoberfest-accepted"", ""javascript"", ""mapper"", ""nodejs"", ""nx"", ""typescript""]",1006,98,20
danchitnis/webgl-plot,typescript,https://github.com/danchitnis/webgl-plot.git,4057390,2019-08-31,2026-02-16T09:32:23,"[""2d"", ""embedded"", ""high-performance"", ""opengl"", ""plotting"", ""realtime"", ""waveform"", ""webgl"", ""webgl-plot""]",652,38,5
rjwats/esp8266-react,typescript,https://github.com/rjwats/esp8266-react.git,4057395,2018-02-26,2026-02-10T01:05:44,"[""esp32"", ""esp8266"", ""iot"", ""mqtt"", ""ota-updates"", ""platformio"", ""react"", ""websockets"", ""wifi-connection"", ""wifi-settings""]",510,150,5
ferdikoomen/openapi-typescript-codegen,typescript,https://github.com/ferdikoomen/openapi-typescript-codegen.git,4057408,2019-11-05,2026-08-05T09:28:51,"[""angular"", ""axios"", ""codegen"", ""generator"", ""javascript"", ""nodejs"", ""openapi"", ""swagger"", ""typescript""]",3371,546,49
supabase/postgrest-js,typescript,https://github.com/supabase/postgrest-js.git,4057427,2020-01-27,2026-01-23T11:12:49,"[""postgrest"", ""supabase""]",1228,175,57
netristv/ws-scrcpy,typescript,https://github.com/netristv/ws-scrcpy.git,4057449,2019-06-07,2026-07-02T04:58:51,"[""android"", ""browser"", ""control"", ""javascript"", ""mirroring"", ""mobile"", ""phone"", ""remote"", ""remote-control"", ""scrcpy"", ""screen"", ""typescript"", ""websocket""]",2478,550,8
akosbalasko/yarle,typescript,https://github.com/akosbalasko/yarle.git,4057453,2018-10-06,2026-03-31T07:44:02,"[""converter"", ""desktop-application"", ""electron-app"", ""enex"", ""enex-files"", ""evernote"", ""evernote-enex"", ""evernote-export"", ""evernote-markup-language"", ""evernote-to-logseq"", ""logseq"", ""markdown"", ""markdown-converter"", ""metadata"", ""note-taking"", ""obsidian"", ""obsidian-md"", ""ultimate-converter"", ""zero-install"", ""zettelkasten""]",1684,100,18
ajayyy/sponsorblockserver,typescript,https://github.com/ajayyy/sponsorblockserver.git,4057466,2019-07-09,2026-08-02T05:09:40,"[""hacktoberfest"", ""sponsorblock"", ""sponsored-segments"", ""youtube""]",1045,95,28
bennycode/trading-signals,typescript,https://github.com/bennycode/trading-signals.git,4057525,2020-05-28,2026-08-05T03:56:05,"[""analysis"", ""cryptotrading"", ""dema"", ""dma"", ""ema"", ""financial"", ""financial-analysis"", ""hacktoberfest"", ""indicator"", ""macd"", ""roc"", ""rsi"", ""signals"", ""sma"", ""smma"", ""technical-analysis"", ""technical-indicators"", ""trading"", ""trading-signals"", ""typescript""]",977,139,13
jnsmalm/pixi3d,typescript,https://github.com/jnsmalm/pixi3d.git,4057592,2019-10-03,2024-05-30T07:35:40,"[""3d"", ""javascript-library"", ""pixijs"", ""renderer"", ""typescript"", ""webgl""]",735,42,11
pokeclicker/pokeclicker,typescript,https://github.com/pokeclicker/pokeclicker.git,4057598,2017-06-22,2026-07-30T02:12:08,"[""game"", ""hacktoberfest"", ""javascript""]",700,392,143
discordjs/discord-api-types,typescript,https://github.com/discordjs/discord-api-types.git,4057607,2020-08-02,2026-08-03T08:06:11,"[""deno"", ""discord"", ""discord-api"", ""discord-bot"", ""discordjs"", ""gateway"", ""hacktoberfest"", ""rest"", ""typescript"", ""typings""]",620,140,87
ebkr/r2modmanplus,typescript,https://github.com/ebkr/r2modmanplus.git,4057611,2019-11-24,2026-08-05T03:45:39,"[""content-warning"", ""core-keeper"", ""dyson-sphere-program"", ""for-the-king"", ""gtfo"", ""h3vr"", ""lethal-company"", ""mechanica"", ""mod-manager"", ""modding"", ""muck"", ""northstar"", ""outward"", ""risk-of-rain-2"", ""rounds"", ""subnautica"", ""talespire"", ""titanfall-2"", ""valheim""]",2155,258,44
optuna/optuna-dashboard,typescript,https://github.com/optuna/optuna-dashboard.git,4057623,2020-10-24,2026-08-05T09:51:20,"[""dashboard"", ""hyperparameter-optimization"", ""optuna""]",794,123,42
bytedance/garfish,typescript,https://github.com/bytedance/garfish.git,4057643,2020-12-21,2021-08-20T09:52:36,[],651,43,11
experiencelovelace/ha-floorplan,typescript,https://github.com/experiencelovelace/ha-floorplan.git,4057777,2019-05-24,2026-08-05T04:23:49,"[""floorplan"", ""homeassistant"", ""lovelace-card"", ""lovelace-floorplan"", ""panel""]",1585,197,25
4gray/iptvnator,typescript,https://github.com/4gray/iptvnator.git,4058172,2019-10-06,2026-08-05T08:32:35,"[""chromeos"", ""electron"", ""epg"", ""fair-source"", ""iptv"", ""iptv-m3u"", ""iptv-player"", ""iptv-player-application"", ""linux"", ""m3u"", ""m3u8"", ""macos"", ""player"", ""player-video"", ""playlist"", ""pwa"", ""snap"", ""tv"", ""video"", ""xtream-codes""]",6762,869,46
abagames/crisp-game-lib,typescript,https://github.com/abagames/crisp-game-lib.git,4058196,2019-12-08,2026-06-20T06:31:02,"[""game-development""]",641,75,5
zxcvbn-ts/zxcvbn,typescript,https://github.com/zxcvbn-ts/zxcvbn.git,4058243,2019-12-06,2026-08-05T07:05:50,"[""hacktoberfest"", ""password"", ""password-strength""]",1197,91,79
akveo/ngx-admin,typescript,https://github.com/akveo/ngx-admin.git,4070830,2016-05-25,2024-09-25T10:12:17,"[""admin"", ""admin-dashboard"", ""admin-template"", ""admin-ui"", ""angular-dashboard-template"", ""angular10"", ""angular2"", ""angular9"", ""bootstrap4"", ""dashboard"", ""framework"", ""material-theme"", ""ng2"", ""ng2-admin"", ""ngx-admin"", ""responsive"", ""sass"", ""theme"", ""typescript"", ""webpack""]",25195,7942,33
akveo/nebular,typescript,https://github.com/akveo/nebular.git,4070836,2017-09-20,2026-01-15T08:32:21,"[""akveo"", ""angular"", ""angular-cli"", ""angular-components"", ""angular2"", ""angular4"", ""angular5"", ""angular6"", ""angular7"", ""authentication"", ""modular"", ""multitheme"", ""nebular-modules"", ""ngx-admin"", ""sass"", ""theme"", ""typescript"", ""ui"", ""ui-kit"", ""webpack""]",8138,1508,109
caprover/caprover,typescript,https://github.com/caprover/caprover.git,4070838,2017-10-25,2026-08-05T04:48:58,"[""aws"", ""azure"", ""caprover"", ""captainduckduck"", ""containers"", ""deployment"", ""digitalocean"", ""docker"", ""docker-swarm"", ""heroku"", ""nginx"", ""nginx-docker"", ""node"", ""node-js"", ""nodejs"", ""paas"", ""php"", ""python"", ""webserver""]",15116,988,71
type-challenges/type-challenges,typescript,https://github.com/type-challenges/type-challenges.git,4070845,2020-07-23,2026-05-16T02:20:30,"[""challenges"", ""type"", ""type-system"", ""typescript""]",48096,5255,235
liskhq/lisk-sdk,typescript,https://github.com/liskhq/lisk-sdk.git,4070846,2016-02-01,2024-03-15T10:09:23,"[""blockchain"", ""command-line"", ""framework"", ""javascript"", ""lisk"", ""sdk"", ""typescipt"", ""typescript""]",2731,456,71
pmndrs/jotai,typescript,https://github.com/pmndrs/jotai.git,4070847,2020-08-11,2026-08-04T02:10:58,"[""atomic"", ""hacktoberfest"", ""management"", ""react"", ""state""]",21235,725,239
ant-design/ant-design-mobile-rn,typescript,https://github.com/ant-design/ant-design-mobile-rn.git,4070850,2018-05-02,2026-06-03T05:58:02,"[""android"", ""antd-mobile"", ""ios"", ""javascript"", ""react"", ""react-native"", ""typescript""]",3322,614,65
colinhacks/zod,typescript,https://github.com/colinhacks/zod.git,4070851,2020-03-07,2026-07-30T10:30:18,"[""runtime-validation"", ""schema-validation"", ""static-types"", ""type-inference"", ""typescript""]",43401,2107,462
jest-community/vscode-jest,typescript,https://github.com/jest-community/vscode-jest.git,4070853,2016-10-09,2026-03-08T10:29:35,"[""jest"", ""vscode"", ""vscode-extension""]",2898,307,79
microsoft/webtemplatestudio,typescript,https://github.com/microsoft/webtemplatestudio.git,4070856,2019-01-29,2024-02-01T12:00:09,"[""vscode-extension""]",2006,212,36
vue-styleguidist/vue-styleguidist,typescript,https://github.com/vue-styleguidist/vue-styleguidist.git,4070857,2017-06-11,2026-07-31T09:52:27,"[""design-system"", ""doc"", ""documentation"", ""markdown"", ""parser"", ""style-guide"", ""styleguide"", ""vue"", ""vue-components"", ""vuejs""]",2494,413,103
getmeli/meli,typescript,https://github.com/getmeli/meli.git,4070858,2020-11-30,2023-03-15T10:46:34,[],2292,80,9
thebuilder/react-intersection-observer,typescript,https://github.com/thebuilder/react-intersection-observer.git,4070860,2017-05-02,2026-08-05T12:24:56,"[""hook"", ""hooks"", ""intersection-observer"", ""intersectionobserver"", ""intersectionobserver-api"", ""lazy-loading"", ""monitor"", ""performance"", ""react"", ""react-hooks"", ""reactjs"", ""scrolling"", ""viewport"", ""visibility""]",5538,188,45
bcherny/json-schema-to-typescript,typescript,https://github.com/bcherny/json-schema-to-typescript.git,4070862,2016-03-22,2026-08-04T09:31:18,"[""json-schema"", ""typescript""]",3328,458,57
faastjs/faast.js,typescript,https://github.com/faastjs/faast.js.git,4070867,2018-05-08,2026-08-05T01:00:20,"[""batch"", ""batch-processing"", ""faas"", ""javascript"", ""library"", ""serverless"", ""typescript""]",1482,43,9
hensm/fx_cast,typescript,https://github.com/hensm/fx_cast.git,4070869,2018-06-08,2026-03-14T06:37:21,"[""chromecast"", ""firefox"", ""firefox-addon"", ""firefox-extension"", ""google-cast"", ""webextension""]",2011,73,18
vazco/uniforms,typescript,https://github.com/vazco/uniforms.git,4070870,2016-05-10,2026-01-12T11:11:31,"[""component-library"", ""components"", ""form-builder"", ""form-controls"", ""forms"", ""hacktoberfest"", ""meteor"", ""react"", ""react-components"", ""react-library""]",2088,246,66
foalts/foal,typescript,https://github.com/foalts/foal.git,4070872,2017-09-17,2026-07-29T02:49:29,"[""api"", ""auth"", ""dependency-injection"", ""express"", ""foal"", ""foalts"", ""foalts-cli"", ""framework"", ""jwt"", ""node"", ""nodejs"", ""nodejs-framework"", ""orm"", ""rest"", ""sdk"", ""security"", ""typeorm"", ""typescript"", ""typescript-framework"", ""web-framework""]",1935,142,58
getsentry/sentry-react-native,typescript,https://github.com/getsentry/sentry-react-native.git,4070877,2016-11-30,2026-08-05T10:56:43,"[""android"", ""crash-reporting"", ""ios"", ""javascript"", ""react-native"", ""sdk"", ""sentry"", ""tag-production"", ""team-mobile"", ""typescript""]",1810,365,151
ice-lab/icestark,typescript,https://github.com/ice-lab/icestark.git,4070878,2019-05-09,2025-09-18T03:34:41,"[""frontend"", ""micro-frontends"", ""micro-frontends-solution"", ""microfrontends"", ""mpa"", ""single-spa"", ""spa""]",2074,174,17
tencent/feflow,typescript,https://github.com/tencent/feflow.git,4070887,2017-03-04,2026-04-21T08:16:18,"[""builder"", ""cli"", ""code-quality"", ""command-line-tool"", ""feflow"", ""front-end"", ""lint"", ""plugin"", ""webpack"", ""workflow"", ""yeoman""]",1379,229,27
authenticator-extension/authenticator,typescript,https://github.com/authenticator-extension/authenticator.git,4070888,2018-02-17,2026-02-10T06:52:21,"[""2fa"", ""authenticator"", ""chrome-extension"", ""edge-extension"", ""firefox-addon"", ""otp"", ""webextension""]",4339,1069,16
stoplightio/spectral,typescript,https://github.com/stoplightio/spectral.git,4070890,2018-08-15,2026-08-05T02:36:08,"[""arazzo"", ""hacktoberfest"", ""json"", ""json-lint"", ""json-schema"", ""jsonpath"", ""linting"", ""oas"", ""oasv3"", ""openapi"", ""openapi-specification"", ""openapi3"", ""stoplight-oss"", ""stoplight-spectral"", ""swagger"", ""swagger-oss""]",3172,289,115
nrwl/nx-console,typescript,https://github.com/nrwl/nx-console.git,4070892,2018-06-18,2026-08-04T01:00:14,[],1409,246,82
iorate/ublacklist,typescript,https://github.com/iorate/ublacklist.git,4070898,2018-06-25,2026-08-05T02:29:10,"[""blocker"", ""chrome-extension"", ""firefox-extension"", ""google-search""]",6614,351,61
angular/material.angular.io,typescript,https://github.com/angular/material.angular.io.git,4070901,2016-11-10,2024-12-18T10:19:05,[],897,401,69
joelshepherd/tabliss,typescript,https://github.com/joelshepherd/tabliss.git,4070903,2017-07-23,2024-07-24T05:28:04,"[""browser-extension"", ""chrome-extension"", ""firefox-addon"", ""typescript"", ""webextension""]",2174,284,87
mhutchie/vscode-git-graph,typescript,https://github.com/mhutchie/vscode-git-graph.git,4070904,2019-02-09,2023-07-08T01:15:51,"[""git"", ""visual-studio-code"", ""visual-studio-code-extension"", ""vscode"", ""vscode-extension""]",1554,191,11
typescript-eslint/tslint-to-eslint-config,typescript,https://github.com/typescript-eslint/tslint-to-eslint-config.git,4070909,2019-06-24,2026-08-04T04:26:23,"[""config"", ""conversion"", ""deprecation"", ""eslint"", ""hacktoberfest"", ""prettier"", ""tslint"", ""typescript""]",860,102,56
microsoft/vscode-cmake-tools,typescript,https://github.com/microsoft/vscode-cmake-tools.git,4070910,2016-04-16,2026-08-05T08:39:13,"[""c"", ""cmake"", ""cpp"", ""ctest"", ""debugging"", ""intellisense"", ""microsoft"", ""tasks"", ""visual-studio-code""]",1680,535,219
hashicorp/vscode-terraform,typescript,https://github.com/hashicorp/vscode-terraform.git,4070911,2016-09-08,2026-07-29T03:08:19,"[""hcl"", ""syntax-highlighting"", ""terraform"", ""visual-studio-code"", ""vscode"", ""vscode-extension""]",975,196,66
meriyah/meriyah,typescript,https://github.com/meriyah/meriyah.git,4070914,2019-05-07,2026-08-05T03:19:02,"[""acorn"", ""ast"", ""ecmascript"", ""esnext"", ""estree"", ""javascript"", ""jsx"", ""parser"", ""parsing"", ""performance"", ""stability"", ""tc39"", ""typescript""]",1212,59,31
grammarly/focal,typescript,https://github.com/grammarly/focal.git,4070916,2017-03-07,2023-10-23T04:55:35,"[""lenses"", ""react"", ""rxjs"", ""state-management"", ""typescript""]",710,41,14
ng-matero/ng-matero,typescript,https://github.com/ng-matero/ng-matero.git,4070918,2019-04-10,2026-07-26T04:13:44,"[""admin-dashboard"", ""admin-template"", ""angular"", ""angular-material"", ""material-design"", ""material-extensions"", ""ng-admin"", ""ng-matero"", ""ngx-admin"", ""responsive"", ""schematics""]",1469,385,12
streetsidesoftware/vscode-spell-checker,typescript,https://github.com/streetsidesoftware/vscode-spell-checker.git,4070920,2016-05-16,2026-08-04T06:17:26,[],1672,142,62
damienbod/angular-auth-oidc-client,typescript,https://github.com/damienbod/angular-auth-oidc-client.git,4070922,2017-06-13,2026-08-04T11:25:01,"[""angular"", ""auth"", ""authentication"", ""authn"", ""identity"", ""implicit-flow"", ""npm"", ""oauth2"", ""oidc"", ""openid"", ""openidconnect"", ""security""]",1238,450,100
integer32llc/rust-playground,typescript,https://github.com/integer32llc/rust-playground.git,4070923,2016-06-24,2023-02-17T06:22:46,[],962,172,46
neoclide/coc-tsserver,typescript,https://github.com/neoclide/coc-tsserver.git,4070924,2018-09-07,2025-05-15T03:10:00,"[""neovim"", ""tsserver"", ""typescript"", ""vim""]",1078,68,38
graphql-compose/graphql-compose-mongoose,typescript,https://github.com/graphql-compose/graphql-compose-mongoose.git,4070925,2016-06-07,2025-12-14T12:18:19,"[""graphql"", ""graphql-compose"", ""graphql-compose-plugin"", ""graphql-types"", ""hacktoberfest"", ""mongoose"", ""schema-builder""]",711,99,36
alibaba/chatui,typescript,https://github.com/alibaba/chatui.git,4070927,2020-08-04,2026-03-30T02:23:03,"[""chat"", ""chatbot"", ""react"", ""ui""]",4350,419,4
firebase/extensions,typescript,https://github.com/firebase/extensions.git,4070928,2019-08-20,2026-08-04T06:01:23,[],976,427,88
xmlking/ngx-starter-kit,typescript,https://github.com/xmlking/ngx-starter-kit.git,4070931,2018-01-20,2023-03-03T12:36:57,[],573,129,6
eyebluecn/tank-front,typescript,https://github.com/eyebluecn/tank-front.git,4070932,2017-12-25,2026-02-14T03:10:15,"[""vue""]",559,159,6
rrebase/knboard,typescript,https://github.com/rrebase/knboard.git,4070935,2020-03-07,2022-06-11T07:45:41,[],636,184,8
milesj/interweave,typescript,https://github.com/milesj/interweave.git,4070937,2016-06-26,2025-02-10T08:06:55,"[""autolink"", ""emoji"", ""emoji-picker"", ""emoji-unicode"", ""html-parsing"", ""interpolation"", ""matcher"", ""react"", ""react-elements""]",1106,40,16
flashpointproject/launcher,typescript,https://github.com/flashpointproject/launcher.git,4070939,2018-10-03,2026-05-24T05:28:15,"[""desktop-app"", ""desktop-application"", ""electron"", ""launcher"", ""linux"", ""windows""]",1233,67,22
microsoft/fluentui-react-native,typescript,https://github.com/microsoft/fluentui-react-native.git,4070942,2019-07-10,2026-08-06T12:11:56,[],1438,174,67
arnog/mathlive,typescript,https://github.com/arnog/mathlive.git,4070946,2017-06-12,2026-07-28T03:41:03,"[""custom-elements"", ""editor"", ""javascript"", ""math"", ""mathfield"", ""typescript"", ""webcomponent""]",2125,381,103
aliyun/alibabacloud-alfa,typescript,https://github.com/aliyun/alibabacloud-alfa.git,4070951,2019-11-12,2025-07-30T08:47:54,[],857,82,13
nestjs/bull,typescript,https://github.com/nestjs/bull.git,4070953,2018-02-25,2026-08-05T06:08:55,"[""bull"", ""cron"", ""job"", ""jobs"", ""nest"", ""nestjs"", ""node"", ""nodejs"", ""queue"", ""typescript""]",699,111,25
serenity-js/serenity-js,typescript,https://github.com/serenity-js/serenity-js.git,4070955,2016-06-16,2026-07-26T12:31:09,"[""acceptance-testing"", ""api-testing"", ""bdd"", ""cucumber"", ""domain-driven-design"", ""e2e-testing"", ""electron-testing"", ""playwright"", ""playwright-test"", ""screenplay-pattern"", ""test-automation"", ""test-integration"", ""test-reporting"", ""testing"", ""testing-framework"", ""typescript"", ""web-testing"", ""webdriverio""]",614,153,51
beeequeue/yuna,typescript,https://github.com/beeequeue/yuna.git,4070956,2018-08-27,2024-03-21T04:29:30,"[""anilist"", ""anime"", ""crunchyroll"", ""electron"", ""graphql"", ""hls"", ""streaming"", ""typescript"", ""vue"", ""vuex""]",561,45,8
denodrivers/postgres,typescript,https://github.com/denodrivers/postgres.git,4070958,2019-01-06,2025-04-24T10:41:41,"[""deno"", ""deno-postgres"", ""denoland"", ""postgres"", ""postgresql"", ""postgresql-driver""]",621,94,53
actions/stale,typescript,https://github.com/actions/stale.git,4070960,2019-08-04,2026-08-05T05:23:53,[],1700,429,85
mikaelvesavuori/figmagic,typescript,https://github.com/mikaelvesavuori/figmagic.git,4070965,2018-04-12,2025-05-01T08:17:08,"[""design-specs"", ""design-system"", ""design-systems"", ""design-tokens"", ""figma"", ""figma-api"", ""hacktoberfest"", ""tokens"", ""ux""]",824,77,19
silevis/reactgrid,typescript,https://github.com/silevis/reactgrid.git,4070968,2020-04-03,2025-04-16T03:01:27,"[""data-table"", ""datagrid"", ""datatable"", ""excel"", ""grid-component"", ""reactgrid"", ""reactgrid-component"", ""reactjs"", ""spreadsheet"", ""table""]",1410,152,23
doug-martin/nestjs-query,typescript,https://github.com/doug-martin/nestjs-query.git,4070977,2019-11-06,2026-07-12T12:33:27,"[""crud"", ""graphql"", ""graphql-resolver"", ""mongodb"", ""mongoose"", ""nestjs"", ""nestjs-graphql"", ""sequelize"", ""typegraphql"", ""typeorm""]",842,142,29
egoist/tsup,typescript,https://github.com/egoist/tsup.git,4070997,2020-03-19,2026-07-20T03:11:55,[],11287,273,99
walletconnect/walletconnect-monorepo,typescript,https://github.com/walletconnect/walletconnect-monorepo.git,4071014,2018-08-26,2026-08-01T08:33:41,"[""devtools"", ""ethereum"", ""library"", ""mobile"", ""prod"", ""react-native"", ""team-walletkit"", ""typescript"", ""wallet"", ""walletconnect"", ""web3""]",1681,813,151
jupyterlab/lumino,typescript,https://github.com/jupyterlab/lumino.git,4071076,2019-11-17,2026-08-03T11:59:11,"[""jupyter"", ""jupyterlab"", ""user-interface-toolkits""]",762,148,76
midwayjs/hooks,typescript,https://github.com/midwayjs/hooks.git,4071306,2020-08-06,2023-10-18T05:39:09,"[""frontend"", ""fullstack"", ""hooks"", ""midway"", ""react"", ""serverless"", ""vite"", ""vue""]",690,64,15
maxwroc/battery-state-card,typescript,https://github.com/maxwroc/battery-state-card.git,4071710,2020-04-16,2026-08-03T11:55:21,"[""battery"", ""hassio"", ""home-assistant"", ""lovelace-custom-card"", ""sensor""]",1262,51,14
microsoft/beachball,typescript,https://github.com/microsoft/beachball.git,4071723,2019-06-25,2026-08-05T11:32:02,"[""git"", ""mp"", ""registry"", ""semver"", ""yarn""]",814,93,58
komarovalexander/ka-table,typescript,https://github.com/komarovalexander/ka-table.git,4071781,2019-09-25,2026-04-16T04:47:33,"[""component"", ""datagrid"", ""datatable"", ""grid"", ""javascript"", ""js"", ""react"", ""table"", ""ts"", ""typescript"", ""ui-components"", ""widget""]",851,67,11
nanojsx/nano,typescript,https://github.com/nanojsx/nano.git,4071794,2020-06-22,2025-11-27T08:13:51,"[""deno"", ""isomorphic"", ""jsx"", ""nano"", ""node"", ""ssr""]",1583,42,12
josh-berry/tab-stash,typescript,https://github.com/josh-berry/tab-stash.git,4071798,2018-06-08,2026-07-27T12:20:14,"[""bookmark"", ""bookmark-manager"", ""firefox"", ""firefox-addon"", ""firefox-extension"", ""firefox-webextension"", ""sidebar"", ""tab-stash"", ""tabs"", ""tabs-management"", ""webextensions""]",1065,64,11
duan602728596/48tools,typescript,https://github.com/duan602728596/48tools.git,4071810,2017-07-30,2026-03-15T02:03:25,"[""acfun"", ""bej48"", ""bilibili"", ""cgt48"", ""ckg48"", ""gnz48"", ""shy48"", ""snh48""]",618,76,2
openzeppelin/openzeppelin-upgrades,typescript,https://github.com/openzeppelin/openzeppelin-upgrades.git,4071865,2020-06-19,2026-08-04T01:45:02,[],659,283,63
sekai-world/sekai-viewer,typescript,https://github.com/sekai-world/sekai-viewer.git,4071902,2020-10-04,2026-08-05T04:29:15,"[""material-ui"", ""react"", ""sekai"", ""sekai-viewer""]",512,71,29
hauptrolle/chakra-templates,typescript,https://github.com/hauptrolle/chakra-templates.git,4072012,2020-12-28,2023-12-01T02:13:16,"[""chakra-templates"", ""chakra-ui"", ""hacktoberfest"", ""hacktoberfest2021"", ""react"", ""templates""]",1517,229,52
supabase/ui,typescript,https://github.com/supabase/ui.git,4072112,2020-12-11,2024-01-01T05:57:06,[],1463,144,41
react-auth-kit/react-auth-kit,typescript,https://github.com/react-auth-kit/react-auth-kit.git,4072142,2020-08-27,2026-06-22T07:56:02,"[""auth"", ""authentication"", ""authorization"", ""hacktoberfest"", ""jwt"", ""jwt-authentication"", ""kit"", ""nextjs"", ""private-route"", ""react"", ""react-js""]",597,84,38
huozhi/bunchee,typescript,https://github.com/huozhi/bunchee.git,4072640,2018-10-21,2026-07-31T08:52:44,"[""bundler"", ""commonjs"", ""esmodule"", ""javascript"", ""jsx"", ""minify"", ""react"", ""rsc"", ""server-components"", ""typescript""]",1400,37,25
logaretm/vee-validate,typescript,https://github.com/logaretm/vee-validate.git,4072687,2016-07-30,2026-03-04T07:08:06,"[""form"", ""form-validation"", ""forms"", ""hacktoberfest"", ""validate"", ""validation"", ""validation-library"", ""validations"", ""validator"", ""vee-validate"", ""vue"", ""vue2"", ""vue3"", ""vue3-composition-api"", ""vuejs""]",11242,1301,364
guess-js/guess,typescript,https://github.com/guess-js/guess.git,4072688,2018-04-02,2026-07-30T06:53:07,"[""hacktoberfest"", ""machine-learning"", ""performance"", ""prefetch"", ""prerender"", ""web-performance""]",7118,199,25
javascript-obfuscator/javascript-obfuscator,typescript,https://github.com/javascript-obfuscator/javascript-obfuscator.git,4072689,2016-05-09,2026-08-05T02:21:01,"[""browser"", ""control-flow"", ""cryptography"", ""encoding"", ""flattening"", ""flow"", ""javascript"", ""javascript-obfuscator"", ""js-obfuscator"", ""literal"", ""mangle"", ""nodejs"", ""obfuscate"", ""obfuscation"", ""obfuscator"", ""protection"", ""security"", ""string"", ""typescript"", ""uglify""]",16177,1734,46
the1812/bilibili-evolved,typescript,https://github.com/the1812/bilibili-evolved.git,4072690,2018-07-16,2026-08-05T01:17:09,"[""bilibili"", ""tampermonkey"", ""userscript""]",30065,1787,94
alibaba/hooks,typescript,https://github.com/alibaba/hooks.git,4072691,2019-06-27,2026-08-05T02:59:11,"[""ahooks"", ""hooks-library"", ""react"", ""react-hooks"", ""umi-hooks""]",14967,2772,263
graphql-editor/graphql-editor,typescript,https://github.com/graphql-editor/graphql-editor.git,4072693,2018-09-18,2025-09-10T01:19:33,"[""graphql"", ""ide"", ""playground"", ""tool"", ""tools"", ""visualisation""]",6053,288,20
tailwindlabs/headlessui,typescript,https://github.com/tailwindlabs/headlessui.git,4072695,2020-09-16,2026-04-13T04:12:31,"[""a11y"", ""accessibility"", ""components"", ""headless-ui"", ""headlessui"", ""react"", ""tailwindcss"", ""vue""]",28527,1200,74
system-ui/theme-ui,typescript,https://github.com/system-ui/theme-ui.git,4072697,2019-04-03,2026-06-14T11:55:43,"[""color"", ""design"", ""design-system"", ""design-tokens"", ""emotion"", ""layout"", ""mdx"", ""react"", ""style"", ""theme"", ""typography"", ""ui""]",5404,664,133
paddlepaddle/visualdl,typescript,https://github.com/paddlepaddle/visualdl.git,4072699,2017-12-20,2022-08-15T03:31:57,[],4405,605,30
sindresorhus/ow,typescript,https://github.com/sindresorhus/ow.git,4072701,2017-09-29,2025-10-16T05:10:13,"[""javascript"", ""nodejs"", ""npm-package"", ""type-checking"", ""validation""]",3867,108,34
bytedance/iconpark,typescript,https://github.com/bytedance/iconpark.git,4072704,2020-07-27,2023-02-24T07:46:02,[],7031,421,13
google/clasp,typescript,https://github.com/google/clasp.git,4072705,2017-12-05,2026-06-08T07:17:22,"[""apps-script"", ""cli"", ""javascript"", ""typescript""]",5684,493,109
actions/toolkit,typescript,https://github.com/actions/toolkit.git,4072708,2019-04-19,2026-08-05T06:34:11,[],5816,1796,156
hopding/pdf-lib,typescript,https://github.com/hopding/pdf-lib.git,4072709,2017-09-04,2024-07-17T12:18:51,"[""copy"", ""copying"", ""create"", ""creation"", ""document"", ""documents"", ""edit"", ""editing"", ""generation"", ""javascript"", ""lib"", ""library"", ""modification"", ""modify"", ""pdf"", ""typescript"", ""umd""]",6554,634,32
vanessa219/vditor,typescript,https://github.com/vanessa219/vditor.git,4072710,2019-11-29,2026-07-02T10:58:42,"[""commonmark"", ""editor"", ""gfm"", ""lute"", ""markdown"", ""md"", ""react"", ""rich-text"", ""typescript"", ""typora"", ""vue"", ""wysiwyg""]",11101,1074,57
sedwards2009/extraterm,typescript,https://github.com/sedwards2009/extraterm.git,4072712,2016-03-04,2026-06-05T05:32:51,"[""javascript"", ""ssh-client"", ""terminal"", ""terminal-emulators"", ""typescript"", ""windows-subsystem-linux"", ""wsl""]",2819,129,15
devexpress/devextreme-reactive,typescript,https://github.com/devexpress/devextreme-reactive.git,4072717,2017-03-17,2025-12-30T02:17:11,"[""bootstrap"", ""calendar"", ""charts"", ""datagrid"", ""material-design"", ""material-ui"", ""react"", ""react-components"", ""scheduler""]",2084,390,60
lokalise/i18n-ally,typescript,https://github.com/lokalise/i18n-ally.git,4072720,2019-05-05,2024-12-13T10:59:15,"[""angular"", ""i10n"", ""i18n"", ""i18next"", ""locales"", ""react"", ""translation"", ""vscode"", ""vscode-extension"", ""vue"", ""vue-i18n""]",4097,330,93
adelsz/pgtyped,typescript,https://github.com/adelsz/pgtyped.git,4072721,2019-09-23,2026-08-04T06:40:46,"[""generator"", ""postgres"", ""postgresql"", ""query"", ""sql"", ""type-safety"", ""types"", ""typescript""]",3277,116,48
clauderic/dnd-kit,typescript,https://github.com/clauderic/dnd-kit.git,4072722,2020-11-26,2026-07-13T02:58:58,"[""drag"", ""drag-and-drop"", ""draggable"", ""droppable"", ""react"", ""sortable""]",17395,908,62
joshfarrant/shortcuts-js,typescript,https://github.com/joshfarrant/shortcuts-js.git,4072723,2018-11-05,2023-06-29T03:36:41,"[""apple"", ""automation"", ""ios"", ""ios12"", ""javascript"", ""nodejs"", ""shortcuts"", ""typescript""]",1590,92,18
apollographql/apollo-client-devtools,typescript,https://github.com/apollographql/apollo-client-devtools.git,4072725,2016-12-07,2026-07-26T06:05:18,"[""apollo-client"", ""apollo-client-devtools"", ""chrome-extension"", ""devtools"", ""firefox-extension"", ""graphql""]",1528,173,67
magcius/noclip.website,typescript,https://github.com/magcius/noclip.website.git,4072727,2016-10-06,2026-08-03T01:15:19,"[""noclip""]",4227,342,87
taskforcesh/bullmq,typescript,https://github.com/taskforcesh/bullmq.git,4072728,2018-12-19,2026-08-05T07:22:08,"[""background-jobs"", ""elixir"", ""nodejs"", ""php"", ""python"", ""queue"", ""redis"", ""rust"", ""typescript""]",9247,661,196
typegoose/typegoose,typescript,https://github.com/typegoose/typegoose.git,4072729,2019-05-03,2026-08-03T12:52:43,"[""db"", ""js"", ""model"", ""models"", ""mongodb"", ""mongoose"", ""nodejs"", ""odm"", ""ts"", ""typescript""]",2312,135,101
yang991178/fluent-reader,typescript,https://github.com/yang991178/fluent-reader.git,4072731,2020-05-31,2026-05-21T04:53:16,"[""electron"", ""linux"", ""macos"", ""react"", ""rss"", ""rss-reader"", ""typescript"", ""windows""]",9377,517,26
cookie-autodelete/cookie-autodelete,typescript,https://github.com/cookie-autodelete/cookie-autodelete.git,4072732,2017-01-13,2025-12-26T09:54:25,"[""chrome"", ""cookie"", ""cookie-autodelete"", ""cookies"", ""deleting-cookies"", ""firefox"", ""google-chrome"", ""mozilla-firefox"", ""webextension""]",1940,127,23
aurelia/aurelia,typescript,https://github.com/aurelia/aurelia.git,4072733,2018-02-15,2026-08-04T10:04:13,"[""aurelia"", ""cordova"", ""cross-platform"", ""electron"", ""framework"", ""frontend"", ""html"", ""javascript"", ""javascript-framework"", ""mobile"", ""pwa"", ""single-page-applications"", ""spa"", ""typescript"", ""web"", ""web-framework"", ""web-performance""]",1535,149,75
microsoft/vscode-arduino,typescript,https://github.com/microsoft/vscode-arduino.git,4072736,2016-12-21,2024-10-01T05:06:24,[],1156,215,67
firebase/firebase-functions,typescript,https://github.com/firebase/firebase-functions.git,4072737,2016-09-22,2026-08-05T04:55:04,[],1064,232,92
jupyterlab/jupyterlab-git,typescript,https://github.com/jupyterlab/jupyterlab-git.git,4072738,2017-06-20,2026-08-03T04:47:19,"[""git"", ""jupyterlab"", ""jupyterlab-extension""]",1607,408,92
azure/azurite,typescript,https://github.com/azure/azurite.git,4072740,2018-02-20,2026-08-05T06:34:02,"[""azure-storage"", ""azurite"", ""blob-service"", ""blob-storage"", ""cross-platform"", ""docker-image"", ""storage-emulator""]",2235,385,94
ehtagtranslation/ehsyringe,typescript,https://github.com/ehtagtranslation/ehsyringe.git,4072744,2019-06-29,2026-07-12T12:11:10,"[""browser-extension"", ""e-hentai"", ""translation"", ""userscript""]",3626,123,16
antoinejaussoin/retro-board,typescript,https://github.com/antoinejaussoin/retro-board.git,4072746,2016-03-12,2026-07-12T09:19:10,"[""agile"", ""ai"", ""arm"", ""chat-gpt"", ""chatgpt"", ""docker"", ""docker-compose"", ""hooks"", ""internationalisation"", ""multiarch"", ""multilingual"", ""postgres"", ""react"", ""reactjs"", ""retrospective"", ""socket-io"", ""translation"", ""typescript"", ""vite"", ""yarn""]",820,195,23
ng-alain/delon,typescript,https://github.com/ng-alain/delon.git,4072751,2017-11-25,2026-06-16T07:35:48,"[""angular"", ""angular-components"", ""angular-scaffolding"", ""g2"", ""ng-admin"", ""ng-alain"", ""ng-zorro"", ""scaffold"", ""scaffold-framework"", ""scaffold-template"", ""scaffolding""]",681,671,65
formidablelabs/inspectpack,typescript,https://github.com/formidablelabs/inspectpack.git,4072756,2016-03-20,2023-09-27T08:38:20,[],592,19,10
borewit/music-metadata,typescript,https://github.com/borewit/music-metadata.git,4072759,2016-11-04,2026-08-03T11:38:40,"[""aiff"", ""ape"", ""asf"", ""audio"", ""dsd"", ""flac"", ""id3"", ""m4a"", ""metadata"", ""mp3"", ""mp4"", ""musepack"", ""musicbrainz"", ""ogg"", ""opus"", ""picard"", ""tag"", ""tags"", ""vorbis"", ""wav""]",1305,114,53
midnight-lizard/midnight-lizard,typescript,https://github.com/midnight-lizard/midnight-lizard.git,4072762,2016-12-19,2025-12-24T06:40:03,"[""accessibility"", ""blue-filter"", ""brightness"", ""chrome-extension"", ""color-scheme"", ""contrast"", ""contrast-theme"", ""dark-mode"", ""dark-theme"", ""firefox-webextension"", ""grayscale"", ""high-contrast"", ""night-mode"", ""readability"", ""red-shift""]",700,49,5
jaredlunde/react-hook,typescript,https://github.com/jaredlunde/react-hook.git,4072763,2019-03-24,2025-01-09T03:18:47,"[""debounce"", ""hooks"", ""hooks-api"", ""hooks-library"", ""react"", ""react-hook"", ""react-hooks"", ""react-hooks-typescript"", ""throttle"", ""typescript"", ""typescript-hooks"", ""window-scroll"", ""window-size""]",1455,97,26
uber/nebula.gl,typescript,https://github.com/uber/nebula.gl.git,4072764,2018-02-15,2024-05-28T12:29:02,"[""deck-gl"", ""uber"", ""webgl""]",676,166,57
testing-library/angular-testing-library,typescript,https://github.com/testing-library/angular-testing-library.git,4072770,2018-06-12,2026-08-05T08:39:54,"[""angular"", ""dom-testing-library"", ""testing"", ""testing-library""]",791,93,52
googleapis/nodejs-pubsub,typescript,https://github.com/googleapis/nodejs-pubsub.git,4072774,2017-07-26,2026-03-11T11:41:01,"[""nodejs"", ""pubsub""]",550,236,85
schoofskelvin/vscode-sshfs,typescript,https://github.com/schoofskelvin/vscode-sshfs.git,4072776,2018-05-05,2026-06-07T10:37:18,[],608,60,9
rtk-incubator/rtk-query,typescript,https://github.com/rtk-incubator/rtk-query.git,4072780,2020-10-15,2021-06-07T10:58:19,[],578,24,12
ekliptor/wolfbot,typescript,https://github.com/ekliptor/wolfbot.git,4072783,2018-04-23,2023-02-17T02:36:27,[],632,200,8
hjdhjd/homebridge-unifi-protect,typescript,https://github.com/hjdhjd/homebridge-unifi-protect.git,4072784,2019-08-05,2026-07-19T08:47:25,"[""camera"", ""cameras"", ""doorbell"", ""homebridge"", ""homebridge-plugin"", ""homekit"", ""homekit-support"", ""motion-detection"", ""motion-sensor"", ""nvr"", ""security"", ""ubiquiti"", ""udm-pro"", ""unifi"", ""unifi-nvr"", ""unifi-os"", ""unifi-protect"", ""unifi-protect-controller"", ""unifi-protect-devices""]",1769,110,10
tencentcloudbase/cloudbase-extension-cms,typescript,https://github.com/tencentcloudbase/cloudbase-extension-cms.git,4072790,2020-07-24,2024-09-13T08:31:19,"[""cloudbase"", ""cms"", ""nestjs"", ""nodejs"", ""react""]",651,101,8
lume/glas,typescript,https://github.com/lume/glas.git,4072792,2019-05-27,2026-02-05T10:31:44,"[""3d"", ""3d-engine"", ""3d-game-engine"", ""3d-graphics"", ""assemblyscript"", ""creative-coding"", ""game-dev"", ""game-development"", ""game-engine"", ""gamedev"", ""games"", ""glas"", ""lume"", ""three"", ""three-js"", ""threejs"", ""typescript"", ""wasm"", ""webassembly"", ""webgl""]",935,45,12
acacode/swagger-typescript-api,typescript,https://github.com/acacode/swagger-typescript-api.git,4072805,2020-01-12,2026-07-25T09:12:20,[],4104,437,59
comunica/comunica,typescript,https://github.com/comunica/comunica.git,4072808,2017-10-18,2026-08-05T06:05:57,"[""decentralization"", ""federation"", ""graphql"", ""hacktoberfest"", ""heterogeneity"", ""javascript"", ""mcp"", ""query-engine"", ""rdf"", ""sparql"", ""triple-pattern-fragments""]",577,107,48
microsoft/folio,typescript,https://github.com/microsoft/folio.git,4072810,2020-09-24,2022-10-12T02:56:44,[],866,31,8
zenn-dev/zenn-editor,typescript,https://github.com/zenn-dev/zenn-editor.git,4072820,2020-05-27,2026-08-01T11:07:41,[],743,88,38
udondan/iam-floyd,typescript,https://github.com/udondan/iam-floyd.git,4072827,2020-06-01,2026-08-05T01:46:11,"[""aws"", ""aws-cdk"", ""cdk"", ""generator"", ""hacktoberfest"", ""iam"", ""iam-policy"", ""jsii""]",573,20,6
smolck/uivonim,typescript,https://github.com/smolck/uivonim.git,4072831,2020-10-01,2023-12-11T02:21:22,"[""electron"", ""gui"", ""neovim"", ""neovim-guis"", ""typescript"", ""webgl2""]",593,10,4
whitphx/vscode-emacs-mcx,typescript,https://github.com/whitphx/vscode-emacs-mcx.git,4072833,2019-01-06,2026-08-05T05:23:18,"[""emacs"", ""hacktoberfest"", ""vscode"", ""vscode-extension""]",531,75,28
mikepenz/release-changelog-builder-action,typescript,https://github.com/mikepenz/release-changelog-builder-action.git,4072863,2020-10-16,2026-08-03T09:14:28,"[""action"", ""actions"", ""automation"", ""cd"", ""changelog"", ""ci"", ""github-actions"", ""hacktoberfest"", ""issues"", ""labels"", ""pull-requests"", ""release"", ""release-automation"", ""release-notes"", ""workflow""]",863,113,28
yxl76/cloudmusic-vscode,typescript,https://github.com/yxl76/cloudmusic-vscode.git,4072869,2020-06-28,2025-08-15T02:37:03,[],692,56,8
diego3g/umbriel,typescript,https://github.com/diego3g/umbriel.git,4072883,2020-11-24,2026-04-27T09:20:13,"[""ddd"", ""node"", ""prisma"", ""typescript""]",532,69,5
pedrobern/react-native-collapsible-tab-view,typescript,https://github.com/pedrobern/react-native-collapsible-tab-view.git,4072941,2020-11-19,2025-03-29T06:44:43,"[""expo"", ""react"", ""react-native"", ""tabs"", ""tabview""]",941,194,16
ianstormtaylor/slate,typescript,https://github.com/ianstormtaylor/slate.git,4073579,2016-06-18,2026-08-05T02:31:17,"[""browser"", ""editor"", ""framework"", ""javascript"", ""react"", ""rich-text"", ""slate"", ""text-editor""]",31736,3314,449
verdaccio/verdaccio,typescript,https://github.com/verdaccio/verdaccio.git,4073581,2016-04-15,2026-08-04T05:01:48,"[""docker"", ""helm"", ""helm-charts"", ""javascript"", ""kubernetes"", ""nodejs"", ""npm"", ""pnpm"", ""private-npm"", ""registry"", ""registry-proxy"", ""sponsor"", ""verdaccio"", ""yarn""]",17807,1473,285
boardgameio/boardgame.io,typescript,https://github.com/boardgameio/boardgame.io.git,4073586,2017-11-21,2026-08-04T09:29:13,"[""boardgames"", ""game-engine"", ""javascript"", ""multiplayer"", ""react"", ""react-native"", ""tabletop"", ""turn-based""]",12392,830,156
antvis/g6,typescript,https://github.com/antvis/g6.git,4073588,2017-02-13,2026-07-15T06:02:05,"[""data-visualization"", ""graph"", ""graph-analytics"", ""graph-drawing"", ""graph-visualization"", ""hacktoberfest"", ""network"", ""tree"", ""visual-analytics"", ""visualization""]",12203,1633,180
callstack/react-native-paper,typescript,https://github.com/callstack/react-native-paper.git,4073589,2016-10-19,2026-08-04T04:48:46,"[""hacktoberfest"", ""material-design"", ""react-native"", ""ui-kit""]",14438,2229,335
probot/probot,typescript,https://github.com/probot/probot.git,4073590,2016-09-16,2026-08-05T05:58:16,"[""github-apps"", ""probot""]",9583,1034,184
pmndrs/zustand,typescript,https://github.com/pmndrs/zustand.git,4073591,2019-04-09,2026-07-29T11:33:21,"[""hacktoberfest"", ""hooks"", ""react"", ""react-context"", ""reactjs"", ""redux"", ""state-management""]",58519,2176,338
daybrush/moveable,typescript,https://github.com/daybrush/moveable.git,4073594,2019-07-05,2024-06-03T07:57:45,"[""draggable"", ""groupable"", ""movable"", ""moveable"", ""pinchable"", ""resizable"", ""rotatable"", ""scalable"", ""snappable"", ""warpable""]",9690,597,36
telegraf/telegraf,typescript,https://github.com/telegraf/telegraf.git,4073595,2016-04-16,2025-01-11T06:02:13,"[""bot"", ""bot-api"", ""bot-framework"", ""hacktoberfest"", ""middleware"", ""telegraf"", ""telegram"", ""telegram-bot"", ""telegram-bot-api"", ""telegram-bots""]",8464,943,136
prevwong/craft.js,typescript,https://github.com/prevwong/craft.js.git,4073596,2019-06-04,2025-02-14T09:25:28,"[""draft-js"", ""drag-and-drop"", ""html-builder"", ""page-builder"", ""react"", ""site-builder"", ""web-builder"", ""wysiwyg""]",7833,756,47
edp963/davinci,typescript,https://github.com/edp963/davinci.git,4073597,2017-09-05,2023-06-14T10:20:21,"[""dashboard"", ""data-visualization"", ""davinci"", ""display"", ""react"", ""typescript""]",4675,1794,28
ngxs/store,typescript,https://github.com/ngxs/store.git,4073598,2018-02-13,2026-08-04T03:25:46,"[""angular"", ""cqrs"", ""event-sourcing"", ""ngrx"", ""ngxs"", ""redux"", ""state-management""]",3549,404,161
lingui/js-lingui,typescript,https://github.com/lingui/js-lingui.git,4073599,2017-01-17,2026-08-03T11:03:47,"[""hacktoberfest"", ""i18n"", ""icu"", ""internationalization"", ""intl"", ""javascript"", ""localization"", ""messageformat"", ""react"", ""react-components"", ""react-native"", ""translation""]",5839,450,258
vuejs/composition-api,typescript,https://github.com/vuejs/composition-api.git,4073600,2019-06-25,2023-08-15T11:08:15,[],4143,356,90
mikro-orm/mikro-orm,typescript,https://github.com/mikro-orm/mikro-orm.git,4073603,2018-03-15,2026-08-05T10:07:11,"[""database"", ""datamapper"", ""entities"", ""entity"", ""identity-map"", ""javascript"", ""libsql"", ""mongodb"", ""mysql"", ""nodejs"", ""orm"", ""postgre"", ""postgresql"", ""sql"", ""sql-server"", ""sqlite"", ""sqlite3"", ""typescript"", ""typescript-orm"", ""unit-of-work""]",9155,663,319
async-labs/saas,typescript,https://github.com/async-labs/saas.git,4073609,2018-04-06,2025-03-21T06:07:06,"[""aws-s3"", ""aws-ses"", ""boilerplate"", ""express"", ""google-api"", ""mailchimp"", ""material-ui"", ""mobx"", ""mongodb"", ""mongoose"", ""nextjs"", ""passport"", ""react"", ""saas"", ""saas-boilerplate"", ""saas-business"", ""saas-product"", ""typescript""]",4223,703,9
vuejs/vitepress,typescript,https://github.com/vuejs/vitepress.git,4073610,2020-04-30,2026-08-04T07:55:50,"[""docs-generator"", ""hacktoberfest"", ""markdown"", ""ssg"", ""vite"", ""vue""]",18135,2737,406
graphql-nexus/nexus,typescript,https://github.com/graphql-nexus/nexus.git,4073611,2018-11-02,2023-11-19T09:46:52,"[""graphql"", ""graphql-nexus"", ""graphql-schema"", ""nexus"", ""typescript""]",3356,284,120
yzhang-gh/vscode-markdown,typescript,https://github.com/yzhang-gh/vscode-markdown.git,4073615,2017-01-03,2026-06-13T04:49:10,"[""markdown"", ""vscode""]",3245,371,64
rolling-scopes/rsschool-app,typescript,https://github.com/rolling-scopes/rsschool-app.git,4073616,2018-05-22,2026-08-03T08:25:53,"[""hacktoberfest""]",10368,223,79
oct16/timecat,typescript,https://github.com/oct16/timecat.git,4073617,2020-02-27,2023-02-06T02:52:49,[],2114,181,7
pmndrs/valtio,typescript,https://github.com/pmndrs/valtio.git,4073618,2020-11-16,2026-07-29T05:41:48,"[""mutable"", ""proxy"", ""react"", ""state""]",10214,291,97
serverless-nextjs/serverless-next.js,typescript,https://github.com/serverless-nextjs/serverless-next.js.git,4073619,2019-02-19,2025-01-28T06:41:00,"[""api-gateway"", ""aws"", ""aws-lambda"", ""cloudfront"", ""edge"", ""lambda"", ""lambdaatedge"", ""next"", ""nextjs"", ""serverless"", ""serverless-framework""]",4491,459,111
ng-packagr/ng-packagr,typescript,https://github.com/ng-packagr/ng-packagr.git,4073620,2017-05-17,2026-08-04T10:51:48,"[""angular"", ""angular-cli"", ""angular-library"", ""angular-package-format"", ""component-library"", ""css"", ""html"", ""less"", ""scss"", ""stylus"", ""typescript""]",1857,300,78
vime-js/vime,typescript,https://github.com/vime-js/vime.git,4073627,2020-02-15,2024-11-17T10:34:11,"[""angular"", ""audio"", ""dailymotion"", ""dash"", ""embed"", ""hls"", ""html5"", ""javascript"", ""media"", ""player"", ""react"", ""stenciljs"", ""svelte"", ""video"", ""vime"", ""vimeo"", ""vue"", ""web-components"", ""youtube""]",2769,152,21
nodejs/nodejs.dev,typescript,https://github.com/nodejs/nodejs.dev.git,4073629,2019-01-29,2023-07-03T11:27:46,"[""gatsby"", ""gatsbyjs"", ""hacktoberfest"", ""node"", ""nodejs"", ""react"", ""reactjs"", ""typescript""]",2271,1057,371
twilio/twilio-video-app-react,typescript,https://github.com/twilio/twilio-video-app-react.git,4073634,2019-10-18,2026-04-30T05:49:31,"[""react"", ""twilio"", ""video"", ""webrtc""]",1826,733,23
open-wa/wa-automate-nodejs,typescript,https://github.com/open-wa/wa-automate-nodejs.git,4073635,2019-08-15,2026-08-05T01:59:08,"[""api"", ""chatbots"", ""framework"", ""nodejs"", ""typescript""]",3643,718,29
microsoft/vscode-mssql,typescript,https://github.com/microsoft/vscode-mssql.git,4073637,2016-06-26,2026-08-06T12:07:20,[],1897,596,95
petyosi/react-virtuoso,typescript,https://github.com/petyosi/react-virtuoso.git,4073638,2019-05-03,2026-08-04T03:39:54,"[""chat"", ""component-library"", ""feed"", ""hacktoberfest"", ""react"", ""virtual"", ""virtualizedlist""]",6439,352,77
pmndrs/use-cannon,typescript,https://github.com/pmndrs/use-cannon.git,4073639,2020-03-03,2024-02-25T02:30:15,"[""cannon-js"", ""physics"", ""react"", ""reactjs""]",2654,152,45
standardnotes/desktop,typescript,https://github.com/standardnotes/desktop.git,4073641,2016-12-26,2022-06-20T11:52:09,[],1478,123,22
googlechromelabs/bubblewrap,typescript,https://github.com/googlechromelabs/bubblewrap.git,4073642,2019-11-08,2026-07-31T07:16:56,[],3050,309,56
badgen/badgen.net,typescript,https://github.com/badgen/badgen.net.git,4073645,2018-06-26,2026-07-28T01:37:37,"[""badge"", ""badge-generator"", ""badgen"", ""live-badges"", ""service"", ""svg""]",1552,140,61
graphile/starter,typescript,https://github.com/graphile/starter.git,4073647,2019-04-15,2026-03-23T11:51:30,"[""apollo-client"", ""eslint"", ""graphile"", ""graphql"", ""job-queue"", ""node"", ""nodejs"", ""postgraphile"", ""postgresql"", ""saas"", ""saas-boilerplate"", ""starter"", ""typescript""]",1825,228,43
figma-linux/figma-linux,typescript,https://github.com/figma-linux/figma-linux.git,4073648,2017-12-26,2023-02-28T08:59:25,[],2145,139,29
dart-code/dart-code,typescript,https://github.com/dart-code/dart-code.git,4073651,2016-07-30,2026-08-04T01:42:21,"[""dart"", ""flutter"", ""typescript"", ""vscode"", ""vscode-extension""]",1605,344,58
mathjax/mathjax-src,typescript,https://github.com/mathjax/mathjax-src.git,4073652,2016-02-23,2026-08-02T04:47:50,"[""a11y"", ""asciimath"", ""latex"", ""mathjax"", ""mathml"", ""next-generation""]",2391,241,23
actions/setup-node,typescript,https://github.com/actions/setup-node.git,4073654,2019-05-30,2026-08-05T04:26:16,[],4916,1707,106
nestjs/nest-cli,typescript,https://github.com/nestjs/nest-cli.git,4073655,2017-05-15,2026-08-03T06:12:13,"[""cli"", ""hacktoberfest"", ""javascript"", ""javascript-framework"", ""nest"", ""nest-cli"", ""nestjs"", ""nodejs"", ""typescript"", ""typescript-framework""]",2183,459,135
aws/aws-toolkit-vscode,typescript,https://github.com/aws/aws-toolkit-vscode.git,4073658,2018-07-20,2026-08-05T01:26:27,"[""amazon"", ""amazon-q"", ""aws"", ""cdk"", ""cloudformation"", ""codecatalyst"", ""codewhisperer"", ""lambda"", ""s3"", ""serverless"", ""vscode"", ""vscode-extension""]",1996,812,258
betterthantomorrow/calva,typescript,https://github.com/betterthantomorrow/calva.git,4073659,2018-03-15,2026-07-26T04:11:22,[],2074,248,157
binaryify/onedark-pro,typescript,https://github.com/binaryify/onedark-pro.git,4073660,2016-09-04,2026-07-30T06:52:36,"[""onedark"", ""onedark-pro"", ""onedarkpro"", ""theme"", ""vscode"", ""vscode-theme""]",1772,302,64
justfly1984/react-google-maps-api,typescript,https://github.com/justfly1984/react-google-maps-api.git,4073666,2018-11-25,2026-05-07T10:44:16,"[""gatsby"", ""google-map"", ""google-map-react"", ""google-maps"", ""google-maps-api"", ""google-maps-javascript"", ""google-maps-javascript-api"", ""google-maps-react"", ""react"", ""react-google-map"", ""react-google-map-example"", ""react-google-maps"", ""react-google-maps-api""]",1967,458,101
graphql-nexus/nexus-plugin-prisma,typescript,https://github.com/graphql-nexus/nexus-plugin-prisma.git,4073674,2018-12-02,2026-07-25T11:30:20,"[""crud"", ""graphql"", ""nexus"", ""prisma"", ""type-safety""]",816,119,43
tzahi12345/youtubedl-material,typescript,https://github.com/tzahi12345/youtubedl-material.git,4073676,2018-01-14,2026-03-08T03:33:46,"[""downloader"", ""youtube"", ""youtube-dl""]",3135,322,79
graphile/worker,typescript,https://github.com/graphile/worker.git,4073681,2019-03-01,2026-07-08T08:00:19,"[""graphile"", ""job-queue"", ""node"", ""nodejs"", ""postgres"", ""postgresql"", ""queue"", ""worker""]",2317,119,57
graviton-code-editor/graviton-app,typescript,https://github.com/graviton-code-editor/graviton-app.git,4073682,2018-12-17,2024-01-13T05:54:54,"[""cargo"", ""css"", ""deno"", ""desktop"", ""editor"", ""free"", ""graviton"", ""hacktoberfest"", ""javascript"", ""opensource"", ""rust"", ""tauri"", ""typescript""]",1117,123,47
googleapis/nodejs-storage,typescript,https://github.com/googleapis/nodejs-storage.git,4073684,2017-07-26,2026-03-03T09:43:50,"[""nodejs"", ""storage""]",941,394,101
antvis/g,typescript,https://github.com/antvis/g.git,4073686,2017-11-20,2026-03-01T02:35:40,"[""2d-graphics"", ""antv"", ""antvis"", ""canvas"", ""visualization"", ""webgl"", ""webgpu""]",1202,229,40
unchartedbull/octodash,typescript,https://github.com/unchartedbull/octodash.git,4073687,2019-07-03,2026-08-05T10:02:47,"[""3d-printing"", ""hacktoberfest"", ""octoprint"", ""octoprint-plugin""]",1061,230,30
malsync/malsync,typescript,https://github.com/malsync/malsync.git,4073689,2018-08-12,2026-08-05T04:25:32,"[""anilist"", ""anime"", ""crunchyroll"", ""gogoanime"", ""hacktoberfest"", ""kitsu"", ""mal"", ""mal-sync"", ""manga"", ""mangadex"", ""myanimelist"", ""plex"", ""scrobble"", ""simkl"", ""sync"", ""userscript""]",2942,361,176
microsoftgraph/microsoft-graph-toolkit,typescript,https://github.com/microsoftgraph/microsoft-graph-toolkit.git,4073690,2019-02-28,2026-07-08T05:22:53,"[""devxeng"", ""hacktoberfest"", ""mgt"", ""mgt-react"", ""microsoft-graph"", ""microsoft-graph-toolkit"", ""microsoft-teams"", ""msal"", ""people-picker"", ""person-card"", ""react"", ""sharepoint"", ""spfx"", ""tasks"", ""todo"", ""web-components""]",1065,362,89
baku89/glisp,typescript,https://github.com/baku89/glisp.git,4073691,2020-04-07,2024-01-09T01:45:42,"[""computational-art"", ""creative-coding"", ""design"", ""generative-art"", ""graphics"", ""lisp"", ""lisp-interpreter""]",957,27,6
xjh22222228/nav,typescript,https://github.com/xjh22222228/nav.git,4073692,2018-04-26,2025-12-21T01:54:50,"[""ai-awesome"", ""angular"", ""nav"", ""navigation"", ""netlify"", ""nextjs"", ""ng-zorro-antd"", ""vercel""]",3123,2289,8
po-ui/po-angular,typescript,https://github.com/po-ui/po-angular.git,4073693,2019-06-25,2026-08-03T09:29:36,"[""angular"", ""angular-components"", ""enterprise"", ""frontend"", ""hacktoberfest"", ""po"", ""po-ui"", ""ui-components""]",1012,239,75
deltachat/deltachat-desktop,typescript,https://github.com/deltachat/deltachat-desktop.git,4073694,2018-08-20,2026-08-05T11:49:49,"[""autocrypt"", ""chat"", ""deltachat-desktop"", ""e2ee"", ""electron"", ""email"", ""federated"", ""imap"", ""instant-messaging"", ""messenger"", ""smtp"", ""typescript""]",1563,241,75
dojo/framework,typescript,https://github.com/dojo/framework.git,4073696,2018-07-09,2023-04-10T11:38:44,[],557,78,44
microsoftgraph/msgraph-sdk-javascript,typescript,https://github.com/microsoftgraph/msgraph-sdk-javascript.git,4073701,2016-09-22,2026-06-18T10:22:59,"[""devxeng"", ""js-sdk"", ""microsoft-graph"", ""microsoft-graph-sdk"", ""typescript""]",830,234,52
redhat-developer/yaml-language-server,typescript,https://github.com/redhat-developer/yaml-language-server.git,4073708,2017-07-23,2026-08-05T07:12:18,"[""language-server"", ""yaml"", ""yaml-support""]",1504,341,95
hyoo-ru/mam_mol,typescript,https://github.com/hyoo-ru/mam_mol.git,4073709,2016-05-10,2026-07-24T10:28:34,"[""bem"", ""bundler"", ""components"", ""framework"", ""isomorphic"", ""javascript"", ""lazy-evaluation"", ""lazy-loading"", ""lazy-rendering"", ""mam"", ""micro-modular"", ""mol"", ""oorp"", ""reactivity"", ""self-descriptive"", ""typescript"", ""virtual-rendering""]",743,68,37
wowanalyzer/wowanalyzer,typescript,https://github.com/wowanalyzer/wowanalyzer.git,4073714,2017-01-30,2026-08-03T05:33:18,"[""analyzer"", ""hacktoberfest"", ""javascript"", ""log"", ""react"", ""typescript"", ""warcraft"", ""warcraftlogs"", ""world-of-warcraft"", ""wow"", ""wowanalyzer""]",592,708,285
badgateway/ketting,typescript,https://github.com/badgateway/ketting.git,4073715,2016-12-28,2026-05-20T03:17:12,"[""hacktoberfest"", ""hal"", ""hateoas"", ""hateoas-hal"", ""http"", ""hypermedia-client"", ""javascript"", ""rest""]",573,33,21
dataform-co/dataform,typescript,https://github.com/dataform-co/dataform.git,4073719,2018-09-03,2026-08-05T06:13:07,[],990,203,70
enisdenjo/graphql-ws,typescript,https://github.com/enisdenjo/graphql-ws.git,4073720,2020-07-29,2026-08-04T04:24:19,"[""apollo"", ""client"", ""express"", ""fastify"", ""graphql"", ""observables"", ""protocol"", ""relay"", ""server"", ""subscriptions"", ""the-guild"", ""transport"", ""uwebsockets"", ""websockets""]",1871,176,54
y-lohse/inkjs,typescript,https://github.com/y-lohse/inkjs.git,4073724,2016-05-25,2026-08-01T05:51:36,"[""game-development"", ""inkjs"", ""story""]",649,123,34
carbon-design-system/carbon-charts,typescript,https://github.com/carbon-design-system/carbon-charts.git,4073730,2018-07-31,2024-06-18T07:48:57,"[""angular"", ""carbon-design-system"", ""charts"", ""d3"", ""d3js"", ""dataviz"", ""hacktoberfest"", ""ibm"", ""javascript"", ""react"", ""svelte"", ""typescript"", ""vanilla"", ""vue""]",875,182,57
fullstack-build/tslog,typescript,https://github.com/fullstack-build/tslog.git,4073731,2020-04-23,2026-07-25T06:27:43,"[""error-handling"", ""exceptions"", ""json"", ""json-api"", ""logger"", ""logging"", ""logging-library"", ""pretty-print"", ""stack"", ""stacktrace"", ""typescript-library""]",1629,73,28
noovolari/leapp,typescript,https://github.com/noovolari/leapp.git,4073733,2020-07-28,2026-05-16T10:43:32,"[""aws"", ""aws-credentials"", ""aws-creds"", ""azure"", ""azure-cli"", ""cloud"", ""credential-manager"", ""electron"", ""hacktoberfest"", ""saml-sso-url"", ""temporary-credentials""]",1751,168,49
umijs/fabric,typescript,https://github.com/umijs/fabric.git,4073734,2019-06-23,2023-12-05T01:30:09,"[""antd-design-pro"", ""eslint"", ""fabric"", ""stylelint"", ""typescript""]",627,103,25
kruptein/planarally,typescript,https://github.com/kruptein/planarally.git,4073735,2018-02-21,2026-07-28T11:05:16,"[""battlemap"", ""dnd"", ""map"", ""tabletop""]",535,91,31
koenkk/zigbee-herdsman,typescript,https://github.com/koenkk/zigbee-herdsman.git,4073743,2019-06-15,2026-08-03T07:08:08,"[""hacktoberfest""]",561,377,188
react-hook-form/documentation,typescript,https://github.com/react-hook-form/documentation.git,4073747,2019-05-20,2026-04-19T09:18:49,"[""custom-hooks"", ""form-validation"", ""forms"", ""hacktoberfest"", ""react"", ""react-hooks""]",749,1083,378
yume-chan/ya-webadb,typescript,https://github.com/yume-chan/ya-webadb.git,4073748,2020-01-31,2026-08-05T02:43:30,"[""adb"", ""android"", ""android-debug-bridge"", ""android-phone"", ""scrcpy"", ""webadb"", ""webusb-api""]",3165,407,16
meilisearch/meilisearch-js,typescript,https://github.com/meilisearch/meilisearch-js.git,4073758,2019-10-02,2026-08-05T07:54:57,"[""javascript"", ""meilisearch"", ""nodejs"", ""sdk"", ""typescript""]",868,112,83
urban-bot/urban-bot,typescript,https://github.com/urban-bot/urban-bot.git,4073764,2020-03-23,2024-09-18T05:37:46,"[""bot"", ""bot-framework"", ""chatbot"", ""chatbots"", ""discord"", ""discord-bot"", ""discord-js"", ""facebook-messenger-bot"", ""mobx"", ""react"", ""reactjs"", ""redux"", ""slack-bot"", ""telegram"", ""telegram-bot""]",558,30,5
kanaries/rath,typescript,https://github.com/kanaries/rath.git,4073767,2019-08-28,2026-07-17T12:08:58,"[""augmented-analytics"", ""automated-data-analysis"", ""automated-visualization"", ""autovis"", ""causal-discovery"", ""causal-inference"", ""causality"", ""data-analysis"", ""data-exploration"", ""data-visualization"", ""datamining"", ""eda"", ""k6s"", ""kanaries"", ""machine-learning"", ""tableau"", ""tableau-alternative"", ""visualization""]",4664,383,18
molstar/molstar,typescript,https://github.com/molstar/molstar.git,4073771,2018-01-17,2026-08-03T10:31:32,"[""global-illumination"", ""immersive-ar"", ""molecular-graphics"", ""scientific-visualization"", ""virtual-reality"", ""web-graphics"", ""webgl"", ""webgl2"", ""webxr""]",984,251,64
joshuakgoldberg/typestat,typescript,https://github.com/joshuakgoldberg/typestat.git,4073774,2018-11-18,2026-08-05T01:29:24,"[""conversion"", ""javascript"", ""mutations"", ""static-analysis"", ""typescript""]",2254,46,13
web-ridge/react-native-paper-dates,typescript,https://github.com/web-ridge/react-native-paper-dates.git,4073782,2020-08-07,2026-07-31T12:58:12,"[""android"", ""datepicker"", ""hermes"", ""ios"", ""material"", ""material-design"", ""performant"", ""picker"", ""react"", ""react-native"", ""react-native-paper"", ""react-native-web"", ""small"", ""timepicker"", ""translations""]",763,199,59
silentvoid13/templater,typescript,https://github.com/silentvoid13/templater.git,4073839,2020-11-04,2026-08-05T05:45:24,"[""obsidian-md"", ""obsidian-plugin""]",5200,323,72
open-telemetry/opentelemetry-js-contrib,typescript,https://github.com/open-telemetry/opentelemetry-js-contrib.git,4073844,2020-04-15,2026-08-03T02:04:53,[],916,685,329
misode/misode.github.io,typescript,https://github.com/misode/misode.github.io.git,4073849,2019-06-17,2026-07-31T05:43:41,"[""data-pack"", ""datapack"", ""giscus"", ""minecraft""]",903,146,77
maximeheckel/blog.maximeheckel.com,typescript,https://github.com/maximeheckel/blog.maximeheckel.com.git,4073898,2019-08-10,2026-08-05T10:33:18,[],725,93,8
palantir/blueprint,typescript,https://github.com/palantir/blueprint.git,4095274,2016-10-25,2026-08-05T03:23:58,"[""blueprint"", ""components"", ""design"", ""lerna"", ""octo-correct-managed"", ""react"", ""sass"", ""system"", ""table"", ""toolkit"", ""typescript"", ""ui""]",21974,2328,426
hotwired/stimulus,typescript,https://github.com/hotwired/stimulus.git,4095277,2016-12-17,2026-08-03T09:48:19,[],13083,442,87
typescript-eslint/typescript-eslint,typescript,https://github.com/typescript-eslint/typescript-eslint.git,4095278,2019-01-13,2026-08-05T04:00:51,"[""eslint"", ""eslint-plugin"", ""eslintplugin"", ""plugin"", ""tslint"", ""typescript""]",16346,2968,444
cs01/gdbgui,typescript,https://github.com/cs01/gdbgui.git,4095279,2016-10-27,2025-06-29T10:40:49,"[""browser"", ""c"", ""c-plus-plus"", ""debugger"", ""debugger-visualizer"", ""frontend"", ""gdb"", ""gdb-frontend"", ""gdbgui"", ""gnu-debugger"", ""golang"", ""gui"", ""python"", ""reactjs"", ""rust"", ""websockets""]",10108,513,42
shoelace-style/shoelace,typescript,https://github.com/shoelace-style/shoelace.git,4095283,2017-07-25,2026-05-14T01:39:51,"[""css"", ""designsystem"", ""html"", ""javascript"", ""ui"", ""ux"", ""webcomponents""]",13865,920,175
seek-oss/playroom,typescript,https://github.com/seek-oss/playroom.git,4095286,2018-10-29,2026-07-23T05:54:27,"[""design"", ""design-systems"", ""front-end"", ""react""]",4583,188,46
typestack/class-transformer,typescript,https://github.com/typestack/class-transformer.git,4095290,2016-02-09,2026-04-02T08:56:30,"[""exposing-getters"", ""exposing-properties"", ""transformation"", ""typescript""]",7325,520,55
ng-select/ng-select,typescript,https://github.com/ng-select/ng-select.git,4095292,2017-07-02,2026-07-29T01:55:54,"[""angular"", ""angular-components"", ""angular2"", ""angular4"", ""angular5"", ""angular6"", ""angular7"", ""angular8"", ""autocomplete"", ""dropdown"", ""hacktoberfest"", ""multiselect"", ""select"", ""typeahead"", ""ui-select""]",3376,926,137
youzan/zent,typescript,https://github.com/youzan/zent.git,4095296,2017-02-08,2025-07-09T03:06:34,"[""component-library"", ""components"", ""hooks"", ""javascript"", ""react"", ""typescript"", ""ui-components"", ""youzan""]",2255,381,84
scullyio/scully,typescript,https://github.com/scullyio/scully.git,4095297,2019-12-12,2023-08-31T08:57:39,[],2533,259,106
stoplightio/prism,typescript,https://github.com/stoplightio/prism.git,4095299,2016-03-18,2026-08-05T11:59:37,"[""api-testing"", ""cli"", ""hacktoberfest"", ""http-proxy"", ""mock-server"", ""mocking"", ""oas"", ""openapi"", ""openapi3"", ""postman-collection"", ""prism"", ""stoplight-oss"", ""stoplight-prism"", ""swagger"", ""swagger-oss""]",5000,413,87
leekhub/leek-fund,typescript,https://github.com/leekhub/leek-fund.git,4095302,2020-08-02,2026-06-30T09:25:36,"[""fund"", ""leek-fund"", ""stock"", ""typescript"", ""vscode""]",3776,571,31
naver/egjs-flicking,typescript,https://github.com/naver/egjs-flicking.git,4095306,2017-04-28,2026-07-20T08:34:10,"[""angular"", ""carousel"", ""desktop"", ""egjs"", ""iscroll"", ""javascript"", ""mobile"", ""react"", ""reactjs"", ""slider"", ""tablet"", ""typescript"", ""vue""]",2924,139,27
iotaledger/iota.js,typescript,https://github.com/iotaledger/iota.js.git,4095307,2016-09-10,2023-11-17T03:49:07,"[""iota"", ""iota-javascript-library"", ""iota-library""]",964,344,47
seek-oss/braid-design-system,typescript,https://github.com/seek-oss/braid-design-system.git,4095308,2018-10-01,2026-08-05T05:03:40,"[""babel"", ""css-modules"", ""design-system"", ""front-end"", ""owner-experience-platforms"", ""react"", ""style-guide"", ""webpack""]",1571,99,39
just-jeb/angular-builders,typescript,https://github.com/just-jeb/angular-builders.git,4095309,2018-07-03,2026-08-02T08:31:43,"[""angular"", ""angular-cli"", ""angular15"", ""angular16"", ""angular17"", ""angular18"", ""build"", ""builder"", ""builders"", ""custom"", ""customization"", ""customized-builds"", ""dev-server"", ""extend"", ""ivy"", ""jest"", ""jest-test"", ""unit-test"", ""webpack"", ""webpack-dev-server""]",1161,209,55
heremaps/harp.gl,typescript,https://github.com/heremaps/harp.gl.git,4095310,2018-08-20,2023-02-03T08:16:26,[],1236,181,45
threema-ch/threema-web,typescript,https://github.com/threema-ch/threema-web.git,4095311,2017-02-08,2026-08-05T07:42:53,"[""angularjs"", ""messenger"", ""threema"", ""web"", ""webclient""]",1067,109,32
nestjs/swagger,typescript,https://github.com/nestjs/swagger.git,4095312,2017-10-01,2026-08-04T10:36:28,"[""hacktoberfest"", ""javascript"", ""nest"", ""nestjs"", ""nodejs"", ""swagger"", ""typescript""]",1888,551,204
smapiot/piral,typescript,https://github.com/smapiot/piral.git,4095313,2019-02-15,2026-08-05T04:06:15,"[""app"", ""awesome"", ""blazing"", ""frontend"", ""hacktoberfest"", ""micro-frontend"", ""microfrontend"", ""microfrontends"", ""microfrontends-demo"", ""microservices"", ""modules"", ""nextgen"", ""piral"", ""portal"", ""react"", ""spa"", ""typescript"", ""web"", ""webapp"", ""webapplication""]",1921,137,46
angular-eslint/angular-eslint,typescript,https://github.com/angular-eslint/angular-eslint.git,4095316,2019-07-28,2026-07-23T09:07:27,"[""angular"", ""eslint"", ""typescript""]",1780,273,125
swimlane/ngx-ui,typescript,https://github.com/swimlane/ngx-ui.git,4095320,2016-08-17,2026-08-04T08:49:25,"[""angular"", ""component"", ""css"", ""dialog"", ""directive"", ""drawer"", ""hacktoberfest"", ""icons"", ""library"", ""select"", ""split"", ""styles"", ""tabs"", ""tree""]",734,115,51
yuki-yano/fzf-preview.vim,typescript,https://github.com/yuki-yano/fzf-preview.vim.git,4095322,2018-03-18,2023-03-14T05:31:46,[],858,36,17
pnp/pnpjs,typescript,https://github.com/pnp/pnpjs.git,4095325,2017-09-01,2026-07-21T04:36:09,"[""hacktoberfest"", ""pnpjs"", ""sharepoint""]",853,310,103
org-formation/org-formation-cli,typescript,https://github.com/org-formation/org-formation-cli.git,4095326,2019-08-22,2026-01-19T08:41:07,"[""aws"", ""best-practices"", ""cli"", ""cloudformation"", ""controltower"", ""devops"", ""hacktoberfest"", ""landing-zone"", ""organizations"", ""patterns"", ""tool""]",1483,133,41
projen/projen,typescript,https://github.com/projen/projen.git,4095330,2020-05-11,2026-08-05T05:16:12,"[""aws-cdk"", ""cdk"", ""constructs"", ""generator"", ""hacktoberfest"", ""jsii"", ""repository-management"", ""repository-tools"", ""scaffolding"", ""templates"", ""typescript""]",2938,410,242
puzzle-js/puzzle-js,typescript,https://github.com/puzzle-js/puzzle-js.git,4095331,2018-03-24,2024-11-28T06:41:29,"[""backend-for-frontend"", ""fragments"", ""framework"", ""front-end-microservice"", ""isomorphic"", ""javascript"", ""micro-frontends"", ""microservice-framework"", ""nodejs""]",646,42,25
formidablelabs/renature,typescript,https://github.com/formidablelabs/renature.git,4095332,2019-12-02,2023-05-11T06:13:18,"[""animation"", ""physics"", ""react"", ""reasonml"", ""rescript"", ""typescript""]",600,11,14
stomp-js/stompjs,typescript,https://github.com/stomp-js/stompjs.git,4095336,2018-05-25,2026-05-07T03:14:49,"[""messaging"", ""rabbitmq"", ""stomp"", ""stompclient"", ""stompjs"", ""websocket""]",881,95,18
edrlab/thorium-reader,typescript,https://github.com/edrlab/thorium-reader.git,4095349,2017-03-20,2026-08-05T01:10:20,"[""electron"", ""epub"", ""epub-reader"", ""epub3"", ""lcp"", ""opds"", ""opds-feed"", ""react"", ""reader"", ""redux"", ""typescript""]",2814,232,38
gvergnaud/ts-pattern,typescript,https://github.com/gvergnaud/ts-pattern.git,4095498,2020-05-24,2026-07-28T03:53:32,"[""branching"", ""conditions"", ""exhaustive"", ""inference"", ""javascript"", ""matching"", ""pattern"", ""pattern-matching"", ""ts"", ""type-inference"", ""typescript""]",15110,172,26
nestjs/terminus,typescript,https://github.com/nestjs/terminus.git,4095546,2018-08-24,2026-06-29T05:56:06,"[""javascript"", ""nest"", ""nestjs"", ""node"", ""nodejs"", ""typescript""]",740,107,40
koishijs/koishi,typescript,https://github.com/koishijs/koishi.git,4095582,2019-12-03,2026-03-08T04:36:46,"[""bot"", ""chatbot"", ""discord"", ""feishu"", ""framework"", ""koishi"", ""koishijs"", ""lark"", ""line"", ""mail"", ""matrix"", ""onebot"", ""sdk"", ""telegram""]",5486,295,49
espressif/vscode-esp-idf-extension,typescript,https://github.com/espressif/vscode-esp-idf-extension.git,4095955,2018-11-21,2026-08-05T06:55:33,[],1454,349,52
attojs/vue-request,typescript,https://github.com/attojs/vue-request.git,4096003,2020-10-20,2025-03-14T01:57:35,"[""axios"", ""composition-api"", ""swr"", ""userequest"", ""vue"", ""vue-request"", ""vue3"", ""vuerequest""]",1349,92,8
thomvaill/log4brains,typescript,https://github.com/thomvaill/log4brains.git,4096008,2020-09-15,2024-12-17T04:51:30,"[""adr"", ""architecture"", ""architecture-decision-records"", ""developer-tools"", ""docs-as-code"", ""documentation"", ""generator"", ""knowledge-base"", ""markdown"", ""static-site-generator"", ""tool"", ""tooling""]",1165,94,9
cosmos/cosmjs,typescript,https://github.com/cosmos/cosmjs.git,4096010,2020-01-22,2026-05-04T04:13:46,[],696,409,93
aave/protocol-v2,typescript,https://github.com/aave/protocol-v2.git,4096028,2020-12-02,2024-05-11T06:15:27,[],646,727,23
rrweb-io/rrweb,typescript,https://github.com/rrweb-io/rrweb.git,4096139,2018-10-06,2026-07-24T10:27:11,"[""fullstory"", ""hotjar"", ""logrocket"", ""recorder"", ""session-replay""]",19934,1675,131
mobxjs/mobx-state-tree,typescript,https://github.com/mobxjs/mobx-state-tree.git,4096140,2016-09-04,2026-08-05T02:22:49,"[""hacktoberfest"", ""mobx"", ""mobx-state-tree"", ""mst"", ""observable"", ""redux"", ""snapshot"", ""state-management"", ""state-tree""]",7047,636,213
kulshekhar/ts-jest,typescript,https://github.com/kulshekhar/ts-jest.git,4096143,2016-08-30,2026-08-05T10:13:04,"[""jest"", ""testing"", ""typescript""]",7075,476,178
microsoft/vscode-cpptools,typescript,https://github.com/microsoft/vscode-cpptools.git,4096147,2016-03-26,2026-08-05T02:52:25,"[""microsoft"", ""typescript"", ""vscode-extension""]",6145,1738,130
vuejs/vuefire,typescript,https://github.com/vuejs/vuefire.git,4096219,2016-01-07,2026-04-15T03:00:14,"[""database"", ""firebase"", ""firestore"", ""nuxt"", ""pinia"", ""realtime"", ""vue"", ""vuex""]",3910,341,74
jef/streetmerchant,typescript,https://github.com/jef/streetmerchant.git,4096238,2020-09-18,2026-04-08T07:57:04,"[""bot"", ""hacktoberfest"", ""shopping""]",5394,1330,277
tradingview/lightweight-charts,typescript,https://github.com/tradingview/lightweight-charts.git,4096266,2019-05-24,2026-08-05T09:00:24,"[""canvas"", ""charting"", ""charting-library"", ""charts"", ""finance"", ""financial-charting-library"", ""html5-charts"", ""javascript"", ""typescript""]",16874,2563,57
opendatav/datav,typescript,https://github.com/opendatav/datav.git,4096384,2017-09-28,2021-04-25T06:15:04,[],2590,483,3
elastic/eui,typescript,https://github.com/elastic/eui.git,4096409,2017-10-18,2026-08-05T06:49:48,"[""css-in-js"", ""design-system"", ""elasticsearch"", ""eui"", ""kibana"", ""react""]",6340,895,287
awslabs/cdk8s,typescript,https://github.com/awslabs/cdk8s.git,4096699,2017-10-04,2021-03-14T08:03:39,[],2118,159,38
garden-io/garden,typescript,https://github.com/garden-io/garden.git,4096751,2017-12-03,2026-06-10T07:30:09,"[""containers"", ""developer-tools"", ""kubernetes"", ""testing"", ""testing-tools""]",3590,293,102
ajayyy/sponsorblock,typescript,https://github.com/ajayyy/sponsorblock.git,4097005,2019-07-10,2026-08-05T04:44:16,"[""adblock"", ""adblocker"", ""chrome"", ""chrome-extension"", ""chromium"", ""firefox"", ""firefox-extension"", ""hacktoberfest"", ""opera"", ""sponsorblock"", ""sponsored-segments"", ""web-extension"", ""youtube"", ""youtube-videos""]",13516,459,78
erxes/erxes,typescript,https://github.com/erxes/erxes.git,4097051,2016-11-11,2026-08-05T11:26:26,"[""customer-experience"", ""employee-experience"", ""experience-operating-system"", ""front-alternative"", ""hacktoberfest"", ""hacktoberfest2025"", ""hubspot-alternative"", ""intercom-alternative"", ""linear-alternative"", ""medallia-alternative"", ""qualtrics-alternative"", ""wix-alternative"", ""zendesk-alternative""]",4057,1301,198
lukeautry/tsoa,typescript,https://github.com/lukeautry/tsoa.git,4097131,2016-06-17,2026-08-04T06:14:06,"[""hacktoberfest"", ""hacktoberfest2021""]",3972,535,183
redhat-developer/vscode-java,typescript,https://github.com/redhat-developer/vscode-java.git,4097184,2016-08-12,2026-08-05T04:15:22,"[""java"", ""language-server"", ""vscode-extension""]",2294,545,90
cocopon/tweakpane,typescript,https://github.com/cocopon/tweakpane.git,4097185,2016-05-10,2026-03-15T08:28:50,"[""creative-coding"", ""gui"", ""tweakpane"", ""tweaks"", ""zero-dependency""]",4433,122,5
gorhom/react-native-bottom-sheet,typescript,https://github.com/gorhom/react-native-bottom-sheet.git,4097187,2020-07-31,2026-05-09T06:28:02,"[""bottom-sheet"", ""bottomsheet"", ""modal"", ""react-native"", ""reanimated"", ""sheet""]",8933,948,74
bitwarden/cli,typescript,https://github.com/bitwarden/cli.git,4097190,2017-03-16,2022-05-25T02:58:57,[],1584,169,37
pact-foundation/pact-js,typescript,https://github.com/pact-foundation/pact-js.git,4097191,2016-06-03,2026-08-05T06:05:32,"[""consumer-driven-contracts"", ""hacktoberfest"", ""mocha"", ""pact"", ""pact-js"", ""smartbear-supported"", ""test-framework""]",1795,356,100
sorry-cypress/sorry-cypress,typescript,https://github.com/sorry-cypress/sorry-cypress.git,4097192,2019-08-09,2025-08-22T02:50:05,"[""cypress"", ""cypress-dashboard"", ""cypress-io"", ""cypress-tests"", ""dashboard"", ""e2e-tests"", ""hacktoberfest"", ""javascript-tests"", ""parallel"", ""parallelization""]",2779,294,57
zhongantech/zarm,typescript,https://github.com/zhongantech/zarm.git,4097194,2016-07-13,2026-07-29T10:08:16,"[""components"", ""css"", ""javascript"", ""mobile"", ""react"", ""react-components"", ""zarm""]",1723,221,55
microsoft/botframework-composer,typescript,https://github.com/microsoft/botframework-composer.git,4097198,2019-02-14,2025-02-14T05:34:59,"[""bots"", ""chatbots"", ""conversational-ai"", ""microsoft""]",879,377,95
microsoft/botbuilder-js,typescript,https://github.com/microsoft/botbuilder-js.git,4097201,2018-01-10,2026-01-05T06:14:46,"[""bot"", ""bot-framework"", ""bots"", ""js"", ""microsoft-bot-framework"", ""microsoft-cognitive-services"", ""nodejs"", ""sdk""]",730,290,136
aws/amazon-chime-sdk-js,typescript,https://github.com/aws/amazon-chime-sdk-js.git,4097203,2019-10-23,2026-07-24T11:15:08,[],760,476,88
awslabs/aws-solutions-constructs,typescript,https://github.com/awslabs/aws-solutions-constructs.git,4097207,2020-03-19,2026-07-01T11:07:47,"[""architectural-patterns"", ""aws-cdk"", ""constructs""]",1352,268,43
l3tnun/epgstation,typescript,https://github.com/l3tnun/epgstation.git,4097209,2017-09-10,2024-08-06T03:23:00,"[""dtv"", ""dvr"", ""epgstation"", ""mirakurun"", ""typescript""]",540,146,48
roblox-ts/roblox-ts,typescript,https://github.com/roblox-ts/roblox-ts.git,4097211,2018-09-05,2026-07-25T10:24:22,"[""compiler"", ""lua"", ""roblox"", ""roblox-studio"", ""roblox-ts"", ""typescript""]",1280,176,39
kufu/smarthr-ui,typescript,https://github.com/kufu/smarthr-ui.git,4097212,2018-05-10,2026-08-05T12:47:30,"[""hacktoberfest""]",965,148,110
jamaljsr/polar,typescript,https://github.com/jamaljsr/polar.git,4097214,2019-08-09,2026-08-04T05:01:48,"[""bitcoin"", ""bitcoind"", ""c-lightning"", ""docker"", ""electron"", ""lightning"", ""lightning-network"", ""lnd"", ""polar"", ""react""]",859,185,43
tencentcloud/tencentcloud-sdk-nodejs,typescript,https://github.com/tencentcloud/tencentcloud-sdk-nodejs.git,4097222,2018-05-25,2026-08-05T06:42:29,[],600,112,24
github/vscode-codeql,typescript,https://github.com/github/vscode-codeql.git,4097230,2019-09-26,2026-08-05T12:54:44,"[""codeql"", ""vscode"", ""vscode-extension"", ""works-with-codespaces""]",533,238,69
donmccurdy/gltf-transform,typescript,https://github.com/donmccurdy/gltf-transform.git,4097231,2018-09-21,2026-08-04T11:52:12,"[""3d"", ""compression"", ""glb"", ""gltf"", ""mesh-processing"", ""optimization"", ""scene-graph""]",1934,198,38
ulixee/secret-agent,typescript,https://github.com/ulixee/secret-agent.git,4097233,2020-06-24,2023-03-07T03:00:38,[],580,42,5
prisma/docs,typescript,https://github.com/prisma/docs.git,4097235,2020-03-10,2023-04-30T11:03:05,[],808,630,467
expo/eas-cli,typescript,https://github.com/expo/eas-cli.git,4097304,2020-08-12,2026-08-06T01:03:05,"[""android"", ""apps"", ""automation"", ""ci"", ""cicd"", ""cli"", ""cloud"", ""deployment"", ""expo"", ""hosting"", ""ios"", ""mobile"", ""react-native""]",1340,225,96
vercel/hyper,typescript,https://github.com/vercel/hyper.git,4097389,2016-07-01,2026-06-29T11:03:02,"[""css"", ""html"", ""hyper"", ""javascript"", ""linux"", ""macos"", ""react"", ""terminal"", ""terminal-emulators""]",44631,3565,254
streamich/react-use,typescript,https://github.com/streamich/react-use.git,4097391,2018-10-27,2026-06-10T06:51:23,[],43975,3272,162
alibaba/ice,typescript,https://github.com/alibaba/ice.git,4097392,2016-11-03,2026-04-02T11:24:47,"[""framework"", ""icejs"", ""microfrontends"", ""mpa"", ""nodejs"", ""react"", ""react-router"", ""serverless"", ""spa"", ""ssr"", ""typescript"", ""vite"", ""webpack""]",18633,2120,79
marmelab/react-admin,typescript,https://github.com/marmelab/react-admin.git,4097393,2016-07-13,2026-08-05T04:36:34,"[""admin"", ""admin-dashboard"", ""admin-on-rest"", ""admin-ui"", ""frontend-framework"", ""graphql"", ""material-ui"", ""react"", ""react-admin"", ""reactjs"", ""rest"", ""single-page-app""]",26879,5459,352
apollographql/apollo-client,typescript,https://github.com/apollographql/apollo-client.git,4097394,2016-02-26,2026-08-05T05:17:07,"[""apollo-client"", ""apollographql"", ""graphql"", ""graphql-client"", ""typescript""]",19812,2867,398
material-components/material-components-web,typescript,https://github.com/material-components/material-components-web.git,4097395,2016-12-05,2025-01-13T08:42:50,"[""css"", ""javascript"", ""material-components"", ""material-design"", ""web""]",17146,2140,372
tensorflow/tfjs,typescript,https://github.com/tensorflow/tfjs.git,4097398,2018-03-05,2026-06-23T12:04:38,"[""deep-learning"", ""deep-neural-network"", ""gpu-acceleration"", ""javascript"", ""machine-learning"", ""neural-network"", ""typescript"", ""wasm"", ""web-assembly"", ""webgl""]",19134,2026,340
airbnb/visx,typescript,https://github.com/airbnb/visx.git,4097400,2017-03-15,2026-06-22T02:25:22,"[""chart"", ""d3"", ""data-visualization"", ""react"", ""svg"", ""visualization"", ""visx"", ""vx""]",20911,767,162
googlechromelabs/squoosh,typescript,https://github.com/googlechromelabs/squoosh.git,4097401,2018-03-07,2026-07-31T04:33:47,[],25578,1970,65
desktop/desktop,typescript,https://github.com/desktop/desktop.git,4097402,2016-05-11,2026-08-05T08:10:13,"[""electron"", ""git"", ""github"", ""github-desktop"", ""typescript""]",21728,10469,362
botpress/botpress,typescript,https://github.com/botpress/botpress.git,4097406,2016-11-16,2026-08-05T06:54:51,"[""agent"", ""ai"", ""botpress"", ""chatbot"", ""chatgpt"", ""gpt"", ""gpt-4"", ""langchain"", ""llm"", ""nlp"", ""openai"", ""prompt""]",14850,2288,76
vuestorefront/vue-storefront,typescript,https://github.com/vuestorefront/vue-storefront.git,4097407,2017-08-15,2026-02-09T02:08:07,"[""commercetools"", ""e-commerce"", ""ecommerce"", ""ecommerce-platform"", ""headless"", ""headless-commerce"", ""integrations-team"", ""magento"", ""magento2"", ""mobile"", ""nuxt"", ""open-source"", ""pwa"", ""shopify"", ""shopware"", ""storefront"", ""typescript"", ""vue"", ""vue-storefront"", ""vue3""]",10911,2093,273
facebook/flipper,typescript,https://github.com/facebook/flipper.git,4097408,2018-04-12,2025-09-26T03:48:25,[],13422,971,272
aws-amplify/amplify-js,typescript,https://github.com/aws-amplify/amplify-js.git,4097409,2017-10-02,2026-08-04T03:37:36,"[""amazon-cognito"", ""analytics"", ""aws"", ""aws-amplify"", ""aws-apigateway"", ""aws-cognito"", ""aws-mobile"", ""aws-s3"", ""cloud-service"", ""cognito"", ""javascript"", ""metrics"", ""mobile-analytics"", ""pinpoint"", ""pwa"", ""react"", ""react-native"", ""storage""]",9555,2177,361
prisma/prisma,typescript,https://github.com/prisma/prisma.git,4097411,2019-06-20,2026-08-05T08:30:10,"[""cockroachdb"", ""database"", ""javascript"", ""loggy-core"", ""loggy-terminal"", ""mariadb"", ""mongodb"", ""mssql"", ""mysql"", ""nodejs"", ""orm"", ""postgres"", ""postgresql"", ""prisma"", ""prisma-client"", ""query-builder"", ""sql-server"", ""sqlite"", ""sqlserver"", ""typescript""]",47536,2518,21
ng-zorro/ng-zorro-antd,typescript,https://github.com/ng-zorro/ng-zorro-antd.git,4097412,2017-08-08,2026-08-04T09:52:11,"[""angular"", ""angular-components"", ""angular-directives"", ""angular-ui-components"", ""ant"", ""ant-design"", ""antd"", ""enterprise"", ""frontend"", ""ivy"", ""ng-zorro"", ""ngx"", ""typescript"", ""ui-components""]",9165,4051,295
vercel/vercel,typescript,https://github.com/vercel/vercel.git,4097414,2016-09-09,2026-08-03T11:28:16,"[""cli"", ""cloud"", ""command"", ""hosting"", ""jamstack"", ""ship"", ""vercel""]",16028,3720,416
vmware/clarity,typescript,https://github.com/vmware/clarity.git,4097477,2016-09-29,2022-05-19T12:39:36,[],6461,761,92
tensorflow/tensorboard,typescript,https://github.com/tensorflow/tensorboard.git,4097648,2017-05-15,2026-07-30T12:14:40,[],7197,1709,293
naver/billboard.js,typescript,https://github.com/naver/billboard.js.git,4097730,2017-06-08,2026-08-04T12:38:39,"[""canvas"", ""charting-library"", ""d3"", ""data-visualizations"", ""graph"", ""svg""]",6004,356,148
draft-js-plugins/draft-js-plugins,typescript,https://github.com/draft-js-plugins/draft-js-plugins.git,4097939,2016-02-26,2026-03-18T12:40:25,"[""draft-js"", ""draft-js-plugins"", ""hashtags"", ""mentions"", ""react"", ""stickers""]",4099,1053,187
grpc/grpc-node,typescript,https://github.com/grpc/grpc-node.git,4098348,2017-08-02,2026-06-17T04:50:46,"[""grpc"", ""hacktoberfest""]",4832,700,200
maticzav/graphql-shield,typescript,https://github.com/maticzav/graphql-shield.git,4098350,2018-02-11,2026-07-12T06:10:48,"[""apollo"", ""graphql"", ""graphql-yoga"", ""hacktoberfest"", ""permissions"", ""server"", ""shield""]",3578,184,54
google/model-viewer,typescript,https://github.com/google/model-viewer.git,4098352,2018-10-18,2026-07-07T09:23:39,"[""3d"", ""3d-models"", ""augmented-reality"", ""glb"", ""gltf"", ""magic-leap"", ""model-viewer"", ""three-js"", ""webcomponents"", ""webxr""]",8156,936,112
kubeapps/kubeapps,typescript,https://github.com/kubeapps/kubeapps.git,4098355,2017-10-19,2022-01-08T04:47:17,[],3032,583,77
mockoon/mockoon,typescript,https://github.com/mockoon/mockoon.git,4098356,2017-07-17,2026-08-04T06:23:49,"[""api"", ""application"", ""desktop"", ""electron"", ""mock"", ""mock-api"", ""mock-data"", ""mock-server"", ""mocking"", ""mocking-server"", ""mocking-utility"", ""openapi"", ""openapi3"", ""prototyping"", ""rest"", ""rest-api"", ""server"", ""swagger""]",8349,465,60
pair-code/lit,typescript,https://github.com/pair-code/lit.git,4098357,2020-07-28,2026-07-29T11:56:00,"[""machine-learning"", ""natural-language-processing"", ""visualization""]",3658,371,37
microsoft/rushstack,typescript,https://github.com/microsoft/rushstack.git,4098359,2016-09-30,2026-08-05T07:33:28,"[""api"", ""api-extractor"", ""build"", ""bulk-suppressions"", ""eslint"", ""hacktoberfest"", ""heft"", ""lockfile-explorer"", ""monorepo"", ""nodejs"", ""orchestrator"", ""rush"", ""rushstack"", ""toolchain"", ""tsdoc"", ""typescript""]",6481,701,305
sanity-io/sanity,typescript,https://github.com/sanity-io/sanity.git,4098360,2017-01-18,2026-08-05T06:52:21,"[""cms"", ""headless"", ""react"", ""reactjs"", ""real-time"", ""realtime""]",6257,547,179
premieroctet/openchakra,typescript,https://github.com/premieroctet/openchakra.git,4098362,2020-01-17,2024-06-06T02:01:45,"[""hacktoberfest""]",2927,287,11
aws-amplify/amplify-cli,typescript,https://github.com/aws-amplify/amplify-cli.git,4098363,2018-08-23,2026-08-05T09:26:36,"[""analytics"", ""api"", ""authentication"", ""aws"", ""aws-amplify"", ""aws-appsync"", ""aws-fargate"", ""aws-lambda"", ""cli"", ""fullstack"", ""graphql"", ""lambda-functions"", ""mobile-development"", ""notifications"", ""predictions"", ""serverless"", ""serverless-containers"", ""storage"", ""web-development""]",2872,822,293
prisma/prisma-examples,typescript,https://github.com/prisma/prisma-examples.git,4098364,2018-08-15,2026-08-05T07:49:10,"[""boilerplate"", ""examples"", ""graphql"", ""nodejs"", ""prisma"", ""prisma-client"", ""typescript""]",6642,1472,115
frontity/frontity,typescript,https://github.com/frontity/frontity.git,4098365,2019-02-26,2023-04-19T02:39:51,[],2845,248,38
ueokande/vim-vixen,typescript,https://github.com/ueokande/vim-vixen.git,4098366,2017-08-11,2023-03-21T04:01:51,[],2139,148,41
percona/grafana-dashboards,typescript,https://github.com/percona/grafana-dashboards.git,4098367,2016-01-22,2026-04-02T07:10:58,"[""dashboards"", ""monitoring"", ""pmm"", ""query-analytics""]",2899,1548,68
actionsflow/actionsflow,typescript,https://github.com/actionsflow/actionsflow.git,4098369,2020-09-29,2025-10-21T07:56:12,"[""actions"", ""actionsflow"", ""automate"", ""hacktoberfest"", ""ifttt"", ""workflow"", ""zapier""]",3300,140,11
slackapi/bolt-js,typescript,https://github.com/slackapi/bolt-js.git,4098370,2016-07-19,2026-08-03T10:17:21,"[""framework"", ""javascript"", ""slack"", ""slack-apps"", ""socket-mode"", ""typescript"", ""websocket"", ""websocket-client"", ""websockets""]",2935,440,152
expo/expo-cli,typescript,https://github.com/expo/expo-cli.git,4098371,2018-04-10,2023-12-30T01:33:59,"[""cli"", ""expo"", ""react-native"", ""react-native-web"", ""webpack""]",2584,503,177
coralproject/talk,typescript,https://github.com/coralproject/talk.git,4098372,2016-10-31,2026-07-07T07:19:12,"[""comments"", ""comments-widget"", ""graphql"", ""javascript"", ""journalism"", ""nodejs"", ""react"", ""typescript""]",1991,373,60
microsoft/vscode-pull-request-github,typescript,https://github.com/microsoft/vscode-pull-request-github.git,4098375,2018-05-24,2026-08-05T10:44:27,"[""code-review"", ""github"", ""pull-requests"", ""vscode""]",2614,780,152
azuread/microsoft-authentication-library-for-js,typescript,https://github.com/azuread/microsoft-authentication-library-for-js.git,4098376,2017-02-24,2026-08-05T11:29:34,[],4108,2722,215
golang/vscode-go,typescript,https://github.com/golang/vscode-go.git,4098379,2020-03-06,2026-08-03T05:17:48,"[""debugger"", ""golang"", ""visual-studio-code"", ""vscode"", ""vscode-extension""]",4259,920,318
sparrow-js/sparrow,typescript,https://github.com/sparrow-js/sparrow.git,4098380,2020-01-30,2025-02-01T10:02:34,"[""editor"", ""element-ui"", ""low-code"", ""lowcode"", ""site-generator"", ""sparrow"", ""sparrow-js"", ""sparrowjs"", ""vue"", ""vue-admin"", ""vue-builder""]",3133,457,2
builderio/builder,typescript,https://github.com/builderio/builder.git,4098382,2019-01-30,2026-08-05T01:04:41,"[""angular"", ""builder"", ""cms"", ""drag-drop"", ""frontend"", ""gatsby"", ""headless"", ""headless-cms"", ""landing-pages"", ""next-js"", ""nocode"", ""page-builder"", ""pwa"", ""qwik"", ""react"", ""react-native"", ""shopify"", ""vue"", ""webcomponents"", ""wysiwyg""]",8795,1161,101
intuit/auto,typescript,https://github.com/intuit/auto.git,4098383,2018-12-03,2026-06-18T05:17:28,"[""auto-release"", ""github"", ""hack"", ""hacktoberfest"", ""jira"", ""publishing"", ""release"", ""releases"", ""slack""]",2496,219,98
aws/jsii,typescript,https://github.com/aws/jsii.git,4098384,2017-10-04,2026-08-05T02:54:53,"[""aws"", ""cross-language"", ""hacktoberfest"", ""node"", ""typescript""]",2865,268,125
wireapp/wire-desktop,typescript,https://github.com/wireapp/wire-desktop.git,4098385,2016-07-26,2026-08-04T11:18:55,"[""desktop"", ""electron"", ""hacktoberfest"", ""wire""]",1126,235,60
cds-snc/covid-alert-app,typescript,https://github.com/cds-snc/covid-alert-app.git,4098390,2020-06-01,2022-06-23T01:48:54,[],903,110,57
shopify/quilt,typescript,https://github.com/shopify/quilt.git,4098391,2018-03-27,2025-01-10T02:26:54,[],1699,225,266
nestjs/graphql,typescript,https://github.com/nestjs/graphql.git,4098395,2017-12-15,2026-08-03T10:06:20,"[""apollo"", ""apollographql"", ""graphql"", ""hacktoberfest"", ""javascript"", ""nest"", ""nestjs"", ""nodejs"", ""typescript""]",1548,430,137
forcedotcom/salesforcedx-vscode,typescript,https://github.com/forcedotcom/salesforcedx-vscode.git,4098396,2017-06-21,2026-08-05T07:54:42,"[""apex"", ""lightning"", ""salesforce"", ""salesforcedx"", ""typescript"", ""vscode-debugger"", ""vscode-extension"", ""vscode-language""]",1034,453,128
opensheetmusicdisplay/opensheetmusicdisplay,typescript,https://github.com/opensheetmusicdisplay/opensheetmusicdisplay.git,4098397,2016-02-08,2026-07-29T06:30:03,"[""digital-sheet-music"", ""headless"", ""music"", ""music-notation"", ""musicxml"", ""mxl"", ""sheet-music"", ""sheet-music-viewer"", ""sheetmusic"", ""typescript"", ""vexflow""]",1930,371,49
snosme/awakened-poe-trade,typescript,https://github.com/snosme/awakened-poe-trade.git,4098398,2020-01-07,2026-08-02T06:50:19,"[""electron"", ""no-ai"", ""pathofexile"", ""vue""]",2553,734,34
angular/vscode-ng-language-service,typescript,https://github.com/angular/vscode-ng-language-service.git,4098399,2016-09-23,2025-11-21T08:24:54,[],800,124,38
jmcdo29/testing-nestjs,typescript,https://github.com/jmcdo29/testing-nestjs.git,4098400,2019-07-25,2025-04-27T09:52:37,"[""cqrs"", ""examples"", ""graphql"", ""hacktoberfest"", ""interceptor"", ""mongo"", ""nestjs"", ""pipes"", ""rest"", ""testing"", ""typeorm""]",2975,379,16
google/neuroglancer,typescript,https://github.com/google/neuroglancer.git,4098402,2016-05-27,2026-07-31T10:46:42,[],1346,376,64
microsoft/accessibility-insights-web,typescript,https://github.com/microsoft/accessibility-insights-web.git,4098404,2018-12-07,2026-08-04T08:33:51,"[""accessibility"", ""accessibility-insights"", ""chromeextension"", ""hacktoberfest"", ""reactjs"", ""typescript""]",911,175,75
alosaur/alosaur,typescript,https://github.com/alosaur/alosaur.git,4098405,2019-03-29,2026-07-24T10:18:25,"[""decorators"", ""deno"", ""middleware"", ""mvc""]",818,47,22
linode/manager,typescript,https://github.com/linode/manager.git,4098406,2016-05-16,2026-04-23T06:00:57,"[""akamai"", ""linode"", ""linode-api"", ""linode-manager"", ""reactjs"", ""tanstack-react-query"", ""tanstack-router"", ""typescript""]",736,402,148
radix-ui/primitives,typescript,https://github.com/radix-ui/primitives.git,4098409,2020-06-19,2026-07-31T09:21:51,"[""accessibility"", ""colors"", ""component-library"", ""design-systems"", ""radix-ui"", ""react"", ""ui"", ""ui-components"", ""ui-kit""]",19126,1221,97
quramy/ts-graphql-plugin,typescript,https://github.com/quramy/ts-graphql-plugin.git,4098410,2017-04-06,2026-08-05T04:59:50,"[""graphql"", ""language-server"", ""plugin"", ""typescript""]",759,28,15
ant-design/ant-design-icons,typescript,https://github.com/ant-design/ant-design-icons.git,4098412,2018-06-29,2026-07-06T01:25:51,"[""angular"", ""ant-design"", ""antd"", ""icons"", ""react"", ""svg-icons"", ""vue""]",1082,586,66
patternfly/patternfly-react,typescript,https://github.com/patternfly/patternfly-react.git,4098414,2017-03-08,2026-08-04T10:49:02,"[""design-system"", ""design-tokens"", ""hacktoberfest"", ""patternfly"", ""react-components"", ""reactjs"", ""typescript""]",859,392,187
igniteui/igniteui-angular,typescript,https://github.com/igniteui/igniteui-angular.git,4098415,2016-02-11,2026-08-05T10:33:08,"[""angular"", ""angular-charts"", ""angular-components"", ""angular-datatable"", ""angular-grid"", ""angular-table"", ""igniteui"", ""infragistics"", ""progressive-web-apps"", ""typescript"", ""ui-components""]",602,160,114
cdimascio/express-openapi-validator,typescript,https://github.com/cdimascio/express-openapi-validator.git,4098416,2019-03-19,2026-08-04T03:04:08,"[""connect-middleware"", ""express"", ""express-middleware"", ""expressjs"", ""hacktoberfest"", ""middleware"", ""nodejs"", ""openapi"", ""openapi-validator"", ""openapi3"", ""request-validation"", ""rest-api""]",1005,238,108
nexus-mods/vortex,typescript,https://github.com/nexus-mods/vortex.git,4098417,2016-09-05,2026-08-05T08:13:10,[],1455,217,38
pnp/cli-microsoft365,typescript,https://github.com/pnp/cli-microsoft365.git,4098419,2017-10-12,2026-08-05T10:21:44,"[""azure"", ""azure-active-directory"", ""cli"", ""entra-id"", ""hacktoberfest"", ""microsoft"", ""microsoft-365"", ""microsoft-graph"", ""microsoft-planner"", ""microsoft-power-apps"", ""microsoft-power-automate"", ""microsoft-teams"", ""microsoft-viva"", ""microsoft365"", ""office-365"", ""office365"", ""sharepoint"", ""sharepoint-framework"", ""sharepoint-online"", ""spfx""]",1414,404,148
artifacthub/hub,typescript,https://github.com/artifacthub/hub.git,4098421,2020-01-14,2026-07-07T02:27:20,"[""cloud-native"", ""cncf"", ""kubernetes"", ""packages""]",2054,302,48
marus/cortex-debug,typescript,https://github.com/marus/cortex-debug.git,4098422,2018-01-02,2026-08-05T04:51:50,[],1237,286,70
pagopa/io-app,typescript,https://github.com/pagopa/io-app.git,4098423,2017-04-11,2026-08-05T04:13:54,"[""android"", ""cie"", ""io-app"", ""ios"", ""react-native"", ""spid""]",704,121,100
chainsafe/lodestar,typescript,https://github.com/chainsafe/lodestar.git,4098425,2018-06-22,2026-08-05T08:28:52,"[""beacon-chain"", ""blockchain"", ""eth2"", ""ethereum"", ""proof-of-stake"", ""serenity"", ""typescript""]",1417,474,141
microsoft/pxt-arcade,typescript,https://github.com/microsoft/pxt-arcade.git,4098430,2018-01-17,2026-08-05T10:34:17,"[""makecode""]",542,256,63
adobe/spectrum-web-components,typescript,https://github.com/adobe/spectrum-web-components.git,4098431,2018-11-19,2026-08-05T10:21:19,"[""adobe"", ""spectrum"", ""webcomponents""]",1527,257,111
azure/api-management-developer-portal,typescript,https://github.com/azure/api-management-developer-portal.git,4098446,2019-01-29,2026-07-25T08:57:02,"[""api-management"", ""azure"", ""developer-portal"", ""microsoft""]",542,359,60
nuxt/image,typescript,https://github.com/nuxt/image.git,4098447,2020-09-04,2026-08-04T07:35:44,"[""hacktoberfest"", ""image-optimization"", ""nuxt"", ""nuxt-module""]",1537,330,174
github/codeql-action,typescript,https://github.com/github/codeql-action.git,4098450,2020-04-27,2026-08-05T01:51:35,"[""actions"", ""advanced-security"", ""ci"", ""code-scanning"", ""codeql"", ""semmle-ql""]",1606,478,87
microsoft/vscode-jupyter,typescript,https://github.com/microsoft/vscode-jupyter.git,4098475,2020-09-10,2026-07-31T09:17:48,"[""datascience"", ""jupyter"", ""machine-learning"", ""vscode"", ""vscode-extension""]",1521,383,256
hubtype/botonic,typescript,https://github.com/hubtype/botonic.git,4098479,2018-03-25,2026-08-05T09:40:24,"[""bot-framework"", ""bots"", ""chatbots"", ""cms"", ""contentful"", ""conversational-apps"", ""conversational-interfaces"", ""conversational-ui"", ""dialogflow"", ""javascript"", ""nlp"", ""nlu"", ""react"", ""watson""]",616,89,37
trezor/trezor-suite,typescript,https://github.com/trezor/trezor-suite.git,4098483,2018-09-13,2026-08-05T09:08:03,"[""bitcoin"", ""cryptocurrency"", ""cryptography"", ""electron"", ""suite"", ""trezor"", ""typescript"", ""wallet"", ""web""]",1029,367,156
polkadot-js/extension,typescript,https://github.com/polkadot-js/extension.git,4098488,2019-05-20,2026-07-31T04:13:21,"[""blockchain"", ""extension"", ""polkadot"", ""polkadot-js"", ""substrate""]",1023,455,48
lucide-icons/lucide,typescript,https://github.com/lucide-icons/lucide.git,4098503,2020-06-08,2026-08-03T06:55:38,"[""feather-icons"", ""figma"", ""icons"", ""react"", ""svg"", ""svg-icons"", ""svgs"", ""ui-components"", ""ui-design"", ""vue""]",23802,1492,342
remusao/tldts,typescript,https://github.com/remusao/tldts.git,4098529,2017-07-18,2026-08-03T11:48:00,"[""domain"", ""javascript"", ""public-suffix-list"", ""tld"", ""typescript"", ""uri"", ""url"", ""url-parsing""]",760,27,18
ohmyguus/bettercrewlink,typescript,https://github.com/ohmyguus/bettercrewlink.git,4098576,2020-12-08,2025-08-30T07:29:26,[],1001,169,45
timostamm/protobuf-ts,typescript,https://github.com/timostamm/protobuf-ts.git,4099068,2020-09-04,2026-05-13T06:57:34,"[""bigint"", ""code-size"", ""custom-options"", ""grpc-client"", ""grpc-server"", ""grpc-web"", ""protobuf"", ""protocol-buffers"", ""reflection"", ""strict-conformance"", ""twirp"", ""typescript"", ""well-known-types""]",1343,152,41
puppeteer/puppeteer,typescript,https://github.com/puppeteer/puppeteer.git,4099168,2017-05-09,2026-08-05T03:23:31,"[""automation"", ""chrome"", ""chromium"", ""developer-tools"", ""firefox"", ""headless-chrome"", ""node-module"", ""testing"", ""web""]",95420,9562,445
storybookjs/storybook,typescript,https://github.com/storybookjs/storybook.git,4099169,2016-03-18,2026-08-05T07:58:04,"[""angular"", ""components"", ""design-systems"", ""documentation"", ""html"", ""javascript"", ""react"", ""react-native"", ""stories"", ""storybook"", ""styleguide"", ""svelte"", ""testing"", ""typescript"", ""ui"", ""vite"", ""vue"", ""web-components"", ""webpack"", ""workshop""]",90768,10373,370
nestjs/nest,typescript,https://github.com/nestjs/nest.git,4099170,2017-02-04,2026-08-06T12:53:01,"[""framework"", ""hacktoberfest"", ""javascript"", ""javascript-framework"", ""microservices"", ""nest"", ""nestjs"", ""node"", ""nodejs"", ""nodejs-framework"", ""typescript"", ""typescript-framework"", ""websockets""]",76354,8504,391
angular/components,typescript,https://github.com/angular/components.git,4099171,2016-01-04,2026-08-05T04:43:24,"[""angular"", ""angular-components"", ""material"", ""material-design""]",25038,6833,421
vercel/swr,typescript,https://github.com/vercel/swr.git,4099173,2019-10-28,2026-08-03T03:05:36,"[""cache"", ""data"", ""data-fetching"", ""fetch"", ""hook"", ""hooks"", ""nextjs"", ""react"", ""react-native"", ""stale-while-revalidate"", ""suspense"", ""swr"", ""vercel""]",32447,1375,195
brainjs/brain.js,typescript,https://github.com/brainjs/brain.js.git,4099175,2016-02-13,2024-09-26T09:51:23,"[""api"", ""brain"", ""browser"", ""convolutional-neural-networks"", ""easy-to-use"", ""hacktoberfest"", ""neural-network"", ""node"", ""nodejs"", ""recurrent-neural-networks"", ""stream"", ""web""]",14349,1071,95
apollographql/apollo-server,typescript,https://github.com/apollographql/apollo-server.git,4099176,2016-04-21,2026-08-05T06:03:47,"[""apollographql"", ""express"", ""express-graphql"", ""graphql"", ""graphql-schema"", ""graphql-server"", ""hapi"", ""koa"", ""node"", ""resolvers"", ""restify""]",13942,2009,417
umijs/umi,typescript,https://github.com/umijs/umi.git,4099177,2017-11-22,2026-08-05T06:47:21,"[""react"", ""react-framework"", ""umi"", ""umijs""]",16033,2664,417
foambubble/foam,typescript,https://github.com/foambubble/foam.git,4099179,2020-06-19,2026-08-04T10:48:33,"[""graph-visualisation"", ""markdown"", ""markdown-editor"", ""note-taking"", ""notes-app"", ""personal-knowledge-base"", ""pkm"", ""vscode"", ""zettelkasten""]",17321,773,146
howtographql/howtographql,typescript,https://github.com/howtographql/howtographql.git,4099180,2017-06-06,2024-07-03T05:47:27,"[""apollographql"", ""graphql"", ""prisma"", ""tutorial""]",8677,1149,390
baidu/amis,typescript,https://github.com/baidu/amis.git,4099183,2019-04-28,2026-03-18T02:07:40,"[""admin"", ""frontend"", ""frontend-framework"", ""json"", ""low-code"", ""low-code-development-platform"", ""lowcode"", ""no-code""]",18841,2722,257
vuejs/vetur,typescript,https://github.com/vuejs/vetur.git,4099185,2016-10-29,2023-10-13T07:41:26,"[""hacktoberfest"", ""visual-studio-code"", ""vscode"", ""vue"", ""vue-tooling""]",5707,598,141
adobe/react-spectrum,typescript,https://github.com/adobe/react-spectrum.git,4099186,2019-09-13,2026-07-28T01:17:04,"[""accessibility"", ""design-systems"", ""react"", ""react-components"", ""ui-components"", ""wai-aria""]",15728,1528,404
firebase/firebase-js-sdk,typescript,https://github.com/firebase/firebase-js-sdk.git,4099188,2017-04-24,2026-08-05T08:45:24,"[""firebase"", ""firebase-auth"", ""firebase-authentication"", ""firebase-cloud-messaging"", ""firebase-database"", ""firebase-db"", ""firebase-messaging"", ""firebase-realtime-database"", ""firebase-storage"", ""javascript"", ""real-time"", ""typescript""]",5134,1032,220
alibaba/formily,typescript,https://github.com/alibaba/formily.git,4099189,2019-01-09,2025-06-21T01:46:14,"[""ant-design"", ""designable"", ""form"", ""form-builder"", ""fusion"", ""json-schema"", ""json-schema-form"", ""low-code"", ""no-code"", ""observable"", ""react"", ""react-form"", ""react-native"", ""reactive"", ""schema-form"", ""validator"", ""vue"", ""vue-form"", ""vue3""]",12035,1546,205
gitpod-io/gitpod,typescript,https://github.com/gitpod-io/gitpod.git,4099191,2018-04-24,2026-08-03T06:55:30,"[""cde"", ""cloud"", ""cloud-development"", ""cloud-development-environments"", ""cloud-ide"", ""code-review"", ""dev-environment"", ""developer-environment"", ""developer-experience"", ""disposable"", ""editor"", ""ephemeral"", ""gitpod"", ""ide"", ""jetbrains"", ""prebuilds"", ""remote-development"", ""remote-devtools"", ""vscode""]",13751,1397,127
x-extends/vxe-table,typescript,https://github.com/x-extends/vxe-table.git,4099192,2019-04-20,2026-07-28T12:57:58,"[""cell"", ""checkbox"", ""editable"", ""form"", ""grid"", ""input"", ""modal"", ""pager"", ""radio"", ""select"", ""switch"", ""table"", ""toolbar"", ""vue"", ""vue-table"", ""vxe-grid"", ""vxe-table"", ""vxe-ui""]",8607,1145,34
prabhuignoto/react-chrono,typescript,https://github.com/prabhuignoto/react-chrono.git,4099195,2020-08-18,2025-12-29T04:37:24,"[""horizontal-timeline"", ""javascript-timeline"", ""react"", ""react-timeline"", ""reactjs"", ""slideshow"", ""timeline"", ""timeline-component"", ""typescript"", ""vertical-timeline"", ""vertical-timeline-react""]",4153,226,14
hashicorp/terraform-cdk,typescript,https://github.com/hashicorp/terraform-cdk.git,4099198,2020-01-08,2025-12-10T02:12:01,"[""cdk"", ""cdktf"", ""hack"", ""infrastructure-as-code"", ""terraform""]",5086,492,136
microsoft/pxt,typescript,https://github.com/microsoft/pxt.git,4099199,2016-01-24,2026-08-05T04:22:47,"[""adafruit"", ""blockly"", ""editor"", ""javascript"", ""makecode"", ""microbit"", ""microsoft-makecode"", ""minecraft"", ""pxt"", ""typescript""]",2296,640,107
cerebral/overmind,typescript,https://github.com/cerebral/overmind.git,4099201,2018-06-18,2026-04-23T11:08:34,[],1585,96,53
lekoarts/gatsby-themes,typescript,https://github.com/lekoarts/gatsby-themes.git,4099202,2019-07-04,2026-08-01T01:45:14,"[""gatsby"", ""gatsby-theme"", ""gatsby-themes"", ""gatsbyjs"", ""lekoarts"", ""lekoarts-oss"", ""theme-ui"", ""themes"", ""typescript""]",1879,511,15
wireapp/wire-webapp,typescript,https://github.com/wireapp/wire-webapp.git,4099207,2016-07-21,2026-08-05T11:04:37,"[""end-to-end-encryption"", ""hacktober"", ""hacktoberfest"", ""javascript"", ""knockout"", ""libsodium"", ""messenger"", ""reactjs"", ""typescript"", ""webapp"", ""wire""]",1191,307,98
azure/azure-sdk-for-js,typescript,https://github.com/azure/azure-sdk-for-js.git,4099211,2017-10-25,2026-08-06T01:50:38,"[""azure"", ""azure-sdk"", ""browser"", ""hacktoberfest"", ""javascript"", ""nodejs"", ""typescript""]",2294,1383,399
imbhargav5/rooks,typescript,https://github.com/imbhargav5/rooks.git,4099212,2018-11-08,2026-08-03T07:33:45,"[""hook"", ""hooks"", ""react"", ""react-hook"", ""react-hooks"", ""reactjs"", ""rooks"", ""typescript""]",3445,217,77
layabox/layaair,typescript,https://github.com/layabox/layaair.git,4099213,2019-09-02,2026-07-31T12:49:27,"[""2d-game-engine"", ""3d-engine"", ""html"", ""html5"", ""javascript"", ""minigames"", ""physics"", ""typescript"", ""webgl"", ""webgl2"", ""webgpu""]",2107,532,50
nhost/hasura-backend-plus,typescript,https://github.com/nhost/hasura-backend-plus.git,4099214,2019-01-29,2023-02-03T09:56:07,[],1163,195,40
rx-angular/rx-angular,typescript,https://github.com/rx-angular/rx-angular.git,4099215,2020-04-02,2026-08-04T06:52:22,"[""angular"", ""performance"", ""webperf""]",1965,208,97
aws/aws-sdk-js-v3,typescript,https://github.com/aws/aws-sdk-js-v3.git,4099216,2017-04-04,2026-08-05T07:47:19,"[""aws-sdk"", ""aws-sdk-js"", ""dynamodb"", ""javascript"", ""lambda"", ""nodejs"", ""s3"", ""sns"", ""typescript""]",3653,701,162
pikax/vue-composable,typescript,https://github.com/pikax/vue-composable.git,4099217,2019-10-21,2023-02-03T05:13:30,[],1046,69,15
uiwjs/uiw,typescript,https://github.com/uiwjs/uiw.git,4099218,2017-10-26,2026-04-21T01:32:20,"[""compoment"", ""css"", ""frontend"", ""javascript"", ""react"", ""react-component"", ""react16"", ""typescript"", ""ui"", ""ui-components"", ""ui-kit"", ""uiw"", ""uiw-react""]",739,121,26
ryceg/eigengrau-s-essential-establishment-generator,typescript,https://github.com/ryceg/eigengrau-s-essential-establishment-generator.git,4099219,2018-04-16,2023-01-16T09:15:00,[],739,143,39
sap/spartacus,typescript,https://github.com/sap/spartacus.git,4099222,2018-09-18,2026-08-05T08:45:00,"[""commerce-cloud"", ""open-source""]",781,414,164
staart/api,typescript,https://github.com/staart/api.git,4099226,2019-04-21,2023-04-18T10:15:13,[],919,164,11
blockchain/blockchain-wallet-v4-frontend,typescript,https://github.com/blockchain/blockchain-wallet-v4-frontend.git,4099230,2017-06-12,2025-04-14T08:48:17,"[""bitcoin"", ""cryptocurrency"", ""ethereum"", ""react"", ""redux"", ""redux-saga"", ""typescript""]",815,533,68
celo-org/celo-monorepo,typescript,https://github.com/celo-org/celo-monorepo.git,4099237,2019-07-18,2024-01-31T10:23:26,"[""blockchain"", ""celo"", ""crypto"", ""cryptocurrency"", ""dapp"", ""ethereum"", ""financial-inclusion"", ""smart-contracts"", ""stablecoin""]",674,362,179
microsoft/vscode-hexeditor,typescript,https://github.com/microsoft/vscode-hexeditor.git,4099240,2020-05-11,2026-06-29T03:13:53,[],590,120,35
googleapis/repo-automation-bots,typescript,https://github.com/googleapis/repo-automation-bots.git,4099269,2019-07-01,2026-08-05T09:43:05,[],743,170,79
quirrel-dev/quirrel,typescript,https://github.com/quirrel-dev/quirrel.git,4099406,2020-09-02,2026-04-08T09:07:27,"[""quirrel"", ""serverless"", ""task-queue"", ""typescript""]",930,69,20
apollographql/federation,typescript,https://github.com/apollographql/federation.git,4099544,2020-04-03,2026-08-03T03:41:08,"[""apollo"", ""apollo-federation"", ""federation"", ""gateway"", ""graphql""]",724,273,162
swaponline/multicurrencywallet,typescript,https://github.com/swaponline/multicurrencywallet.git,4099676,2018-04-23,2026-05-05T07:49:42,"[""atomic"", ""bitcoin"", ""browser"", ""btc"", ""crypto"", ""cryptocurrency"", ""erc"", ""erc20"", ""ethereum"", ""exchange"", ""litecoin"", ""noxoncf"", ""swap"", ""wallet""]",540,485,60
tenseijs/tensei,typescript,https://github.com/tenseijs/tensei.git,4099855,2020-06-11,2024-08-01T07:21:01,"[""api"", ""apollo-server"", ""cms"", ""express"", ""graphql"", ""headless"", ""nodejs"", ""reactjs""]",569,37,7
netless-io/flat,typescript,https://github.com/netless-io/flat.git,4099897,2020-08-26,2026-08-04T09:59:45,"[""agora"", ""agora-flat"", ""cloud-recording"", ""e-class"", ""e-learning"", ""electron"", ""flat"", ""online-classroom"", ""virtual-classroom"", ""whiteboard""]",6414,866,28
vuetifyjs/vuetify,typescript,https://github.com/vuetifyjs/vuetify.git,4104359,2016-09-12,2026-08-05T09:52:19,"[""javascript"", ""material"", ""material-components"", ""material-design"", ""material-theme"", ""semantic"", ""typescript"", ""ui"", ""ui-components"", ""ui-design"", ""ui-kit"", ""ui-library"", ""vue"", ""vue-components"", ""vue-material"", ""vuejs"", ""vuejs3"", ""vuetify"", ""vuetifyjs""]",41024,7135,432
typeorm/typeorm,typescript,https://github.com/typeorm/typeorm.git,4104362,2016-02-29,2026-07-30T06:44:16,"[""active-record"", ""cockroachdb"", ""data-mapper"", ""database"", ""hacktoberfest"", ""javascript"", ""mariadb"", ""mysql"", ""orm"", ""postgresql"", ""sqlite"", ""sqlserver"", ""typeorm"", ""typescript""]",36614,6660,424
facebook/docusaurus,typescript,https://github.com/facebook/docusaurus.git,4104363,2017-06-20,2026-08-01T11:29:09,"[""documentation"", ""hacktoberfest"", ""javascript"", ""open-source"", ""react"", ""website""]",65825,9993,457
react-navigation/react-navigation,typescript,https://github.com/react-navigation/react-navigation.git,4104366,2017-01-26,2026-08-05T11:57:19,"[""navigation"", ""react"", ""react-native"", ""react-navigation""]",24491,5125,328
eclipse-theia/theia,typescript,https://github.com/eclipse-theia/theia.git,4104368,2017-02-24,2026-08-05T01:53:32,"[""cloud-ide"", ""editor"", ""electron"", ""ide"", ""language-server-protocol"", ""typescript""]",21616,2867,360
lensapp/lens,typescript,https://github.com/lensapp/lens.git,4104370,2018-11-12,2024-01-25T03:52:50,"[""cloud-native"", ""containers"", ""devops"", ""kubernetes"", ""kubernetes-dashboard"", ""kubernetes-ui""]",22003,1434,109
antvis/g2,typescript,https://github.com/antvis/g2.git,4104372,2016-05-26,2026-07-15T06:47:01,"[""animation"", ""canvas"", ""chart"", ""grammar"", ""graphics"", ""hacktoberfest"", ""interaction"", ""svg"", ""visualization"", ""webgl""]",12575,1659,217
tensorflow/tfjs-models,typescript,https://github.com/tensorflow/tfjs-models.git,4104374,2018-04-03,2026-06-23T07:24:12,[],14790,4380,97
conventional-changelog/commitlint,typescript,https://github.com/conventional-changelog/commitlint.git,4104376,2016-02-12,2026-08-05T04:08:26,"[""commit"", ""conventions"", ""git"", ""lint""]",18676,969,279
dotansimha/graphql-code-generator,typescript,https://github.com/dotansimha/graphql-code-generator.git,4104378,2016-12-05,2026-08-05T12:17:08,"[""android"", ""angular"", ""code-generator"", ""codegen"", ""csharp"", ""graphql"", ""graphql-schema"", ""java"", ""react"", ""resolvers"", ""schema"", ""the-guild"", ""typescript""]",11265,1398,435
microsoft/azuredatastudio,typescript,https://github.com/microsoft/azuredatastudio.git,4104379,2017-11-02,2026-02-28T04:30:21,"[""azure"", ""azure-data-studio"", ""electron"", ""microsoft"", ""postgresql"", ""sql"", ""sql-server"", ""typescript""]",7711,978,170
nrwl/nx,typescript,https://github.com/nrwl/nx.git,4104381,2017-08-11,2026-08-05T11:41:00,"[""angular"", ""build"", ""build-system"", ""build-tool"", ""building-tool"", ""cli"", ""cypress"", ""hacktoberfest"", ""javascript"", ""monorepo"", ""nextjs"", ""nodejs"", ""nx"", ""nx-workspaces"", ""react"", ""storybook"", ""typescript""]",29198,2976,398
tinacms/tinacms,typescript,https://github.com/tinacms/tinacms.git,4104382,2019-07-23,2026-08-05T07:27:06,"[""cms"", ""content-management-system"", ""forestry"", ""markdown"", ""nextjs"", ""react"", ""tina"", ""tinacms"", ""typescript""]",13711,736,148
supabase/supabase,typescript,https://github.com/supabase/supabase.git,4104383,2019-10-12,2026-06-27T12:06:56,"[""ai"", ""alternative"", ""auth"", ""database"", ""deno"", ""embeddings"", ""example"", ""firebase"", ""nextjs"", ""oauth2"", ""pgvector"", ""postgis"", ""postgres"", ""postgresql"", ""postgrest"", ""realtime"", ""supabase"", ""vectors"", ""websockets""]",104900,12893,395
mswjs/msw,typescript,https://github.com/mswjs/msw.git,4104385,2018-11-13,2026-07-24T08:54:35,"[""api"", ""api-mocking"", ""devtools"", ""mock"", ""mock-service-worker"", ""mocking"", ""mocking-framework"", ""mocking-library"", ""msw"", ""mswjs"", ""service-worker""]",18093,613,171
midwayjs/midway,typescript,https://github.com/midwayjs/midway.git,4104386,2018-07-12,2026-07-31T04:29:30,"[""aliyun"", ""aws"", ""azure"", ""cloud"", ""dependency-injection-container"", ""enterprise"", ""framework"", ""ioc"", ""midway"", ""mircoservices"", ""react"", ""serverless"", ""serverless-framework"", ""typescript"", ""vue"", ""web""]",7737,585,165
webhintio/hint,typescript,https://github.com/webhintio/hint.git,4104389,2017-02-16,2026-07-21T01:56:58,"[""a11y"", ""best-practices"", ""hacktoberfest"", ""hint"", ""hints"", ""interoperability"", ""lint"", ""performance"", ""pwa"", ""pwas"", ""security"", ""security-scanner"", ""webhint""]",3699,820,100
vueuse/vueuse,typescript,https://github.com/vueuse/vueuse.git,4104390,2019-12-14,2026-07-30T01:14:57,"[""composable"", ""utility-library"", ""vue"", ""vue3"", ""vueuse""]",22318,2924,452
microsoft/fluidframework,typescript,https://github.com/microsoft/fluidframework.git,4104392,2019-08-22,2026-08-05T03:18:32,"[""collaboration"", ""crdt"", ""datastructure"", ""distributed"", ""fluid"", ""fluid-framework"", ""microsoft"", ""realtime""]",4943,583,255
grid-js/gridjs,typescript,https://github.com/grid-js/gridjs.git,4104393,2020-04-15,2026-01-29T10:46:37,"[""filter"", ""grid"", ""pagination"", ""sort"", ""table""]",4665,262,42
pop-os/shell,typescript,https://github.com/pop-os/shell.git,4104394,2019-11-15,2026-07-06T10:29:18,"[""gnome-shell-extension"", ""pop-os"", ""tiling"", ""window-manager""]",5271,299,91
antvis/g2plot,typescript,https://github.com/antvis/g2plot.git,4104480,2019-08-21,2026-07-31T02:35:21,"[""antv"", ""charts"", ""g2"", ""g2plot"", ""graphics"", ""plot"", ""visualization""]",2653,591,63
appsmithorg/appsmith,typescript,https://github.com/appsmithorg/appsmith.git,4104623,2020-06-30,2026-08-05T09:09:50,"[""admin-dashboard"", ""admin-panels"", ""app-builder"", ""automation"", ""crud"", ""custom-internal"", ""developer-tools"", ""gui"", ""gui-application"", ""hacktoberfest"", ""internal-tools"", ""java"", ""javascript"", ""low-code"", ""low-code-framework"", ""react"", ""self-hosted"", ""typescript"", ""webdevelopment"", ""workflows""]",40591,4707,326
wix/stylable,typescript,https://github.com/wix/stylable.git,4105118,2017-06-25,2025-04-12T12:36:43,"[""components"", ""css"", ""design-system"", ""preprocessor"", ""style"", ""theme"", ""web-components"", ""webpack""]",1273,62,30
pulumi/examples,typescript,https://github.com/pulumi/examples.git,4105119,2017-10-27,2026-07-30T09:16:04,"[""aws"", ""azure"", ""gcp"", ""kubernetes"", ""serverless""]",2582,896,172
prymitive/karma,typescript,https://github.com/prymitive/karma.git,4105121,2018-09-09,2026-08-05T02:28:15,"[""alerting"", ""alertmanager"", ""dashboard"", ""monitoring"", ""prometheus"", ""prometheus-alertmanager"", ""prometheus-utility""]",2674,201,35
remirror/remirror,typescript,https://github.com/remirror/remirror.git,4105122,2019-01-21,2026-06-22T06:34:41,"[""browser"", ""editor"", ""mobile"", ""prosemirror"", ""react"", ""react-prosemirror"", ""rich-text-editor"", ""text-editor"", ""typescript"", ""wysiwyg""]",3029,268,80
mycryptohq/mycrypto,typescript,https://github.com/mycryptohq/mycrypto.git,4105123,2016-12-04,2024-01-05T02:05:18,"[""client-side"", ""electron"", ""ethereum"", ""mit-license"", ""mycrypto"", ""react"", ""redux"", ""redux-saga"", ""typescript"", ""wallet"", ""wallet-generator""]",1323,779,106
zendeskgarden/react-components,typescript,https://github.com/zendeskgarden/react-components.git,4105124,2018-05-07,2026-07-27T04:35:58,[],1110,102,43
dbeaver/cloudbeaver,typescript,https://github.com/dbeaver/cloudbeaver.git,4105125,2020-04-09,2026-08-05T05:07:32,"[""cloud"", ""cloud-database-manager"", ""database"", ""databases"", ""dbeaver"", ""webapp""]",5070,553,63
microsoft/typescript-website,typescript,https://github.com/microsoft/typescript-website.git,4105126,2019-06-26,2026-07-16T11:55:01,[],2541,1513,418
codota/tabnine-vscode,typescript,https://github.com/codota/tabnine-vscode.git,4105129,2018-10-01,2026-07-20T12:48:13,"[""artificial-intelligence"", ""autocomplete"", ""bash"", ""c"", ""cpp"", ""golang"", ""gpt-2"", ""java"", ""javascript"", ""lua"", ""php"", ""python"", ""ruby"", ""rust"", ""swift"", ""typescript"", ""vscode"", ""vscode-extension""]",1435,200,32
aerogear/offix,typescript,https://github.com/aerogear/offix.git,4105130,2019-04-08,2023-04-17T01:39:24,[],771,48,39
open-telemetry/opentelemetry-js,typescript,https://github.com/open-telemetry/opentelemetry-js.git,4105131,2019-05-10,2026-08-05T06:39:03,"[""api"", ""distributed-tracing"", ""metrics"", ""monitoring"", ""telemetry""]",3428,1115,384
thymikee/jest-preset-angular,typescript,https://github.com/thymikee/jest-preset-angular.git,4105132,2017-03-30,2026-08-05T01:12:07,"[""angular"", ""jest"", ""testing""]",920,304,88
thenewboston-developers/website,typescript,https://github.com/thenewboston-developers/website.git,4105135,2020-06-05,2023-01-07T01:47:20,[],611,371,191
auth0/nextjs-auth0,typescript,https://github.com/auth0/nextjs-auth0.git,4105136,2019-09-06,2026-08-04T10:42:53,"[""auth0"", ""dx-sdk"", ""nextjs"", ""react"", ""typescript""]",2306,467,95
modernweb-dev/web,typescript,https://github.com/modernweb-dev/web.git,4105139,2020-06-02,2026-08-04T11:29:36,"[""browserstack"", ""dev-server"", ""hacktoberfest"", ""javascript"", ""saucelabs"", ""test-runner""]",2447,341,155
vkcom/vkui,typescript,https://github.com/vkcom/vkui.git,4105140,2017-01-16,2026-08-05T03:46:47,"[""javascript"", ""mobile-web"", ""opensource"", ""postcss"", ""reactjs"", ""typescript"", ""ui"", ""uikit"", ""vkontakte"", ""vkui""]",1152,202,94
react-pdf-viewer/react-pdf-viewer,typescript,https://github.com/react-pdf-viewer/react-pdf-viewer.git,4105142,2020-01-24,2024-07-31T04:45:06,"[""pdf-viewer"", ""pdfjs"", ""react"", ""react-hooks"", ""typescript""]",2149,232,2
nestjs/docs.nestjs.com,typescript,https://github.com/nestjs/docs.nestjs.com.git,4105143,2017-11-18,2026-08-04T05:31:33,"[""angular"", ""documentation"", ""nest"", ""nestjs"", ""nodejs"", ""nodejs-framework"", ""typescript""]",1365,2147,408
njbrown/texturelab,typescript,https://github.com/njbrown/texturelab.git,4105145,2019-06-26,2026-07-19T08:18:59,"[""electron"", ""electronjs"", ""golden-layout"", ""pbr"", ""procedural-generation"", ""substance-designer"", ""unity"", ""vue""]",801,49,6
ffxiv-teamcraft/ffxiv-teamcraft,typescript,https://github.com/ffxiv-teamcraft/ffxiv-teamcraft.git,4105146,2017-08-11,2026-08-05T03:40:58,"[""ffxiv"", ""hacktoberfest""]",1932,257,97
stephenh/ts-proto,typescript,https://github.com/stephenh/ts-proto.git,4105148,2019-01-27,2026-07-03T04:35:54,"[""dataloader"", ""grpc"", ""grpc-node"", ""grpc-web"", ""nestjs"", ""protobuf"", ""twirp"", ""typescript""]",2579,390,185
notionx/react-notion-x,typescript,https://github.com/notionx/react-notion-x.git,4105153,2020-08-15,2026-05-25T08:13:23,"[""nextjs"", ""notion"", ""notion-api"", ""react"", ""react-notion"", ""typescript""]",5411,648,88
muhammadsammy/tailwindcss-classnames,typescript,https://github.com/muhammadsammy/tailwindcss-classnames.git,4105154,2020-01-24,2025-09-29T06:57:01,"[""css"", ""functional-css"", ""react"", ""reactjs"", ""tailwind"", ""tailwindcss"", ""typescript""]",713,38,23
streetsidesoftware/cspell,typescript,https://github.com/streetsidesoftware/cspell.git,4105155,2017-01-15,2026-08-04T11:17:52,"[""spell"", ""spell-checker""]",1665,124,83
polkadot-js/api,typescript,https://github.com/polkadot-js/api.git,4105160,2017-11-18,2026-07-22T12:27:11,"[""api"", ""blockchain"", ""jsonrpc"", ""polkadot"", ""polkadot-js"", ""substrate"", ""web3""]",1105,385,151
jesec/flood,typescript,https://github.com/jesec/flood.git,4105164,2020-08-03,2026-08-05T06:20:14,"[""collaborate"", ""nodejs"", ""qbittorrent"", ""react"", ""rtorrent"", ""transmission"", ""webui""]",2819,175,112
undergroundwires/privacy.sexy,typescript,https://github.com/undergroundwires/privacy.sexy.git,4105166,2019-12-31,2026-02-13T10:55:07,"[""bloatware"", ""bloatware-removal"", ""cleanup"", ""cybersecurity"", ""debloat"", ""debloater"", ""debotnet"", ""domain-driven-design"", ""linux"", ""macos"", ""privacy"", ""privacy-protection"", ""privacy-tools"", ""security"", ""security-hardening"", ""security-tool"", ""security-tools"", ""tweaks-collection"", ""windows10"", ""windows11""]",5401,235,16
lichess-org/api,typescript,https://github.com/lichess-org/api.git,4105170,2018-04-01,2026-08-04T10:52:57,"[""lichess""]",586,172,77
howardchung/watchparty,typescript,https://github.com/howardchung/watchparty.git,4105187,2020-03-25,2026-07-30T08:31:39,"[""hacktoberfest""]",1182,220,11
firecow/gitlab-ci-local,typescript,https://github.com/firecow/gitlab-ci-local.git,4105189,2020-01-04,2026-08-04T08:36:48,"[""cd"", ""ci"", ""git"", ""gitlab"", ""gitlab-ci"", ""local"", ""pipeline"", ""push"", ""uncomitted"", ""untracked""]",4034,211,90
hydro-dev/hydro,typescript,https://github.com/hydro-dev/hydro.git,4105199,2020-04-01,2026-08-03T04:42:33,"[""acm-icpc"", ""cpp"", ""hydro"", ""java"", ""mixed-judge"", ""mongodb"", ""node"", ""noip"", ""oi"", ""oj"", ""online-judge"", ""onlinejudge"", ""python"", ""vijos"", ""vj5""]",6833,465,50
jscutlery/semver,typescript,https://github.com/jscutlery/semver.git,4105204,2020-12-04,2026-07-24T08:03:54,"[""automation"", ""conventional-commits"", ""monorepo"", ""nx-plugin"", ""semver"", ""versioning""]",769,94,41
samuelmaddock/electron-browser-shell,typescript,https://github.com/samuelmaddock/electron-browser-shell.git,4105224,2020-03-07,2025-07-02T01:53:14,"[""browser"", ""chrome-extension"", ""electron""]",538,106,10
guansss/pixi-live2d-display,typescript,https://github.com/guansss/pixi-live2d-display.git,4105266,2020-03-19,2024-08-20T04:41:10,"[""cubism"", ""live2d"", ""pixijs""]",860,130,3
excalidraw/excalidraw,typescript,https://github.com/excalidraw/excalidraw.git,4109720,2020-01-02,2026-08-05T09:28:58,"[""canvas"", ""collaboration"", ""diagrams"", ""drawing"", ""hacktoberfest"", ""productivity"", ""whiteboard""]",129040,14712,356
pubkey/rxdb,typescript,https://github.com/pubkey/rxdb.git,4109721,2016-12-02,2026-08-05T02:37:04,"[""angular"", ""browser-database"", ""couchdb"", ""crdt"", ""database"", ""firebase"", ""graphql"", ""indexeddb"", ""ionic"", ""local-first"", ""localstorage"", ""nodejs"", ""nosql"", ""postgres"", ""pouchdb"", ""react-native"", ""realtime"", ""realtime-database"", ""rxdb"", ""sqlite""]",23306,1169,252
teambit/bit,typescript,https://github.com/teambit/bit.git,4109723,2017-01-22,2026-08-06T12:04:29,"[""ai"", ""collaboration"", ""component-driven"", ""composable"", ""composable-architecture"", ""distributed"", ""front-end"", ""javascript"", ""micro-frontend"", ""micro-services"", ""monorepo"", ""multirepo"", ""multirepo-maintenance"", ""node-js"", ""polyrepo"", ""react"", ""service-oriented-architecture"", ""typescript"", ""vue""]",18456,961,73
microsoft/fluentui,typescript,https://github.com/microsoft/fluentui.git,4109724,2016-06-06,2026-08-05T10:15:16,"[""components"", ""fluent"", ""microsoft"", ""office-ui-fabric"", ""react"", ""react-components""]",20193,2908,386
james-yu/latex-workshop,typescript,https://github.com/james-yu/latex-workshop.git,4109727,2016-12-26,2026-08-05T07:19:42,[],12245,581,132
aws/aws-cdk,typescript,https://github.com/aws/aws-cdk.git,4109728,2017-10-04,2026-08-05T02:29:40,"[""aws"", ""cloud-infrastructure"", ""hacktoberfest"", ""infrastructure-as-code"", ""typescript""]",12857,4588,388
gcanti/fp-ts,typescript,https://github.com/gcanti/fp-ts.git,4109729,2017-01-25,2026-04-20T07:55:05,"[""algebraic-data-types"", ""functional-programming"", ""typescript""]",11497,513,129
microsoft/fast,typescript,https://github.com/microsoft/fast.git,4109730,2018-03-02,2026-08-03T11:10:53,"[""adaptive-ui"", ""animation-library"", ""color-library"", ""component-architecture"", ""component-library"", ""components"", ""design-architecture"", ""design-systems"", ""development-tools"", ""front-end-framework"", ""react"", ""typescript"", ""web-accessibility"", ""web-components"", ""web-components-schemas"", ""web-standards""]",9668,632,150
webiny/webiny-js,typescript,https://github.com/webiny/webiny-js.git,4109731,2018-01-09,2026-08-05T02:13:54,"[""ai-assisted-development"", ""aws"", ""aws-lambda"", ""cms"", ""graphql"", ""headless-cms"", ""lambda"", ""lambda-functions"", ""mcp"", ""multi-tenant"", ""nextjs"", ""nodejs"", ""open-source"", ""react"", ""serverless"", ""serverless-architectures"", ""typescript"", ""white-label""]",8021,673,76
ardatan/graphql-tools,typescript,https://github.com/ardatan/graphql-tools.git,4109732,2016-03-22,2026-08-06T12:53:10,"[""graphql"", ""graphql-api"", ""graphql-js"", ""graphql-schema"", ""javascript"", ""mock"", ""schema-language"", ""schema-stitching"", ""typescript""]",5430,828,383
yarnpkg/berry,typescript,https://github.com/yarnpkg/berry.git,4109735,2018-09-10,2026-08-04T02:08:22,"[""javascript"", ""nodejs"", ""package-manager"", ""yarn""]",8094,1311,453
webthingsio/gateway,typescript,https://github.com/webthingsio/gateway.git,4109737,2017-03-08,2026-06-21T09:16:39,"[""hacktoberfest""]",2638,331,121
pavlobu/deskreen,typescript,https://github.com/pavlobu/deskreen.git,4109738,2020-08-08,2026-07-08T02:35:42,"[""blueprintjs"", ""darkwire-io"", ""deskreen"", ""easy-to-use"", ""electon-app"", ""electron"", ""electron-react-boilerplate"", ""electronjs"", ""end-to-end-encryption"", ""linuxapp"", ""macosapp"", ""sceen-sharing-to-multiple-devices"", ""second-screen"", ""share-app-window"", ""share-screen"", ""testcafe"", ""typescript"", ""webrtc"", ""wifi"", ""windowsapp""]",21128,1177,23
anncwb/vue-vben-admin,typescript,https://github.com/anncwb/vue-vben-admin.git,4109739,2020-07-11,2021-02-23T05:04:27,[],2642,609,19
dendronhq/dendron,typescript,https://github.com/dendronhq/dendron.git,4109744,2020-06-24,2025-11-13T05:31:19,"[""dendron"", ""markdown"", ""markdown-editor"", ""pkm"", ""vscode"", ""zettelkasten""]",7264,296,67
opstrace/opstrace,typescript,https://github.com/opstrace/opstrace.git,4109748,2020-11-26,2022-01-11T08:22:07,[],1152,43,17
cpinitiative/usaco-guide,typescript,https://github.com/cpinitiative/usaco-guide.git,4109749,2020-06-02,2022-07-18T11:33:34,[],1056,285,177
mempool/mempool,typescript,https://github.com/mempool/mempool.git,4109751,2019-07-21,2026-08-05T10:52:45,"[""bitcoin"", ""explorer"", ""fees"", ""mempool""]",2806,1112,78
discordeno/discordeno,typescript,https://github.com/discordeno/discordeno.git,4109755,2020-02-07,2026-08-04T03:25:25,"[""api"", ""bot"", ""deno"", ""discord"", ""discord-api"", ""discord-bot"", ""discordeno"", ""hacktoberfest"", ""javascript"", ""library"", ""nodejs"", ""typescript""]",939,112,88
microsoft/playwright,typescript,https://github.com/microsoft/playwright.git,4112083,2019-11-15,2026-08-05T10:48:07,"[""automation"", ""chrome"", ""chromium"", ""e2e-testing"", ""electron"", ""end-to-end-testing"", ""firefox"", ""javascript"", ""playwright"", ""test"", ""test-automation"", ""testing"", ""testing-tools"", ""web"", ""webkit""]",94045,6222,472
chakra-ui/chakra-ui,typescript,https://github.com/chakra-ui/chakra-ui.git,4112084,2019-08-17,2026-07-30T05:12:42,"[""a11y"", ""accessible"", ""ark-ui"", ""chakra-ui"", ""component"", ""css-in-js"", ""dark-mode"", ""design-system"", ""react"", ""react-components"", ""reactjs"", ""styled"", ""ui-components"", ""ui-library"", ""uikit"", ""wai-aria""]",40557,3631,413
ngrx/platform,typescript,https://github.com/ngrx/platform.git,4112086,2017-03-02,2026-08-06T12:38:09,"[""angular"", ""ngrx"", ""observables"", ""reactive"", ""redux"", ""rxjs"", ""signals"", ""state-management""]",8334,2040,454
blitz-js/blitz,typescript,https://github.com/blitz-js/blitz.git,4112087,2020-02-17,2025-11-21T01:13:37,"[""blitz"", ""blitzjs"", ""framework"", ""fullstack"", ""javascript"", ""nextjs"", ""prisma"", ""prisma2"", ""react"", ""reactjs"", ""typescript""]",14094,818,63
tridactyl/tridactyl,typescript,https://github.com/tridactyl/tridactyl.git,4112088,2017-02-24,2026-08-05T12:17:08,"[""firefox"", ""hacktoberfest"", ""vim"", ""webextension""]",6291,431,220
effector/effector,typescript,https://github.com/effector/effector.git,4112089,2018-02-27,2026-05-13T08:29:57,"[""business-logic"", ""effector"", ""event-driven"", ""reactive"", ""state"", ""state-management"", ""state-manager""]",4839,271,143
amplication/amplication,typescript,https://github.com/amplication/amplication.git,4112091,2020-05-10,2026-06-30T01:46:55,"[""api"", ""code-generation"", ""csharp"", ""csharp-code"", ""dotnet"", ""dotnet-core"", ""graphql"", ""hacktoberfest"", ""javascript"", ""low-code"", ""nestjs"", ""nodejs"", ""prisma"", ""typescript"", ""web""]",16013,1548,259
dubzzz/fast-check,typescript,https://github.com/dubzzz/fast-check.git,4112093,2017-10-30,2026-08-04T04:49:14,"[""faker"", ""fuzzing"", ""generative-testing"", ""property-based-testing"", ""quickcheck"", ""tdd"", ""testing"", ""typescript"", ""unit-testing""]",5087,209,75
glacambre/firenvim,typescript,https://github.com/glacambre/firenvim.git,4112094,2019-03-08,2026-08-04T05:13:44,[],6094,158,45
cypress-io/cypress-realworld-app,typescript,https://github.com/cypress-io/cypress-realworld-app.git,4112095,2020-01-06,2026-08-03T06:39:58,"[""api-testing"", ""code-coverage"", ""component-testing"", ""cypress"", ""end-to-end-testing"", ""testing"", ""testing-practices""]",5908,2603,61
jdalrymple/gitbeaker,typescript,https://github.com/jdalrymple/gitbeaker.git,4112162,2017-06-21,2026-07-25T09:55:11,"[""api"", ""browser"", ""cli"", ""deno"", ""gitlab"", ""nodejs"", ""typescript""]",1727,319,176
dimensiondev/maskbook,typescript,https://github.com/dimensiondev/maskbook.git,4112372,2019-04-01,2026-08-05T06:31:38,"[""arweave"", ""blockchain"", ""browser-extension"", ""crypto"", ""cryptography"", ""defi"", ""dweb"", ""encryption"", ""ethereum"", ""gundb"", ""ipfs"", ""nft"", ""peer-to-peer"", ""privacy-protection"", ""social-network"", ""web3""]",1583,316,71
sct/overseerr,typescript,https://github.com/sct/overseerr.git,4112590,2020-08-16,2026-02-15T08:34:21,"[""docker"", ""movie"", ""notifications"", ""nzb"", ""plex"", ""radarr"", ""sonarr"", ""tv""]",5057,599,85
digimezzo/dopamine,typescript,https://github.com/digimezzo/dopamine.git,4112766,2019-04-04,2026-08-05T08:05:47,"[""electron"", ""linux"", ""mac"", ""music"", ""music-player"", ""windows""]",2296,154,49
atlassian-labs/compiled,typescript,https://github.com/atlassian-labs/compiled.git,4114511,2019-12-13,2026-08-03T06:59:36,"[""babel"", ""css"", ""css-in-js"", ""parcel"", ""react"", ""reactjs"", ""typescript"", ""webpack""]",2051,74,74
antvis/x6,typescript,https://github.com/antvis/x6.git,4114512,2019-11-14,2026-07-31T02:25:28,"[""antv"", ""dag"", ""diagram"", ""diagramming"", ""erd"", ""erdiagram"", ""flowchart"", ""graph"", ""graph-editor"", ""javascript"", ""javascript-diagramming-library"", ""svg"", ""typescript"", ""uml-diagram""]",6650,1896,129
charlie85270/tail-kit,typescript,https://github.com/charlie85270/tail-kit.git,4114513,2020-12-10,2023-10-31T01:11:15,"[""component-library"", ""components"", ""components-kit"", ""kit"", ""tailwind"", ""tailwind-css"", ""tailwind-kit"", ""tailwindcss"", ""tailwindui"", ""template"", ""templates"", ""ui-components"", ""uikit""]",2772,310,16
ameobea/web-synth,typescript,https://github.com/ameobea/web-synth.git,4115092,2018-11-11,2026-08-05T06:40:13,"[""audio"", ""faust"", ""rust"", ""soul"", ""synthesizer"", ""wasm"", ""webassembly"", ""webaudio"", ""webmidi""]",563,30,2
react-hook-form/react-hook-form,typescript,https://github.com/react-hook-form/react-hook-form.git,4116607,2019-03-05,2026-08-05T12:02:59,"[""dx"", ""form-builder"", ""forms"", ""react-hooks"", ""react-native"", ""reactjs"", ""typescript"", ""ux"", ""validation""]",44813,2463,401
n8n-io/n8n,typescript,https://github.com/n8n-io/n8n.git,4116608,2019-06-22,2026-08-05T11:46:16,"[""ai"", ""apis"", ""automation"", ""cli"", ""data-flow"", ""development"", ""integration-framework"", ""integrations"", ""ipaas"", ""low-code"", ""low-code-platform"", ""mcp"", ""mcp-client"", ""mcp-server"", ""n8n"", ""no-code"", ""self-hosted"", ""typescript"", ""workflow"", ""workflow-automation""]",199492,59933,427
alibaba/pipcook,typescript,https://github.com/alibaba/pipcook.git,4116609,2019-12-05,2026-07-27T12:43:07,"[""js"", ""machine-learning"", ""pipeline"", ""tensorflow""]",2593,212,34
ant-design/pro-components,typescript,https://github.com/ant-design/pro-components.git,4116611,2019-04-28,2026-07-29T05:57:08,"[""ant"", ""ant-design"", ""ant-design-pro"", ""dumi"", ""hooks"", ""react"", ""ui"", ""ui-components""]",4798,1436,409
polkadot-js/apps,typescript,https://github.com/polkadot-js/apps.git,4116612,2018-04-09,2026-07-16T12:09:54,"[""blockchain"", ""polkadot"", ""polkadot-js"", ""substrate"", ""ui"", ""wallet""]",1820,1633,418
cweijan/vscode-database-client,typescript,https://github.com/cweijan/vscode-database-client.git,4120135,2020-03-27,2026-06-13T07:18:26,"[""mysql-database"", ""sql"", ""vscode"", ""vscode-extension""]",2882,374,28
vitejs/vite,typescript,https://github.com/vitejs/vite.git,4125785,2020-04-21,2026-08-05T11:09:56,"[""build-tool"", ""dev-server"", ""frontend"", ""hmr"", ""vite""]",82223,8611,436
hedgedoc/hedgedoc,typescript,https://github.com/hedgedoc/hedgedoc.git,4126704,2019-03-27,2026-08-05T07:10:18,"[""codimd"", ""collaboration"", ""diagrams"", ""editor"", ""hackmd"", ""hacktoberfest"", ""hedgedoc"", ""markdown"", ""notes"", ""real-time""]",7353,581,37
trpc/trpc,typescript,https://github.com/trpc/trpc.git,4141970,2020-07-18,2026-07-26T11:24:23,"[""api"", ""next"", ""nextjs"", ""prisma"", ""react"", ""typescript""]",40469,1644,462
renovatebot/renovate,typescript,https://github.com/renovatebot/renovate.git,4157997,2016-12-17,2026-08-05T09:52:47,"[""azure-devops"", ""bitbucket"", ""dependencies"", ""dependencies-checking"", ""dependency-manager"", ""github"", ""gitlab"", ""npm"", ""package-management""]",22182,3218,432
azure/static-web-apps-cli,typescript,https://github.com/azure/static-web-apps-cli.git,4175575,2020-06-26,2026-07-21T09:15:44,"[""authentication"", ""azure"", ""azure-functions"", ""cli"", ""serverless"", ""static"", ""swa"", ""swa-emulator"", ""web"", ""webapp""]",668,150,63
man-group/dtale,typescript,https://github.com/man-group/dtale.git,4297999,2019-07-15,2026-07-24T05:18:50,"[""data-analysis"", ""data-science"", ""data-visualization"", ""flask"", ""ipython"", ""jupyter-notebook"", ""pandas"", ""plotly-dash"", ""python27"", ""python3"", ""react"", ""react-virtualized"", ""visualization"", ""xarray""]",5205,444,26
marcisbee/radi,typescript,https://github.com/marcisbee/radi.git,5109160,2018-01-09,2026-05-08T12:27:10,"[""dom"", ""hyperscript"", ""javascript"", ""radi"", ""radijs""]",942,28,4
horprogs/just-validate,typescript,https://github.com/horprogs/just-validate.git,5209306,2016-12-12,2025-09-03T07:12:03,"[""async-validation"", ""file-validation"", ""form"", ""form-validation"", ""forms"", ""input"", ""javascript"", ""validation"", ""vanilla-javascript""]",572,94,8
bigjk/snd,typescript,https://github.com/bigjk/snd.git,5368697,2020-02-16,2026-07-10T02:37:59,"[""dnd-tools"", ""dnd5e"", ""dungeon-master"", ""dungeons-and-dragons"", ""epson"", ""llm"", ""osr"", ""tabletop-gaming"", ""thermal-printer"", ""ttrpg""]",662,23,7
tabixio/tabix,typescript,https://github.com/tabixio/tabix.git,5369400,2017-03-07,2023-01-15T08:02:30,[],1821,226,18
lint-md/lint-md,typescript,https://github.com/lint-md/lint-md.git,5369786,2018-11-07,2026-07-30T11:19:46,"[""lint"", ""lint-markdown"", ""lint-md"", ""lint-md-cli"", ""markdown""]",955,56,15
smashtestio/smashtest,typescript,https://github.com/smashtestio/smashtest.git,5522329,2019-07-03,2023-09-15T02:21:48,[],513,22,10
exoframejs/exoframe,typescript,https://github.com/exoframejs/exoframe.git,5545462,2016-08-30,2026-07-01T04:16:43,"[""cli-app"", ""deploy-tool"", ""deployment"", ""devops"", ""docker"", ""docker-container"", ""docker-manage-tool"", ""exoframe"", ""exoframe-server"", ""nodejs"", ""self-hosted"", ""traefik""]",1152,59,22
seeden/react-facebook,typescript,https://github.com/seeden/react-facebook.git,5545623,2016-02-21,2026-04-11T12:34:52,"[""facebook"", ""facebook-api"", ""facebook-comments"", ""facebook-components"", ""facebook-login"", ""facebook-pixel"", ""facebook-sdk"", ""javascript"", ""react"", ""react-components"", ""social-sharing"", ""typescript""]",799,142,23
scriptim/bash-prompt-generator,typescript,https://github.com/scriptim/bash-prompt-generator.git,5547919,2017-08-13,2025-06-15T09:55:12,"[""bash"", ""bash-prompt"", ""bashrc"", ""command-line"", ""gh-pages"", ""gnu-linux"", ""linux"", ""prompt"", ""ps1"", ""ps1-variable"", ""shell"", ""shell-prompt"", ""terminal"", ""tool"", ""typescript"", ""vue"", ""web-tool"", ""webapp"", ""website""]",694,31,3
buzz/mediainfo.js,typescript,https://github.com/buzz/mediainfo.js.git,5590960,2016-02-23,2026-01-18T05:03:51,"[""emscripten"", ""javascript"", ""media"", ""mediainfo"", ""wasm""]",837,122,13
ntoporcov/iqbit,typescript,https://github.com/ntoporcov/iqbit.git,5591370,2020-08-05,2026-05-01T03:54:06,[],756,68,14
doodlewind/beam,typescript,https://github.com/doodlewind/beam.git,5599023,2019-07-22,2026-06-15T06:58:22,"[""3d"", ""frontend"", ""graphics"", ""image-processing"", ""library"", ""particles"", ""pbr"", ""renderer"", ""shadow-mapping"", ""webgpu"", ""webgpu-library"", ""wgsl""]",528,42,3
salgum1114/react-design-editor,typescript,https://github.com/salgum1114/react-design-editor.git,5665599,2018-06-26,2026-08-03T08:43:02,"[""animejs"", ""ant-design"", ""antd"", ""canvas"", ""editor"", ""es6"", ""fabricjs"", ""fontawesome5"", ""imagemap"", ""javascript"", ""mediaelementjs"", ""react-ace"", ""reactjs"", ""webpack4"", ""workflow""]",1703,450,7
galio-org/galio,typescript,https://github.com/galio-org/galio.git,5679041,2018-06-17,2025-10-21T02:00:01,"[""android"", ""expo"", ""galio"", ""ios"", ""minimalist-design"", ""mobile-development"", ""open-source"", ""react"", ""react-native"", ""react-native-app"", ""react-native-galio"", ""react-native-ui"", ""reactnative"", ""showcase"", ""sponsors""]",3179,326,31
open-source-labs/quell,typescript,https://github.com/open-source-labs/quell.git,5721422,2020-08-29,2025-06-07T08:45:49,"[""caching"", ""client-side"", ""client-side-caching"", ""cost-limiting"", ""depth-limiting"", ""graphql"", ""lokijs"", ""middleware"", ""redis"", ""server-side"", ""server-side-caching""]",580,134,44
zandaqo/structurae,typescript,https://github.com/zandaqo/structurae.git,5729752,2019-01-15,2023-12-03T05:47:18,"[""array"", ""bigint"", ""binary"", ""bitfield"", ""data-structures"", ""graphs"", ""javascript"", ""matrices"", ""optimization"", ""sorted"", ""typescript""]",664,23,5
thomasloven/hass-browser_mod,typescript,https://github.com/thomasloven/hass-browser_mod.git,6028032,2019-06-27,2026-08-04T10:11:05,[],1787,211,44
firefoxbar/headereditor,typescript,https://github.com/firefoxbar/headereditor.git,6131028,2017-02-19,2026-07-13T05:12:54,"[""chrome-extension"", ""edge-extension"", ""firefox-addon"", ""http-header"", ""webextension""]",1258,350,11
hunterxuan/wx-tfjs-demo,typescript,https://github.com/hunterxuan/wx-tfjs-demo.git,6181588,2019-05-10,2024-10-23T12:57:11,"[""tensorflow"", ""tensorflow-demo"", ""tensorflowjs"", ""tfjs"", ""wechat"", ""wechat-mini-program"", ""wx-tfjs-demo""]",522,100,2
ainoob/noobox,typescript,https://github.com/ainoob/noobox.git,6189199,2016-07-01,2025-11-21T10:20:26,"[""browser-extension"", ""chrome-extension"", ""react"", ""reverse-image-search""]",514,52,5
open-source-labs/docketeer,typescript,https://github.com/open-source-labs/docketeer.git,6189703,2020-08-28,2024-01-08T05:12:41,"[""cadvisor"", ""docker"", ""docketeer"", ""express"", ""grafana"", ""helm"", ""javascript"", ""jest"", ""kubernetes"", ""nodejs"", ""open-source"", ""prometheus"", ""reactjs"", ""redux-toolkit"", ""sass"", ""typescript"", ""vite""]",840,206,59
graphql-compose/graphql-compose-elasticsearch,typescript,https://github.com/graphql-compose/graphql-compose-elasticsearch.git,6235520,2017-03-05,2023-02-03T04:50:55,[],582,79,15
rossmoody/svg-gobbler,typescript,https://github.com/rossmoody/svg-gobbler.git,6239617,2019-01-25,2026-08-02T05:48:15,"[""chrome-extension"", ""extension"", ""firefox-addon"", ""icon"", ""icons"", ""inline-svg"", ""javascript"", ""svg"", ""svg-export"", ""svg-icons"", ""svgo"", ""svgr"", ""typescript""]",1051,45,9
tarampampam/random-user-agent,typescript,https://github.com/tarampampam/random-user-agent.git,6252771,2016-08-09,2026-08-02T12:31:28,"[""browser-extension"", ""chrome-extension"", ""firefox-extension"", ""switcher"", ""typescript"", ""user-agent""]",751,79,17
neuronetio/gantt-schedule-timeline-calendar,typescript,https://github.com/neuronetio/gantt-schedule-timeline-calendar.git,6259780,2019-10-15,2026-06-11T07:40:53,"[""angular-gantt"", ""angular-scheduler"", ""angular-timeline"", ""booking"", ""calendar"", ""gantt"", ""gantt-timeline"", ""javascript-gantt"", ""js-gantt"", ""js-scheduler"", ""js-timeline"", ""react-gantt"", ""react-scheduler"", ""react-timeline"", ""reservation"", ""schedule"", ""scheduler"", ""timeline"", ""timeline-editor"", ""vue-gantt""]",3592,385,1
rcaferati/react-awesome-slider,typescript,https://github.com/rcaferati/react-awesome-slider.git,6265596,2016-06-12,2026-07-13T11:59:03,"[""carousel"", ""carousel-component"", ""fullpage-navigation-hoc"", ""gallery"", ""gallery-component"", ""gatsbyjs"", ""image-gallery"", ""image-slider"", ""media-gallery"", ""media-slider"", ""next"", ""next-page-transitions"", ""nextjs"", ""react"", ""react-carousel"", ""react-component"", ""react-gallery"", ""react-slider"", ""reactjs"", ""ui-components""]",2973,286,7
caldis/react-zmage,typescript,https://github.com/caldis/react-zmage.git,6278877,2017-10-26,2026-05-18T05:26:31,"[""animation"", ""es6"", ""image"", ""img"", ""javascript"", ""js"", ""react"", ""react-zmage"", ""slide"", ""slider"", ""slidershow"", ""website"", ""zmage"", ""zoom"", ""zoomer""]",937,94,6
beardedbear/bearded-theme,typescript,https://github.com/beardedbear/bearded-theme.git,6299710,2019-06-20,2026-03-03T11:12:28,"[""elm"", ""oceanic"", ""solarized"", ""theme"", ""vscode"", ""zed""]",664,56,5
relayjs/relay-examples,typescript,https://github.com/relayjs/relay-examples.git,6316932,2016-06-21,2026-06-16T11:04:57,[],1153,442,40
zuiidea/antd-admin,typescript,https://github.com/zuiidea/antd-admin.git,6323891,2016-01-25,2026-07-27T12:18:55,"[""admin"", ""antd"", ""dashboard"", ""mock"", ""react""]",9755,2475,52
wechatsync/wechatsync,typescript,https://github.com/wechatsync/wechatsync.git,6326907,2020-09-01,2026-05-27T05:33:56,"[""blog"", ""chrome"", ""chrome-extension"", ""markdown"", ""multiplatform"", ""spider"", ""vue"", ""wechat-official-account"", ""writer""]",5585,912,9
zhihu/griffith,typescript,https://github.com/zhihu/griffith.git,6336633,2019-03-22,2026-06-15T10:48:35,"[""fmp4"", ""hls"", ""html5-video"", ""html5-video-player"", ""mp4"", ""mp4box"", ""react"", ""react-components"", ""video"", ""zhihu"", ""zhihu-video-player""]",2510,226,20
react-native-elements/react-native-elements-app,typescript,https://github.com/react-native-elements/react-native-elements-app.git,6336836,2016-09-04,2022-03-29T06:07:09,[],1259,428,29
tannerlinsley/react-charts,typescript,https://github.com/tannerlinsley/react-charts.git,6560443,2017-02-24,2021-12-21T06:34:52,[],1766,155,19
subnub/mydrive,typescript,https://github.com/subnub/mydrive.git,6568935,2020-03-04,2025-03-09T01:26:13,[],3601,430,7
koajs/router,typescript,https://github.com/koajs/router.git,6569378,2019-06-16,2026-08-01T03:07:28,[],911,178,87
johnkorzhuk/grabient,typescript,https://github.com/johnkorzhuk/grabient.git,6574633,2017-05-06,2026-08-02T10:49:15,[],2009,91,3
trustwallet/trust-web3-provider,typescript,https://github.com/trustwallet/trust-web3-provider.git,6576105,2018-02-12,2026-07-21T04:11:39,"[""blockchain"", ""dapps"", ""swift"", ""web3""]",911,499,9
anish000kumar/redux-box,typescript,https://github.com/anish000kumar/redux-box.git,6585981,2018-01-08,2026-05-09T10:25:10,"[""react"", ""redux"", ""redux-saga""]",703,21,8
nteract/semiotic,typescript,https://github.com/nteract/semiotic.git,6597166,2017-03-16,2026-08-05T03:02:26,"[""ai"", ""d3"", ""data-visualization"", ""nteract"", ""react"", ""streaming"", ""visualization""]",2691,137,30
staylor/react-helmet-async,typescript,https://github.com/staylor/react-helmet-async.git,6597399,2018-01-02,2026-03-03T12:18:12,"[""helmet"", ""react"", ""reactjs""]",2270,176,26
styled-components/styled-components-website,typescript,https://github.com/styled-components/styled-components-website.git,6597929,2017-04-10,2026-07-31T04:06:17,"[""documentation"", ""nextjs"", ""preact"", ""react"", ""styled-components""]",621,430,246
pokeapi/pokedex-promise-v2,typescript,https://github.com/pokeapi/pokedex-promise-v2.git,6598750,2016-02-07,2026-07-26T02:12:14,"[""hacktoberfest"", ""javascript"", ""nodejs"", ""pokeapi"", ""pokemon"", ""wrapper""]",559,98,11
shlee322/delivery-tracker,typescript,https://github.com/shlee322/delivery-tracker.git,6611075,2018-12-02,2025-12-30T10:37:05,"[""delivery"", ""shipping"", ""tracker"", ""tracking""]",667,212,15
marktext/muya,typescript,https://github.com/marktext/muya.git,6611578,2018-06-29,2026-05-29T12:01:19,"[""markdown"", ""markdown-editor""]",717,73,11
yooooomi/your_spotify,typescript,https://github.com/yooooomi/your_spotify.git,6613264,2020-02-05,2026-07-10T11:43:35,"[""dashboard"", ""react"", ""self-hosted"", ""spotify"", ""statistics"", ""webapp""]",4470,203,40
mjswensen/themer,typescript,https://github.com/mjswensen/themer.git,6632494,2016-11-21,2026-06-27T09:59:06,"[""alfred"", ""chrome"", ""cmd"", ""conemu"", ""hacktoberfest"", ""hyper"", ""iterm"", ""lightline"", ""sketch"", ""slack"", ""sublime-text"", ""terminal"", ""theme"", ""themer"", ""vim"", ""vscode"", ""wallpapers"", ""xcode""]",5835,135,15
midas-research/audino,typescript,https://github.com/midas-research/audino.git,6633217,2019-10-03,2026-02-03T02:08:58,"[""annotation-tool"", ""audio-annotation"", ""audio-processing"", ""datasets"", ""machine-learning"", ""python"", ""speech-processing""]",1130,140,11
open-source-labs/spearmint,typescript,https://github.com/open-source-labs/spearmint.git,6633373,2019-05-21,2025-06-07T09:01:11,"[""accessibility"", ""axe-core"", ""darkmode"", ""electron"", ""endpoint-testing"", ""enzyme"", ""hooks"", ""jest"", ""open-source"", ""puppeteer"", ""react"", ""security"", ""test-driven-development"", ""testing"", ""testing-tools"", ""vue"", ""web-accessibility""]",1280,180,68
foo-software/lighthouse-check-action,typescript,https://github.com/foo-software/lighthouse-check-action.git,6634853,2019-09-24,2026-06-23T12:21:01,"[""accessibility"", ""actions"", ""best-practices"", ""github-actions"", ""lighthouse"", ""lighthouse-audits"", ""performance"", ""progressive-web-app"", ""seo"", ""website-performance"", ""website-performance-monitoring""]",508,22,4
mastermindzh/tidal-hifi,typescript,https://github.com/mastermindzh/tidal-hifi.git,6636272,2019-09-16,2026-08-03T01:34:38,[],1713,99,40
dominicstop/react-native-ios-context-menu,typescript,https://github.com/dominicstop/react-native-ios-context-menu.git,6648953,2020-10-24,2026-04-17T04:55:38,"[""contextmenu"", ""native-ui-component"", ""react-native"", ""react-native-component"", ""react-native-ios""]",695,44,12
annotorious/annotorious,typescript,https://github.com/annotorious/annotorious.git,6654903,2020-03-29,2026-08-05T12:39:00,"[""annotation"", ""annotation-tool"", ""data-annotation-tools"", ""iiif"", ""image-annotation"", ""image-annotation-tool"", ""openseadragon"", ""react"", ""react-image-annotation""]",854,132,31
raycharius/slack-block-builder,typescript,https://github.com/raycharius/slack-block-builder.git,6656397,2020-06-09,2024-08-18T08:05:17,"[""bot-application"", ""bot-framework"", ""botkit"", ""bots"", ""slack"", ""slack-api"", ""slack-app"", ""slack-block-kit"", ""slack-bot"", ""slack-bots"", ""slack-commands"", ""slack-dialogs"", ""slack-hacks"", ""slack-interactions"", ""slack-webhook"", ""slackapi"", ""slackbot"", ""slackware"", ""swiftui""]",544,47,18
alibaba/cloud-charts,typescript,https://github.com/alibaba/cloud-charts.git,6663466,2020-08-03,2026-08-04T03:19:00,[],513,75,5
node-cron/node-cron,typescript,https://github.com/node-cron/node-cron.git,6676790,2016-02-03,2026-07-24T01:49:46,"[""background-jobs"", ""cron"", ""cron-jobs"", ""cron-syntax"", ""distributed-cron"", ""job-scheduling"", ""node-cron"", ""nodejs"", ""overlap-prevention"", ""scheduled-jobs"", ""scheduled-tasks""]",3268,285,43
fairygui/fairygui-cocoscreator,typescript,https://github.com/fairygui/fairygui-cocoscreator.git,6677450,2018-12-05,2024-06-29T06:27:47,"[""cocos-creator"", ""cocos2d-html5"", ""cocos2d-js"", ""cocoscreator""]",532,182,9
altangent/ccxws,typescript,https://github.com/altangent/ccxws.git,6677570,2018-04-13,2023-03-04T02:38:34,[],604,185,28
zhen-ke/ffmpeggui,typescript,https://github.com/zhen-ke/ffmpeggui.git,6677597,2019-06-26,2026-08-02T07:43:24,[],582,72,1
versatica/mediasoup-demo,typescript,https://github.com/versatica/mediasoup-demo.git,6685404,2017-04-23,2026-08-04T03:41:20,[],1268,673,19
hiloteam/hilo3d,typescript,https://github.com/hiloteam/hilo3d.git,6686016,2019-08-08,2026-08-02T11:45:56,"[""3d"", ""rendering"", ""webgl"", ""webgpu""]",661,59,8
coreui/coreui-react,typescript,https://github.com/coreui/coreui-react.git,6686214,2018-02-26,2026-08-04T10:09:39,"[""bootstrap"", ""bootstrap-react"", ""components-library"", ""coreui"", ""coreui-library"", ""coreui-react"", ""css-library"", ""react"", ""react-bootstrap"", ""react-components"", ""reactjs"", ""reactstrap"", ""ui-components""]",713,276,10
yangshun/tech-interview-handbook,typescript,https://github.com/yangshun/tech-interview-handbook.git,6694067,2016-07-05,2026-08-03T04:58:23,"[""algorithm"", ""algorithm-interview"", ""algorithm-interview-questions"", ""algorithms"", ""behavioral-interviews"", ""coding-interviews"", ""interview-practice"", ""interview-preparation"", ""interview-questions"", ""system-design""]",141581,16735,176
leon-ai/leon,typescript,https://github.com/leon-ai/leon.git,6694185,2019-02-10,2026-08-05T01:11:22,"[""ai"", ""ai-agent"", ""ai-assistant"", ""artificial-intelligence"", ""assistant"", ""automation"", ""bot"", ""chatbot"", ""leon"", ""nodejs"", ""offline"", ""personal-assistant"", ""privacy"", ""python"", ""speech-recognition"", ""speech-synthesis"", ""speech-to-text"", ""text-to-speech"", ""virtual-assistant"", ""voice-assistant""]",17411,1456,21
evanbacon/expo-crossy-road,typescript,https://github.com/evanbacon/expo-crossy-road.git,6695178,2017-05-15,2026-03-26T04:31:35,"[""android"", ""clone"", ""cross-platform"", ""crossy-road"", ""expo"", ""game"", ""ios"", ""javascript"", ""opengl"", ""react-native"", ""react-navigation"", ""reactjs"", ""threejs"", ""tween"", ""webgl""]",1129,215,3
open-source-labs/obsidian,typescript,https://github.com/open-source-labs/obsidian.git,6707311,2020-08-29,2023-04-12T10:03:12,[],714,107,41
storybookjs/react-native,typescript,https://github.com/storybookjs/react-native.git,6707348,2020-01-22,2026-07-27T04:19:05,"[""expo"", ""react"", ""react-native"", ""storybook""]",1307,184,341
zh-lx/pinyin-pro,typescript,https://github.com/zh-lx/pinyin-pro.git,6716422,2020-10-25,2026-07-31T03:09:19,"[""hanzi"", ""hanzi-pinyin"", ""hanzi2pinyin"", ""js-pinyin"", ""pinyin"", ""pinyin-match"", ""pinyin-pro""]",4671,390,18
ealush/emoji-picker-react,typescript,https://github.com/ealush/emoji-picker-react.git,6726326,2017-05-19,2026-04-27T10:02:30,"[""component"", ""emoji"", ""emoji-picker"", ""emoji-picker-react"", ""emojis"", ""hacktoberfest"", ""picker"", ""react"", ""react-emoji-picker"", ""reactjs""]",1394,214,41
silenceleo/snowb-bmf,typescript,https://github.com/silenceleo/snowb-bmf.git,6731330,2020-07-31,2026-06-30T07:02:44,"[""bitmap"", ""bitmap-font"", ""bitmap-font-generator"", ""bitmap-fonts"", ""bitmapfont"", ""bitmapfonts"", ""bitmaps"", ""bmfont""]",561,134,7
pastelsky/bundlephobia,typescript,https://github.com/pastelsky/bundlephobia.git,6733648,2017-03-27,2026-08-05T06:45:52,"[""cost"", ""dependencies"", ""npm-package"", ""performance"", ""webpack""]",9565,262,38
argos-ci/argos,typescript,https://github.com/argos-ci/argos.git,6736905,2016-12-15,2026-08-05T12:02:59,"[""testing"", ""testing-tools"", ""visual-testing""]",606,60,14
tencent/vconsole,typescript,https://github.com/tencent/vconsole.git,6744906,2016-04-27,2026-03-27T04:53:58,"[""console"", ""mobile"", ""wechat""]",17464,2980,61
shuding/nextra,typescript,https://github.com/shuding/nextra.git,6745730,2020-06-15,2026-07-31T08:39:04,"[""markdown"", ""mdx"", ""nextjs"", ""nextra"", ""react"", ""static-site-generator""]",13895,1414,184
rsocket/rsocket-js,typescript,https://github.com/rsocket/rsocket-js.git,6746706,2017-04-12,2026-01-21T11:40:39,[],624,99,24
mbnuqw/sidebery,typescript,https://github.com/mbnuqw/sidebery.git,6746787,2018-09-23,2026-07-17T06:45:11,[],4630,246,59
antonycourtney/tad,typescript,https://github.com/antonycourtney/tad.git,6757001,2016-10-24,2025-03-05T10:46:06,"[""csv"", ""data-analysis"", ""data-science"", ""database"", ""desktop-application"", ""duckdb"", ""parquet-viewer"", ""pivot-tables"", ""pivots"", ""tabular-data""]",3263,121,11
sadeghhayeri/greentunnel,typescript,https://github.com/sadeghhayeri/greentunnel.git,6757032,2019-03-15,2026-07-27T06:46:18,"[""deep-packet-inspection"", ""dpi"", ""filtering"", ""firewall-bypass"", ""isp"", ""proxy"", ""sni"", ""socks"", ""vpn""]",4878,308,15
vagr9k/gatsby-advanced-starter,typescript,https://github.com/vagr9k/gatsby-advanced-starter.git,6757329,2017-07-18,2023-12-01T05:05:33,"[""disqus"", ""gatsby"", ""gatsby-image"", ""gatsby-starter"", ""gatsby-theme"", ""gatsbyjs"", ""markdown"", ""netlify-cms"", ""offline-support"", ""opengraph-tags"", ""pwa"", ""react"", ""rss"", ""schema-org"", ""seo"", ""sitemap"", ""social-features"", ""static-site-generator"", ""styled-components"", ""web-app-manifest""]",1550,409,20
tympanix/electorrent,typescript,https://github.com/tympanix/electorrent.git,6758196,2016-06-18,2026-08-05T06:49:16,"[""bittorrent-client"", ""magnet-link"", ""qbittorrent"", ""remote-control"", ""rtorrent"", ""torrent"", ""torrent-files"", ""torrent-management"", ""transmission"", ""utorrent""]",1178,96,14
whiteminds/liveautorecord,typescript,https://github.com/whiteminds/liveautorecord.git,6762712,2018-04-25,2026-05-14T11:12:13,"[""bilibili"", ""douyin"", ""douyu"", ""electron"", ""ffmpeg"", ""huya"", ""typescript"", ""vue""]",946,102,4
jest-community/jest-extended,typescript,https://github.com/jest-community/jest-extended.git,6767950,2017-10-14,2026-08-03T06:04:09,"[""assertions"", ""extended"", ""jest"", ""matchers"", ""tdd"", ""testing""]",2351,228,108
haehnchen/crypto-trading-bot,typescript,https://github.com/haehnchen/crypto-trading-bot.git,6768058,2018-09-25,2026-08-02T09:16:05,"[""binance"", ""bitfinex"", ""bitmex"", ""bot"", ""bybit"", ""ccxt"", ""coinbase"", ""crypto"", ""cryptocurrency"", ""docker"", ""exchange"", ""javascript"", ""margin"", ""nodejs"", ""trading"", ""trading-bot"", ""trading-strategies"", ""tradingview"", ""websocket""]",3510,1026,16
nhn/tui.calendar,typescript,https://github.com/nhn/tui.calendar.git,6773256,2017-09-11,2024-06-24T04:42:33,"[""calendar"", ""daily"", ""frontend"", ""fullcalendar"", ""javascript"", ""milestone"", ""monthly"", ""schedule"", ""task"", ""weekly""]",11619,1260,22
rahuldkjain/github-profile-readme-generator,typescript,https://github.com/rahuldkjain/github-profile-readme-generator.git,6773471,2020-07-15,2025-10-28T10:27:15,"[""gatsby"", ""generator"", ""github"", ""hacktoberfest"", ""markdown"", ""react"", ""readme""]",23628,8106,82
xtremilicious/projectlearn-project-based-learning,typescript,https://github.com/xtremilicious/projectlearn-project-based-learning.git,6774146,2019-12-01,2026-05-30T07:41:54,"[""artificial-intelligence"", ""flutter"", ""game-development"", ""learning-by-doing"", ""machine-learning"", ""mobile-development"", ""project-based-learning"", ""projects"", ""python"", ""react"", ""scikit-learn"", ""tensorflow"", ""tutorials"", ""unity"", ""vue"", ""web-development""]",5895,523,22
l0o0/jasminum,typescript,https://github.com/l0o0/jasminum.git,6774784,2020-06-16,2026-06-03T04:44:23,"[""cnki"", ""plugin"", ""zotero"", ""zotero-plugin""]",6981,316,5
alpine-collective/alpinejs-devtools,typescript,https://github.com/alpine-collective/alpinejs-devtools.git,6775435,2020-04-06,2026-07-15T08:03:47,"[""alpine"", ""alpine-js"", ""alpinejs"", ""alpinejs-devtools"", ""javascript""]",597,27,8
danielyxie/bitburner,typescript,https://github.com/danielyxie/bitburner.git,6776462,2016-10-14,2023-07-19T03:56:30,[],2771,806,246
eggjs/egg,typescript,https://github.com/eggjs/egg.git,6782357,2016-06-18,2026-08-05T10:02:08,"[""egg"", ""eggjs"", ""enterprise"", ""framework"", ""koa"", ""koa-middleware"", ""koa2"", ""node-framework"", ""nodejs""]",18986,1801,216
responsively-org/responsively-app,typescript,https://github.com/responsively-org/responsively-app.git,6782482,2019-08-10,2026-08-02T05:24:28,"[""contributions-welcome"", ""desktop-app"", ""developer-tools"", ""electron"", ""good-first-issue"", ""hacktoberfest"", ""javascript"", ""opensource-alternative"", ""react"", ""redux"", ""responsive"", ""responsive-web-design"", ""web-development""]",25084,1387,110
mhnpd/react-loader-spinner,typescript,https://github.com/mhnpd/react-loader-spinner.git,6783997,2017-11-27,2026-01-14T09:49:30,"[""loader"", ""react"", ""react-component"", ""react-spinners"", ""spinner"", ""spinner-animations"", ""spinner-components"", ""spinner-hint"", ""spinner-icon"", ""spinners"", ""spinners-react"", ""svg-loader"", ""svg-spinner""]",1032,149,40
foxhound87/mobx-react-form,typescript,https://github.com/foxhound87/mobx-react-form.git,6791053,2016-06-20,2026-08-01T03:36:01,"[""form"", ""mobx"", ""observables"", ""react"", ""reactive"", ""state"", ""validation""]",1097,130,34
cam-inc/viron,typescript,https://github.com/cam-inc/viron.git,6791086,2017-04-03,2026-06-12T06:54:57,"[""admin"", ""admin-dashboard"", ""admin-tools"", ""dashboard"", ""oas"", ""swagger""]",1026,49,32
netguru/sticky-parallax-header,typescript,https://github.com/netguru/sticky-parallax-header.git,6791132,2019-04-30,2024-10-24T03:32:40,"[""contribution"", ""hacktoberfest"", ""header"", ""open-source"", ""parallax"", ""react-native"", ""stickyheader""]",1828,190,25
chrisjpatty/flume,typescript,https://github.com/chrisjpatty/flume.git,6791307,2020-03-01,2026-04-12T05:59:49,"[""flume"", ""javascript"", ""node"", ""react""]",1617,161,10
seladb/startrack-js,typescript,https://github.com/seladb/startrack-js.git,6791982,2017-08-03,2026-08-04T04:03:25,"[""github"", ""javascript"", ""star"", ""star-history""]",592,26,11
bvaughn/react-window,typescript,https://github.com/bvaughn/react-window.git,6797337,2018-05-07,2026-07-20T05:07:18,[],17199,815,36
maptalks/maptalks.js,typescript,https://github.com/maptalks/maptalks.js.git,6797554,2016-02-03,2024-12-13T02:29:11,"[""gis"", ""javascript"", ""map"", ""maps"", ""maptalks""]",4337,506,51
fusionjs/fusionjs,typescript,https://github.com/fusionjs/fusionjs.git,6797834,2017-10-31,2023-03-01T10:17:38,[],1506,142,113
xmcp/pakku.js,typescript,https://github.com/xmcp/pakku.js.git,6797947,2017-02-28,2026-04-26T09:26:19,"[""anime"", ""bilibili"", ""chrome-extension"", ""danmaku"", ""javascript"", ""webextension""]",2600,82,7
ssshooter/mind-elixir-core,typescript,https://github.com/ssshooter/mind-elixir-core.git,6798051,2019-08-01,2026-08-05T08:25:02,"[""graph"", ""mind-map"", ""mind-mapping"", ""mindmap"", ""tool"", ""visualization""]",3108,410,28
auth0/react-native-auth0,typescript,https://github.com/auth0/react-native-auth0.git,6798782,2016-06-14,2026-08-04T05:37:53,"[""dx-sdk"", ""react-native""]",552,243,69
amondnet/vercel-action,typescript,https://github.com/amondnet/vercel-action.git,6799724,2020-05-16,2026-06-03T04:46:40,"[""github-actions"", ""vercel"", ""zeit-now""]",758,117,35
adamant-im/adamant-im,typescript,https://github.com/adamant-im/adamant-im.git,6807142,2017-09-22,2026-08-03T05:49:05,"[""anonymity"", ""anonymous"", ""anonymous-messenger"", ""bitcoin"", ""blockchain"", ""communication"", ""crypto-wallet"", ""cryptocurrency"", ""decentralization"", ""decentralized"", ""decentralized-messenger"", ""encrypted"", ""messenger"", ""onion"", ""private-keys"", ""pwa"", ""secure"", ""secure-messenger"", ""tor"", ""wallet""]",785,75,33
scolladon/sfdx-git-delta,typescript,https://github.com/scolladon/sfdx-git-delta.git,6808520,2019-07-19,2026-08-05T07:04:43,[],559,144,35
readmeio/api,typescript,https://github.com/readmeio/api.git,6809652,2017-02-06,2026-08-05T09:16:48,"[""api"", ""openapi"", ""sdk"", ""swagger""]",692,31,22
odota/web,typescript,https://github.com/odota/web.git,6814609,2016-05-27,2026-08-01T03:26:37,"[""data"", ""dota"", ""hacktoberfest"", ""javascript"", ""react"", ""redux"", ""ui"", ""visualization"", ""webpack""]",1174,406,169
ammarahm-ed/react-native-actions-sheet,typescript,https://github.com/ammarahm-ed/react-native-actions-sheet.git,6815130,2020-01-09,2026-04-09T05:53:22,"[""action"", ""action-sheet"", ""actionsheet"", ""bottom-app-bar"", ""bottom-drawer"", ""bottom-sheet"", ""dialog"", ""drawer"", ""expo"", ""javascript"", ""modal"", ""native"", ""picker"", ""raw-bottom-sheet"", ""react"", ""react-native"", ""react-native-web"", ""sheet"", ""web""]",2173,157,45
xiaomi/hiui,typescript,https://github.com/xiaomi/hiui.git,6815183,2018-10-08,2026-07-24T01:59:02,"[""component-library"", ""design-system"", ""design-systems"", ""javascript"", ""react"", ""react-components"", ""typescript"", ""ui-kit"", ""ui-library""]",863,118,37
belgattitude/nextjs-monorepo-example,typescript,https://github.com/belgattitude/nextjs-monorepo-example.git,6820276,2020-08-18,2026-05-20T11:34:03,"[""example"", ""monorepo"", ""nextjs"", ""tutorial"", ""typescript"", ""vercel"", ""vite"", ""workspace"", ""workspaces"", ""yarn""]",1803,230,11
marktext/marktext,typescript,https://github.com/marktext/marktext.git,6822061,2017-11-12,2026-07-27T03:16:54,"[""dark-mode"", ""editor"", ""electron"", ""focus-mode"", ""latex"", ""linux"", ""mac"", ""macos"", ""markdown"", ""marktext"", ""source-code"", ""typewriter-mode"", ""vue"", ""windows""]",59204,4392,159
splidejs/splide,typescript,https://github.com/splidejs/splide.git,6823281,2019-07-25,2024-03-12T02:35:02,"[""autoplay"", ""breakpoints"", ""carousel"", ""drag"", ""gallery"", ""javascript"", ""lazy-loading"", ""lightweight"", ""react"", ""slider"", ""svelte"", ""swipe"", ""typescript"", ""vue""]",4551,411,8
versatica/mediasoup-client,typescript,https://github.com/versatica/mediasoup-client.git,6823985,2017-07-18,2026-07-21T11:00:29,"[""client-library"", ""javascript"", ""nodejs"", ""sfu"", ""webrtc""]",665,259,25
ecomfe/vue-echarts,typescript,https://github.com/ecomfe/vue-echarts.git,6831108,2016-06-17,2026-08-04T01:21:51,"[""echarts"", ""vue"", ""vue-echarts""]",10731,1495,14
alibaba-fusion/next,typescript,https://github.com/alibaba-fusion/next.git,6831225,2018-06-21,2026-08-04T08:16:10,"[""component"", ""design-system"", ""fusion"", ""fusion-design"", ""next"", ""react"", ""ui""]",4680,596,126
synzen/monitorss,typescript,https://github.com/synzen/monitorss.git,6832494,2017-01-08,2026-07-26T10:58:40,"[""bot"", ""discord"", ""feeds"", ""rss"", ""rss-feed""]",1269,266,21
mxstbr/mxstbr.com,typescript,https://github.com/mxstbr/mxstbr.com.git,6832814,2018-10-15,2026-06-27T01:33:38,"[""nextjs"", ""prettier"", ""react""]",501,53,11
asmyshlyaev177/react-horizontal-scrolling-menu,typescript,https://github.com/asmyshlyaev177/react-horizontal-scrolling-menu.git,6833153,2018-07-13,2026-08-01T05:13:17,"[""gallery"", ""javascript"", ""navigation"", ""popular"", ""react"", ""react-component"", ""reactjs"", ""scroll"", ""scrolling"", ""typescript""]",788,101,3
weyoss/redis-smq,typescript,https://github.com/weyoss/redis-smq.git,6833441,2017-07-05,2026-04-25T02:00:54,"[""background-jobs"", ""brokers"", ""dead-letter-queue"", ""delayed-jobs"", ""distributed-systems"", ""high-performance"", ""message-brokers"", ""message-queues"", ""microservices"", ""node-js"", ""priority-queues"", ""queue-system"", ""queue-workers"", ""redis"", ""redis-queue"", ""redis-server"", ""scalable"", ""scheduled-jobs"", ""scheduled-tasks"", ""task-queue""]",662,65,2
chatch/stellarexplorer,typescript,https://github.com/chatch/stellarexplorer.git,6836034,2017-07-01,2026-07-07T09:47:28,"[""blockchain"", ""cryptocurrency"", ""horizon"", ""ledger"", ""lumens"", ""react"", ""stellar"", ""stellar-network""]",507,1163,17
seleniumhq/selenium-ide,typescript,https://github.com/seleniumhq/selenium-ide.git,6841989,2017-08-08,2026-01-28T11:20:16,"[""electron"", ""playback"", ""record"", ""selenium"", ""selenium-ide"", ""webdriver"", ""webextension""]",3075,833,45
holtwick/briefing,typescript,https://github.com/holtwick/briefing.git,6842288,2020-04-05,2025-12-03T10:13:55,"[""audio"", ""call"", ""chat"", ""communication"", ""conferencing"", ""e2ee"", ""end-to-end-encryption"", ""group"", ""p2p-chat"", ""peer"", ""sfu"", ""video"", ""vue"", ""webapp"", ""webrtc"", ""webrtc-call"", ""webrtc-signaling"", ""webrtc-video"", ""website"", ""websocket""]",1582,258,10
inkline/inkline,typescript,https://github.com/inkline/inkline.git,6842359,2018-02-07,2026-08-05T03:05:22,"[""css"", ""dx"", ""framework"", ""inkline"", ""javascript"", ""library"", ""sass"", ""ui"", ""ux"", ""vue"", ""vue3"", ""vuejs""]",1460,76,1
ueberdosis/tiptap,typescript,https://github.com/ueberdosis/tiptap.git,6848492,2018-08-20,2026-08-06T01:41:21,"[""editor"", ""javascript"", ""js"", ""prosemirror"", ""react"", ""renderless-components"", ""rich-text"", ""tiptap"", ""vue"", ""wysiwyg"", ""wysiwyg-editor""]",37920,3074,429
dinerojs/dinero.js,typescript,https://github.com/dinerojs/dinero.js.git,6848659,2018-03-10,2026-08-01T12:45:59,"[""amount"", ""currency"", ""immutable"", ""javascript"", ""monetary"", ""money"", ""typescript""]",6782,203,18
final-form/final-form,typescript,https://github.com/final-form/final-form.git,6848784,2017-11-22,2026-05-30T04:11:40,"[""agnostic"", ""client-side"", ""form"", ""form-validation"", ""forms"", ""observer"", ""state"", ""state-management"", ""subscription""]",3047,223,90
callstack/react-native-testing-library,typescript,https://github.com/callstack/react-native-testing-library.git,6849158,2018-10-01,2026-07-21T03:22:30,"[""jest"", ""react"", ""react-native"", ""testing""]",3402,281,128
algolia/react-instantsearch,typescript,https://github.com/algolia/react-instantsearch.git,6849388,2017-04-04,2022-12-30T12:33:24,[],1966,414,115
sheinsight/shineout,typescript,https://github.com/sheinsight/shineout.git,6850084,2018-07-27,2026-07-15T07:13:47,"[""css"", ""fast"", ""form"", ""high-performance"", ""react"", ""ui-components"", ""ui-design""]",942,150,39
engine262/engine262,typescript,https://github.com/engine262/engine262.git,6850403,2018-08-01,2026-07-16T08:50:14,"[""ecma262"", ""engine262"", ""interpreter"", ""javascript"", ""reference-implementation""]",945,75,26
maizzle/framework,typescript,https://github.com/maizzle/framework.git,6850658,2018-12-11,2026-08-04T09:24:58,"[""email-campaigns"", ""email-framework"", ""email-marketing"", ""html-emails"", ""maizzle"", ""responsive-email"", ""tailwindcss""]",1597,64,19
vimcolorschemes/vimcolorschemes,typescript,https://github.com/vimcolorschemes/vimcolorschemes.git,6852221,2020-05-09,2026-07-30T09:15:12,"[""colorscheme"", ""neovim"", ""nvim"", ""vim""]",1011,55,27
shufo/blade-formatter,typescript,https://github.com/shufo/blade-formatter.git,6853032,2019-10-26,2026-08-04T09:08:42,"[""blade"", ""formatter"", ""laravel""]",544,34,21
dyc3/opentogethertube,typescript,https://github.com/dyc3/opentogethertube.git,6853241,2019-07-21,2026-07-31T03:48:34,"[""entertainment"", ""hacktoberfest"", ""nodejs"", ""social"", ""video"", ""video-streaming"", ""video-synchronization"", ""vuejs""]",556,70,37
codelitdev/courselit,typescript,https://github.com/codelitdev/courselit.git,6853398,2019-07-31,2026-07-22T07:31:43,"[""blog"", ""cms"", ""cms-framework"", ""course"", ""courses"", ""elearning"", ""ghost"", ""learning-management-system"", ""lms"", ""open-educational-resources"", ""open-edx"", ""podia"", ""self-hosted"", ""teachable"", ""thinkific""]",1197,244,5
styled-components/styled-components,typescript,https://github.com/styled-components/styled-components.git,6859320,2016-08-16,2026-08-04T03:26:59,"[""css"", ""css-in-js"", ""react"", ""reactnative"", ""rsc"", ""styled-components""]",41134,2672,344
wix/react-native-calendars,typescript,https://github.com/wix/react-native-calendars.git,6859641,2016-11-11,2026-04-23T05:51:55,"[""android"", ""calendar"", ""hacktoberfest"", ""ios"", ""react-native"", ""ui-components""]",10278,3081,170
umijs/father,typescript,https://github.com/umijs/father.git,6860362,2019-05-31,2026-08-05T06:32:18,[],2241,287,68
astrofox-io/astrofox,typescript,https://github.com/astrofox-io/astrofox.git,6860446,2018-07-13,2026-08-03T04:28:55,"[""audio"", ""audio-visualizer"", ""motion-graphics"", ""music-visualizer"", ""video""]",1942,136,8
supabase/supabase-js,typescript,https://github.com/supabase/supabase-js.git,6862577,2020-05-15,2026-08-05T08:06:32,"[""client-library"", ""database"", ""isomorphic"", ""javascript"", ""js"", ""mit-license"", ""node-js"", ""nuxt"", ""orm"", ""postgres"", ""postgresql"", ""postgrest"", ""supabase"", ""svelte"", ""ts"", ""typescript""]",4525,708,236
dimforge/rapier.js,typescript,https://github.com/dimforge/rapier.js.git,6863341,2020-07-07,2026-07-12T04:55:48,[],697,90,27
nervjs/taro,typescript,https://github.com/nervjs/taro.git,6869812,2018-04-08,2026-07-28T10:59:42,"[""javascript"", ""jquery"", ""nerv"", ""nervjs"", ""react"", ""react-native"", ""reactjs"", ""taro"", ""typescript"", ""vue"", ""vue3"", ""wechat"", ""wechat-mini-program"", ""weixin"", ""wxapp""]",37618,4885,331
sindresorhus/ky,typescript,https://github.com/sindresorhus/ky.git,6870181,2018-09-04,2026-07-06T10:20:40,"[""fetch"", ""http-client"", ""http-request"", ""javascript"", ""js"", ""json"", ""npm-package"", ""request"", ""rest"", ""tiny"", ""whatwg-fetch""]",16971,477,121
lance-gg/lance,typescript,https://github.com/lance-gg/lance.git,6870899,2016-06-10,2024-05-11T07:16:24,"[""game-development"", ""game-server"", ""gamedev"", ""multiplayer"", ""multiplayer-game-server"", ""networking"", ""nodejs"", ""websockets""]",1553,167,14
rcaferati/react-awesome-button,typescript,https://github.com/rcaferati/react-awesome-button.git,6870986,2017-04-23,2026-07-11T01:30:36,"[""animated"", ""animation"", ""button"", ""component"", ""progress"", ""react"", ""share"", ""social""]",1345,132,7
timgit/pg-boss,typescript,https://github.com/timgit/pg-boss.git,6871483,2016-02-27,2026-08-03T08:10:48,"[""job"", ""node"", ""nodejs"", ""postgres"", ""postgresql"", ""queue""]",3824,261,85
namecheap/ilc,typescript,https://github.com/namecheap/ilc.git,6872136,2019-10-28,2026-07-31T01:38:18,"[""fragment-services"", ""frontend"", ""micro-frontends"", ""microframework"", ""microfrontends"", ""microservices"", ""page-composition""]",775,44,21
odoo/owl,typescript,https://github.com/odoo/owl.git,6872192,2019-03-29,2026-07-29T12:58:55,[],1558,422,61
tronprotocol/tronweb,typescript,https://github.com/tronprotocol/tronweb.git,6874667,2019-05-07,2026-06-29T07:40:37,[],562,367,42
trufflesuite/ganache,typescript,https://github.com/trufflesuite/ganache.git,6879980,2017-03-27,2023-12-21T12:20:19,"[""blockchain"", ""ethereum"", ""ganache""]",2564,703,118
elrumordelaluz/reactour,typescript,https://github.com/elrumordelaluz/reactour.git,6880189,2017-03-17,2026-05-19T05:02:35,"[""getting-started"", ""guide"", ""guided-tours"", ""hacktoberfest"", ""intro"", ""introduction"", ""joyride"", ""onboarding"", ""presentation"", ""product-intro"", ""product-onboarding"", ""react"", ""react-components"", ""reactjs"", ""step-by-step"", ""tour"", ""tourist-guide"", ""walkthrough""]",4077,352,48
toolkit-for-ynab/toolkit-for-ynab,typescript,https://github.com/toolkit-for-ynab/toolkit-for-ynab.git,6880753,2016-01-03,2026-08-04T01:47:42,"[""budget"", ""chrome-extension"", ""firefox-extension"", ""hacktoberfest"", ""money"", ""ynab""]",1511,362,182
fonoster/routr,typescript,https://github.com/fonoster/routr.git,6881044,2017-01-18,2026-07-06T09:17:25,"[""asterisk"", ""docker"", ""fonoster"", ""freepbx"", ""freeswitch"", ""fusionpbx"", ""ims"", ""instant-messaging"", ""intercom"", ""kamailio"", ""kubernetes"", ""opensips"", ""scaip"", ""server"", ""sip"", ""twilio"", ""voip"", ""webrtc""]",1696,177,11
takayama-lily/oicq,typescript,https://github.com/takayama-lily/oicq.git,6882580,2020-08-05,2023-09-22T02:42:55,"[""coolq"", ""im"", ""nodejs"", ""onebot"", ""qqbot"", ""tcp-client""]",2671,406,19
lei-mu/luch-request,typescript,https://github.com/lei-mu/luch-request.git,6882740,2019-10-10,2026-08-05T11:27:27,"[""dcloud"", ""github-stars"", ""luch-request"", ""promise"", ""promise-request"", ""request"", ""uni"", ""uni-app"", ""wechat""]",667,97,6
revenuecat/react-native-purchases,typescript,https://github.com/revenuecat/react-native-purchases.git,6882769,2018-06-21,2026-08-04T06:33:03,"[""android"", ""iap"", ""ios"", ""react-native"", ""stripe"", ""web""]",1200,115,45
microsoft/opensource.microsoft.com,typescript,https://github.com/microsoft/opensource.microsoft.com.git,6882904,2020-03-25,2026-08-05T05:03:25,"[""open-source"", ""ospo"", ""site""]",1153,574,65
instawork/hyperview,typescript,https://github.com/instawork/hyperview.git,6883181,2018-07-25,2026-08-06T12:11:24,[],1700,85,47
tywalch/electrodb,typescript,https://github.com/tywalch/electrodb.git,6883810,2020-03-11,2026-07-24T03:20:13,"[""aws"", ""dynamodb"", ""dynamodb-client"", ""dynamodb-database"", ""nosql"", ""nosql-data-storage"", ""nosql-database"", ""single-table-design""]",1171,87,40
michallytek/typegraphql-prisma,typescript,https://github.com/michallytek/typegraphql-prisma.git,6883909,2020-10-05,2025-08-07T06:24:46,"[""crud"", ""generator"", ""graphql"", ""prisma"", ""prisma-generator"", ""type-graphql"", ""typegraphql""]",908,118,13
razorpay/blade,typescript,https://github.com/razorpay/blade.git,6887168,2020-01-28,2026-08-05T05:05:37,[],642,194,110
infinitered/reactotron,typescript,https://github.com/infinitered/reactotron.git,6890073,2016-04-15,2026-05-28T10:35:18,"[""debugging"", ""desktop"", ""react-native"", ""reactjs"", ""reactnative"", ""reactotron"", ""redux"", ""redux-saga""]",15560,967,135
elastic/search-ui,typescript,https://github.com/elastic/search-ui.git,6891441,2018-10-16,2026-07-28T10:43:34,"[""app-search"", ""elasticsearch"", ""enterprise-search"", ""javascript"", ""react"", ""search"", ""workplace-search""]",1979,384,58
graphql-compose/graphql-compose,typescript,https://github.com/graphql-compose/graphql-compose.git,6891629,2016-06-07,2025-01-11T03:31:11,"[""graphql"", ""graphql-compose"", ""hacktoberfest"", ""schema"", ""schema-builder"", ""toolkit""]",1210,76,32
wttj/welcome-ui,typescript,https://github.com/wttj/welcome-ui.git,6893634,2019-03-08,2026-08-05T11:33:17,"[""ariakit"", ""customizable"", ""design"", ""design-system"", ""design-systems"", ""jungle"", ""managed-as-code"", ""managed-by-renovate-platform"", ""react"", ""system"", ""tailwind"", ""tailwind-css"", ""tailwindcss"", ""tailwindcss-v4"", ""typescript"", ""typescript-react"", ""ui"", ""ux"", ""welcome"", ""xstyled""]",674,52,37
skmail/responsive-viewer,typescript,https://github.com/skmail/responsive-viewer.git,6893973,2019-07-28,2025-10-12T08:46:47,"[""chrome-extension"", ""javascript"", ""typescript""]",835,88,2
umbrella22/electron-vue-template,typescript,https://github.com/umbrella22/electron-vue-template.git,6894134,2019-03-14,2026-07-25T11:49:14,"[""electron"", ""electron-vue"", ""naiveui"", ""pinia"", ""rspack"", ""vue""]",511,119,5
awesome-technologies/synapse-admin,typescript,https://github.com/awesome-technologies/synapse-admin.git,6894391,2019-04-17,2026-04-15T09:52:24,"[""matrix-org"", ""react"", ""react-admin"", ""synapse-admin""]",1161,162,33
javierbrea/eslint-plugin-boundaries,typescript,https://github.com/javierbrea/eslint-plugin-boundaries.git,6894456,2020-06-09,2026-08-04T03:45:42,"[""architectural-patterns"", ""architecture"", ""dependencies"", ""dependency"", ""eslint"", ""eslint-plugin"", ""eslint-rules"", ""eslintplugin"", ""import"", ""quality""]",951,21,13
microsoft/react-native-test-app,typescript,https://github.com/microsoft/react-native-test-app.git,6895756,2020-01-20,2026-08-05T05:26:14,"[""android"", ""ios"", ""macos"", ""react-native"", ""testing"", ""visionos"", ""windows""]",667,98,36
specklesystems/speckle-server,typescript,https://github.com/specklesystems/speckle-server.git,6896541,2020-04-14,2026-08-01T02:42:37,"[""3d"", ""aec"", ""frontend"", ""interoperability"", ""javascript"", ""monorepo"", ""speckle"", ""speckle-server"", ""threejs"", ""version-control"", ""viewer""]",830,248,46
posthog/posthog-js,typescript,https://github.com/posthog/posthog-js.git,6898379,2020-02-07,2026-08-05T11:02:17,"[""analytics"", ""javascript"", ""npm"", ""posthog"", ""typescript""]",579,310,171
firebase/firebaseui-web,typescript,https://github.com/firebase/firebaseui-web.git,6903574,2016-05-11,2026-08-04T03:54:42,[],4872,1129,11
unmanner/imaskjs,typescript,https://github.com/unmanner/imaskjs.git,6903783,2016-11-10,2024-10-11T03:09:36,"[""inputmask"", ""vanilla-js""]",4926,257,31
ritz078/transform,typescript,https://github.com/ritz078/transform.git,6904088,2017-06-15,2026-01-28T02:55:29,"[""css"", ""flow"", ""golang"", ""graphql"", ""jsx"", ""react"", ""react-native"", ""rust"", ""transformations"", ""typescript""]",9059,691,36
gre/react-native-view-shot,typescript,https://github.com/gre/react-native-view-shot.git,6904333,2016-08-23,2026-08-02T12:52:20,"[""capture"", ""react-native"", ""snapshot""]",2944,370,73
siriwatknp/mui-treasury,typescript,https://github.com/siriwatknp/mui-treasury.git,6904673,2019-03-11,2026-05-21T11:57:04,"[""layout"", ""material-design"", ""material-ui"", ""open-source"", ""react-components""]",2443,149,17
sid88in/serverless-appsync-plugin,typescript,https://github.com/sid88in/serverless-appsync-plugin.git,6905308,2017-12-28,2026-07-10T03:08:50,"[""aws-appsync"", ""dynamodb"", ""elasticsearch"", ""graphql"", ""hacktoberfest"", ""lambda"", ""serverless-applications"", ""serverless-framework"", ""serverless-plugin""]",956,188,89
custom-cards/button-card,typescript,https://github.com/custom-cards/button-card.git,6905648,2018-08-26,2026-08-04T10:31:15,"[""home-assistant"", ""home-assistant-custom"", ""home-automation"", ""lovelace"", ""lovelace-ui""]",2475,279,30
kentcdodds/kentcdodds.com,typescript,https://github.com/kentcdodds/kentcdodds.com.git,6905861,2020-12-10,2026-08-05T05:51:37,"[""kentcdodds"", ""oss"", ""prisma"", ""react"", ""remix"", ""sqlite"", ""typescript"", ""website""]",2492,656,195
lorenalgm/devchallenge,typescript,https://github.com/lorenalgm/devchallenge.git,6906649,2020-05-15,2026-01-30T11:26:08,"[""collaborate"", ""comunidade"", ""devchallenge"", ""educative"", ""github"", ""hacktoberfest"", ""mongodb"", ""react"", ""typeform""]",1140,62,15
alpacahq/alpaca-trade-api-js,typescript,https://github.com/alpacahq/alpaca-trade-api-js.git,6907419,2018-09-11,2026-08-04T12:43:23,"[""api"", ""hacktoberfest"", ""javascript"", ""trading""]",598,152,36
ticlo/rc-dock,typescript,https://github.com/ticlo/rc-dock.git,6909759,2019-03-07,2026-04-09T10:33:43,"[""dock"", ""drag"", ""drag-and-drop"", ""drop"", ""layout"", ""panel"", ""react"", ""react-dom"", ""reactjs"", ""tabs""]",805,107,15
logchimp/logchimp,typescript,https://github.com/logchimp/logchimp.git,6911359,2020-01-19,2026-08-05T10:26:33,"[""customer-feedback"", ""feedback"", ""hacktoberfest"", ""product-management"", ""product-roadmap"", ""production-ready"", ""roadmap"", ""user-feedback""]",1114,205,18
plouc/nivo,typescript,https://github.com/plouc/nivo.git,6919486,2016-04-16,2026-07-21T02:46:40,"[""canvas"", ""charts"", ""components"", ""d3js"", ""dataviz"", ""isomorphic"", ""react"", ""svg""]",14070,1079,209
chaskiq/chaskiq,typescript,https://github.com/chaskiq/chaskiq.git,6920551,2018-05-29,2026-06-30T05:20:11,"[""chat"", ""chatbot"", ""graphql"", ""helpdesk"", ""knowledge-base"", ""livechat"", ""livechat-bot"", ""livechat-integration"", ""messenger"", ""messenger-chatbots"", ""messenger-platform"", ""newsletter-management"", ""rails"", ""react"", ""support-ticket"", ""tour-guide-app"", ""webchat"", ""widget""]",3533,505,24
esmbot/esmbot,typescript,https://github.com/esmbot/esmbot.git,6924527,2019-09-13,2026-08-04T06:02:44,"[""bot"", ""discord"", ""discord-bot"", ""fun"", ""image-processing"", ""memes"", ""oceanic""]",500,124,38
chrisleekr/binance-trading-bot,typescript,https://github.com/chrisleekr/binance-trading-bot.git,6925965,2020-08-10,2026-08-05T02:59:41,"[""binance"", ""binance-api"", ""binance-api-node"", ""binance-trading-bot"", ""bot"", ""cryptocurrency"", ""cryptotrading"", ""grid-trading"", ""technical-analysis-indicators"", ""trading-bot"", ""traidingview""]",5541,1173,16
testing-library/user-event,typescript,https://github.com/testing-library/user-event.git,6930695,2018-09-20,2026-08-03T09:55:34,"[""dom"", ""frontend"", ""javascript"", ""testing"", ""ui"", ""user-interaction""]",2316,256,113
coding-coach/find-a-mentor,typescript,https://github.com/coding-coach/find-a-mentor.git,6931201,2019-02-04,2026-07-10T09:24:35,[],756,418,320
steedos/steedos-platform,typescript,https://github.com/steedos/steedos-platform.git,6932082,2019-03-04,2026-08-05T08:35:37,"[""airtable"", ""amis"", ""appsmith"", ""bpm"", ""budibase"", ""chatgpt"", ""clickpaas"", ""erp"", ""low-code"", ""lowcode"", ""mendix"", ""moleculer"", ""no-code"", ""odoo"", ""openapi"", ""outsystems"", ""paas"", ""saas"", ""salesforce"", ""sap""]",1572,413,35
alexsergey/rockpack,typescript,https://github.com/alexsergey/rockpack.git,6932171,2019-10-26,2026-05-29T09:44:17,"[""boilerplate"", ""claude-code"", ""codestyle"", ""eslint"", ""jest"", ""reactjs"", ""ssr"", ""typescript"", ""webpack""]",1311,21,6
uiwjs/react-codemirror,typescript,https://github.com/uiwjs/react-codemirror.git,6932940,2018-07-02,2026-07-08T04:38:31,"[""codemirror"", ""codemirror-themes"", ""codemirror6"", ""editor"", ""hook"", ""ide"", ""react"", ""react-codemirror"", ""react-codemirror2"", ""themes"", ""typescript""]",2231,158,62
higurashi-kagome/wereader,typescript,https://github.com/higurashi-kagome/wereader.git,6933641,2020-06-04,2025-08-31T01:24:33,[],754,63,2
thkruz/keeptrack.space,typescript,https://github.com/thkruz/keeptrack.space.git,6935853,2016-12-21,2026-08-04T09:49:19,"[""orbit"", ""radar"", ""satellite"", ""satellite-orbit"", ""satellite-tracking"", ""space"", ""space-surveillance"", ""telescope"", ""visualization""]",1534,203,15
wulkano/kap,typescript,https://github.com/wulkano/kap.git,6938180,2016-08-10,2024-11-12T03:32:40,"[""aperture"", ""app"", ""capture"", ""communication"", ""electron"", ""javascript"", ""kap"", ""mac"", ""macos"", ""nextjs"", ""open-source"", ""oss"", ""productivity"", ""record"", ""screen-capture"", ""screen-recorder""]",18117,827,53
ben-rogerson/twin.macro,typescript,https://github.com/ben-rogerson/twin.macro.git,6939216,2020-02-19,2026-03-22T03:38:39,"[""babel"", ""babel-macro"", ""css-in-js"", ""emotion"", ""emotionjs"", ""goober"", ""react"", ""reactjs"", ""solidjs"", ""stitches"", ""styled-components"", ""styling-css-in-js"", ""styling-react"", ""tailwind"", ""tailwind-css"", ""tailwind-in-js"", ""tailwindcss"", ""twin""]",8041,181,44
vuejs/eslint-plugin-vue,typescript,https://github.com/vuejs/eslint-plugin-vue.git,6939274,2016-08-29,2026-07-27T02:13:27,"[""eslint"", ""eslint-plugin"", ""html"", ""javascript"", ""npm"", ""npm-module"", ""npm-package"", ""static-analysis"", ""vue""]",4593,714,249
billchurch/webssh2,typescript,https://github.com/billchurch/webssh2.git,6940119,2016-05-18,2026-07-30T01:45:17,"[""ssh"", ""ssh-client"", ""web-ssh""]",2764,578,15
ealush/vest,typescript,https://github.com/ealush/vest.git,6940148,2019-11-26,2026-08-05T10:16:37,"[""form"", ""form-validation"", ""forms"", ""hacktoberfest"", ""javascript"", ""react-validation"", ""react-validation-library"", ""svelte-validation"", ""typescript"", ""unit-testing"", ""validation"", ""validation-library"", ""vue-validation""]",2665,91,44
jbetancur/react-data-table-component,typescript,https://github.com/jbetancur/react-data-table-component.git,6940461,2018-03-16,2026-07-22T12:58:54,"[""react"", ""react-components"", ""reactjs"", ""table""]",2222,420,64
unlock-protocol/unlock,typescript,https://github.com/unlock-protocol/unlock.git,6941721,2017-12-01,2026-07-25T05:52:46,"[""blockchain"", ""ethereum"", ""infrastructure"", ""javascript"", ""memberships"", ""nft"", ""protocol"", ""solidity"", ""unlock""]",878,313,108
eemeli/yaml,typescript,https://github.com/eemeli/yaml.git,6941750,2018-01-29,2026-08-01T06:55:19,"[""yaml"", ""yaml-editor"", ""yaml-parser""]",1684,173,36
maptalks/maptalks.three,typescript,https://github.com/maptalks/maptalks.three.git,6942483,2017-02-03,2025-06-24T09:30:15,"[""3d"", ""data-visualization"", ""gis"", ""maptalks"", ""maptalks-layer"", ""maptalks-plugins"", ""threejs""]",619,137,10
prettier-solidity/prettier-plugin-solidity,typescript,https://github.com/prettier-solidity/prettier-plugin-solidity.git,6943091,2018-05-15,2026-08-06T12:05:41,"[""ethereum"", ""prettier"", ""prettier-plugin"", ""solidity""]",750,88,22
hibiken/asynqmon,typescript,https://github.com/hibiken/asynqmon.git,6962340,2020-11-24,2024-05-21T12:11:44,[],585,127,13
vuepress-theme-hope/vuepress-theme-hope,typescript,https://github.com/vuepress-theme-hope/vuepress-theme-hope.git,6986673,2019-10-16,2026-08-04T08:59:56,"[""blog-theme"", ""blogging"", ""vuepress"", ""vuepress-blog"", ""vuepress-plugin"", ""vuepress-theme"", ""vuepress2"", ""vuepress2-theme""]",2532,796,120
reearth/resium,typescript,https://github.com/reearth/resium.git,6995345,2017-07-20,2026-08-05T03:00:06,"[""cesium"", ""javascript"", ""map"", ""react""]",877,138,37
wexond/browser-base,typescript,https://github.com/wexond/browser-base.git,7024861,2017-04-13,2023-06-04T01:19:29,"[""browser"", ""chromium"", ""desktop"", ""electron"", ""extensions"", ""javascript"", ""material"", ""plugins"", ""privacy"", ""react"", ""themes"", ""typescript"", ""wexond""]",2615,404,19
diegomura/react-pdf,typescript,https://github.com/diegomura/react-pdf.git,7471407,2016-10-18,2026-07-10T01:10:02,"[""flexbox"", ""pdf"", ""react"", ""renderer""]",16680,1329,152
oxygem/kanmail,typescript,https://github.com/oxygem/kanmail.git,7472805,2018-07-21,2026-08-05T08:16:08,"[""desktop-app"", ""email"", ""email-client"", ""kanban"", ""kanban-application"", ""mail-client""]",1364,92,8
prosemirror/prosemirror-view,typescript,https://github.com/prosemirror/prosemirror-view.git,7472894,2016-09-07,2026-04-01T04:43:28,[],2042,272,66
sumup-oss/circuit-ui,typescript,https://github.com/sumup-oss/circuit-ui.git,7473034,2017-06-26,2026-08-05T02:51:15,"[""circuit-ui"", ""component-library"", ""design-system"", ""react"", ""react-components"", ""sumup""]",974,129,88
vn7n24fzkq/github-profile-summary-cards,typescript,https://github.com/vn7n24fzkq/github-profile-summary-cards.git,7473110,2020-09-01,2026-08-05T04:25:05,"[""github-action"", ""github-profile-readme"", ""hacktoberfest"", ""profile-readme"", ""profile-summary"", ""readme-stats"", ""star"", ""summary-cards"", ""trigger-action""]",3601,503,41
atomicojs/atomico,typescript,https://github.com/atomicojs/atomico.git,7473333,2018-08-25,2026-07-19T04:31:10,"[""atomico"", ""hooks"", ""jsx"", ""reactive-properties"", ""shadow-dom"", ""web-components""]",1277,44,7
relative-ci/bundle-stats,typescript,https://github.com/relative-ci/bundle-stats.git,7475083,2018-02-11,2026-08-05T02:04:11,"[""bundle-analyzer"", ""bundle-size"", ""bundle-stats"", ""bundlesize"", ""gatsby-plugin"", ""nextjs-plugin"", ""rolldown-plugin"", ""rollup"", ""rollup-plugin"", ""vite"", ""vite-plugin"", ""webpack"", ""webpack-analyzer"", ""webpack-plugin""]",671,22,17
lumeland/lume,typescript,https://github.com/lumeland/lume.git,7476343,2020-09-07,2026-08-02T08:18:14,"[""deno"", ""eta"", ""jsx"", ""liquid"", ""lume"", ""markdown"", ""nunjucks"", ""postcss"", ""react"", ""static-site-generator"", ""svgo"", ""typescript"", ""yaml""]",2271,119,87
muxinc/media-chrome,typescript,https://github.com/muxinc/media-chrome.git,7477876,2019-09-14,2026-07-01T07:27:56,"[""audio"", ""audio-player"", ""media-chrome"", ""mux"", ""ui-components"", ""video"", ""video-player"", ""web-components""]",2702,121,45
thelounge/thelounge,typescript,https://github.com/thelounge/thelounge.git,7483468,2016-02-09,2026-08-02T09:31:15,"[""chat"", ""irc"", ""irc-client"", ""ircv3"", ""javascript"", ""nodejs"", ""thelounge"", ""vuejs"", ""web""]",6304,772,170
amruthpillai/reactive-resume,typescript,https://github.com/amruthpillai/reactive-resume.git,7483759,2020-03-25,2026-07-31T03:25:44,"[""better-auth"", ""hacktoberfest"", ""react"", ""resume"", ""resume-builder"", ""self-hosted"", ""tailwindcss"", ""tanstack-start""]",40006,4543,216
webrecorder/replayweb.page,typescript,https://github.com/webrecorder/replayweb.page.git,7486873,2019-12-09,2026-08-04T04:12:06,"[""replay-web-page"", ""service-worker"", ""wacz"", ""warc"", ""wayback-machine"", ""web-archive"", ""web-archiving"", ""web-replay""]",968,92,20
wojtekmaj/react-pdf,typescript,https://github.com/wojtekmaj/react-pdf.git,7491770,2016-08-01,2026-08-05T09:51:34,"[""pdf"", ""pdf-viewer"", ""react""]",11138,1003,63
inertiajs/inertia,typescript,https://github.com/inertiajs/inertia.git,7492211,2019-03-06,2026-08-05T09:44:33,[],8088,555,159
kingsora/overlayscrollbars,typescript,https://github.com/kingsora/overlayscrollbars.git,7492374,2017-09-11,2026-05-09T09:13:21,"[""angular"", ""custom"", ""frontend"", ""javascript"", ""javascript-scrollbar-plugin"", ""library"", ""overlay"", ""overlayscrollbars"", ""react"", ""scroll"", ""scrollbar"", ""scrollbar-plugin"", ""solid"", ""solidjs"", ""svelte"", ""typescript"", ""vue""]",5087,248,16
panva/jose,typescript,https://github.com/panva/jose.git,7492946,2018-11-06,2026-08-04T09:22:38,"[""browser"", ""bun"", ""cloudflare-workers"", ""deno"", ""jose"", ""jsonwebtoken"", ""jwa"", ""jwe"", ""jwk"", ""jwks"", ""jws"", ""jwt"", ""node""]",7733,378,34
playcanvas/pcui,typescript,https://github.com/playcanvas/pcui.git,7494242,2020-08-10,2026-07-25T09:31:23,"[""pcui"", ""playcanvas"", ""react"", ""sass"", ""typescript"", ""ui"", ""ui-components""]",788,96,23
5e-bits/5e-srd-api,typescript,https://github.com/5e-bits/5e-srd-api.git,7494629,2016-12-12,2026-08-03T11:51:05,"[""5e-srd-api"", ""hacktoberfest""]",629,186,33
typesense/typesense-js,typescript,https://github.com/typesense/typesense-js.git,7497778,2018-02-04,2026-07-23T10:08:44,"[""javascript"", ""search"", ""typescript"", ""typesense"", ""typesense-js""]",565,97,38
frzyc/genshin-optimizer,typescript,https://github.com/frzyc/genshin-optimizer.git,7500354,2020-12-06,2026-08-04T09:06:10,"[""artifact"", ""community-driven"", ""genshin-impact"", ""hacktoberfest"", ""hacktoberfest2023"", ""monorepo"", ""optimizer"", ""react"", ""star-rail"", ""tool"", ""typescript"", ""zenless-zone-zero""]",1003,270,73
react-native-elements/react-native-elements,typescript,https://github.com/react-native-elements/react-native-elements.git,7503331,2016-09-08,2023-07-14T12:27:03,"[""android"", ""cross-platform"", ""hacktoberfest"", ""hacktoberfest-2022"", ""ios"", ""mobile-app"", ""react"", ""react-native"", ""ui"", ""ui-components""]",23798,4560,369
machty/ember-concurrency,typescript,https://github.com/machty/ember-concurrency.git,7504512,2016-01-07,2026-02-18T09:09:54,[],691,162,73
scandipwa/scandipwa,typescript,https://github.com/scandipwa/scandipwa.git,7505521,2019-03-08,2024-07-15T01:53:56,[],542,315,121
nextauthjs/next-auth,typescript,https://github.com/nextauthjs/next-auth.git,7511899,2018-01-27,2026-07-22T07:42:19,"[""auth"", ""authentication"", ""csrf"", ""jwt"", ""nextauth"", ""nextjs"", ""nodejs"", ""nuxt"", ""nuxt-auth"", ""oauth"", ""oauth2"", ""oidc"", ""react"", ""remix-auth"", ""solid-auth"", ""solidjs"", ""sveltekit"", ""web""]",28308,4043,454
nearform/graphql-hooks,typescript,https://github.com/nearform/graphql-hooks.git,7513076,2019-02-08,2025-12-15T09:01:15,"[""graphql"", ""graphql-client"", ""hacktoberfest"", ""hooks"", ""react"", ""react-hooks""]",1887,91,89
expo/examples,typescript,https://github.com/expo/examples.git,7513946,2017-03-30,2026-07-28T04:06:54,"[""examples"", ""expo"", ""expo-examples"", ""expo-web"", ""react-native"", ""react-native-example"", ""react-native-web"", ""react-native-web-examples""]",3700,1091,79
klembot/twinejs,typescript,https://github.com/klembot/twinejs.git,7513978,2018-01-23,2026-07-26T02:15:47,[],2835,409,63
code-hike/codehike,typescript,https://github.com/code-hike/codehike.git,7514048,2020-04-23,2026-03-17T09:09:59,"[""blog"", ""code"", ""docs"", ""javascript"", ""markdown"", ""mdx"", ""react"", ""scrollytelling"", ""syntax-highlighting""]",5347,164,15
chromedevtools/devtools-protocol,typescript,https://github.com/chromedevtools/devtools-protocol.git,7514136,2017-03-28,2026-08-05T05:29:00,[],1525,276,16
priceline/design-system,typescript,https://github.com/priceline/design-system.git,7514148,2017-07-17,2026-05-06T02:38:39,"[""components"", ""css"", ""css-in-js"", ""design-system"", ""design-systems"", ""javascript"", ""priceline"", ""react"", ""styled-components"", ""styled-system"", ""ui""]",727,119,118
sverweij/state-machine-cat,typescript,https://github.com/sverweij/state-machine-cat.git,7514391,2016-09-14,2026-08-02T09:03:24,"[""scxml"", ""state-diagram"", ""state-machine"", ""statechart"", ""uml""]",863,48,6
frangoteam/fuxa,typescript,https://github.com/frangoteam/fuxa.git,7515394,2019-03-09,2026-08-05T08:58:06,"[""angular"", ""bacnet"", ""dashboard"", ""hmi"", ""iot"", ""modbus"", ""mqtt"", ""nodejs"", ""opc-ua"", ""opcua"", ""plc"", ""s7"", ""scada"", ""siemens"", ""svg-editor"", ""web-editor"", ""web-hmi"", ""web-scada""]",4789,1303,68
webrecorder/browsertrix-crawler,typescript,https://github.com/webrecorder/browsertrix-crawler.git,7520865,2020-11-02,2026-08-05T08:23:27,"[""crawler"", ""crawling"", ""wacz"", ""warc"", ""web-archiving"", ""web-crawler"", ""webrecorder""]",1101,147,36
natethegreatt/bitecs,typescript,https://github.com/natethegreatt/bitecs.git,7523820,2020-04-02,2026-04-12T07:46:11,"[""ecs"", ""entitycomponentsystem"", ""functional"", ""game"", ""game-development"", ""game-engine"", ""gamedev"", ""high-performance"", ""particles""]",1392,107,23
junaid33/opensource.builders,typescript,https://github.com/junaid33/opensource.builders.git,7527040,2020-01-31,2026-07-27T04:50:01,[],1314,191,3
tankerhq/sdk-js,typescript,https://github.com/tankerhq/sdk-js.git,7527150,2018-10-10,2026-01-16T09:20:03,"[""cryptography"", ""encryption"", ""end-to-end"", ""javascript"", ""privacy"", ""sdk"", ""security"", ""tanker""]",800,26,12
kiwicom/orbit,typescript,https://github.com/kiwicom/orbit.git,7527165,2018-02-14,2026-01-23T01:10:55,"[""component"", ""component-library"", ""design-system"", ""hacktoberfest"", ""kiwi"", ""kiwicom"", ""orbit"", ""react"", ""styled-components""]",1430,166,71
andywang425/blth,typescript,https://github.com/andywang425/blth.git,7529172,2020-06-08,2026-07-25T08:29:50,"[""bilibili"", ""bilibili-live"", ""bilibili-live-tools"", ""greasyfork"", ""tampermonkey"", ""userscript"", ""violentmonkey""]",1193,100,14
webrecorder/archiveweb.page,typescript,https://github.com/webrecorder/archiveweb.page.git,7532052,2020-02-10,2026-07-09T05:42:41,"[""archiving"", ""browser-extension"", ""chromium"", ""extension"", ""wacz"", ""warc"", ""web-archiving"", ""webrecorder""]",1518,106,10
kong/insomnia,typescript,https://github.com/kong/insomnia.git,7538272,2016-04-23,2026-08-05T09:43:02,"[""api"", ""api-client"", ""api-design"", ""curl"", ""electron-app"", ""graphql"", ""grpc"", ""http-client"", ""rest-api"", ""websockets""]",39932,2358,330
meliorence/react-native-render-html,typescript,https://github.com/meliorence/react-native-render-html.git,7539539,2016-11-29,2024-10-02T08:06:15,"[""android"", ""css"", ""customizable"", ""html"", ""ios"", ""react-native"", ""render"", ""styling""]",3465,587,49
wojtekmaj/react-calendar,typescript,https://github.com/wojtekmaj/react-calendar.git,7539862,2017-07-27,2026-07-25T09:18:46,"[""calendar"", ""date"", ""date-picker"", ""month-picker"", ""react""]",3785,530,38
facebook/react-native-website,typescript,https://github.com/facebook/react-native-website.git,7540082,2017-10-31,2026-03-27T08:47:41,"[""docusaurus"", ""react"", ""react-native""]",2108,5942,422
serverless-stack/serverless-stack,typescript,https://github.com/serverless-stack/serverless-stack.git,7540943,2020-08-04,2022-01-07T05:05:08,[],4154,256,44
microsoft/appcenter-cli,typescript,https://github.com/microsoft/appcenter-cli.git,7541926,2016-09-14,2026-02-25T11:28:01,[],589,237,90
withfig/autocomplete,typescript,https://github.com/withfig/autocomplete.git,7543339,2020-09-29,2025-05-05T05:15:31,"[""autocomplete"", ""bash"", ""cli"", ""fig"", ""fish"", ""hacktoberfest"", ""iterm2"", ""macos"", ""shell"", ""terminal"", ""typescript"", ""zsh""]",24902,5518,408
abrahamjuliot/creepjs,typescript,https://github.com/abrahamjuliot/creepjs.git,7546379,2020-05-23,2026-06-11T02:46:58,"[""browser-fingerprinting"", ""device"", ""device-fingerprint"", ""fingerprinting"", ""privacy-protection"", ""security""]",2417,288,14
stalniy/casl,typescript,https://github.com/stalniy/casl.git,7555673,2017-07-18,2026-08-05T11:01:10,"[""acl"", ""authorization"", ""cancan"", ""casl"", ""isomorphic-javascript"", ""permissions""]",7026,304,72
motoorikashin/bilibili-old,typescript,https://github.com/motoorikashin/bilibili-old.git,7560791,2020-01-29,2026-06-17T02:25:45,"[""bangumi"", ""bilibili"", ""chrome"", ""manifest-v3"", ""tampermonkey"", ""typescript"", ""userscript""]",664,63,9
geekyants/nativebase,typescript,https://github.com/geekyants/nativebase.git,7564580,2016-04-15,2026-01-31T05:46:33,"[""android"", ""hacktoberfest"", ""ios"", ""native-platforms"", ""nativebase"", ""nextjs"", ""react"", ""react-native"", ""ui-components""]",20379,2411,221
nukeop/nuclear,typescript,https://github.com/nukeop/nuclear.git,7565096,2016-09-22,2026-08-05T12:16:26,"[""agent"", ""ai"", ""desktop-app"", ""linux"", ""mac"", ""mcp"", ""mcp-server"", ""music"", ""music-player"", ""react"", ""rust"", ""spotify"", ""streaming"", ""tauri"", ""typescript"", ""windows""]",18200,1309,2
mifi/lossless-cut,typescript,https://github.com/mifi/lossless-cut.git,7565121,2016-10-30,2026-08-04T10:32:03,"[""codec"", ""cut"", ""editor"", ""ffmpeg"", ""lossless"", ""losslesscut"", ""player"", ""video"", ""video-editor"", ""video-files""]",42644,2103,135
appwrite/appwrite,typescript,https://github.com/appwrite/appwrite.git,7565341,2019-04-08,2026-08-05T01:50:38,"[""android"", ""appwrite"", ""backend"", ""backend-as-a-service"", ""docker"", ""firebase"", ""flutter"", ""hosting"", ""ios"", ""javascript"", ""nextjs"", ""react"", ""react-native"", ""reactnative"", ""self-hosted"", ""selfhosted"", ""serverless"", ""supabase"", ""swift"", ""web""]",56785,5607,363
budibase/budibase,typescript,https://github.com/budibase/budibase.git,7566143,2019-06-07,2026-08-05T03:45:01,"[""ai-app-builder"", ""ai-applications"", ""crud-app"", ""crud-application"", ""data-application"", ""data-apps"", ""internal-tools"", ""it-workflows"", ""low-code"", ""low-code-no-code"", ""low-code-platform"", ""no-code"", ""no-code-platform"", ""open-source"", ""rest-api-framework"", ""sql-gui"", ""workflow-apps"", ""workflow-automation"", ""workflow-engine""]",28183,2192,121
jitsi/lib-jitsi-meet,typescript,https://github.com/jitsi/lib-jitsi-meet.git,7567273,2016-01-27,2026-08-05T07:03:18,[],1416,1179,131
chatwoot/chatwoot-mobile-app,typescript,https://github.com/chatwoot/chatwoot-mobile-app.git,7571388,2019-11-25,2026-08-04T12:57:38,"[""android"", ""chatwoot"", ""conversations"", ""customer-support"", ""ios"", ""react-native""]",1004,504,25
epam/ketcher,typescript,https://github.com/epam/ketcher.git,7572021,2017-09-05,2026-08-05T07:51:08,"[""amino-acid-sequence"", ""amino-acids"", ""cdx"", ""cdxml"", ""cheminformatics"", ""chemistry"", ""cml"", ""fasta"", ""helm"", ""idt"", ""lifescience"", ""mdl-molfile"", ""molecule"", ""molecule-editor"", ""molfile"", ""nucleotide-sequence"", ""nucleotides"", ""peptides"", ""smarts"", ""smiles""]",852,257,200
posthog/posthog.com,typescript,https://github.com/posthog/posthog.com.git,7576115,2020-05-01,2026-08-06T12:00:46,"[""design"", ""docs"", ""gatsby"", ""handbook"", ""posthog"", ""tailwindcss""]",1115,874,412
appy-one/acebase,typescript,https://github.com/appy-one/acebase.git,7577136,2018-06-19,2026-06-25T04:55:20,"[""acebase"", ""angular"", ""browser"", ""database"", ""electron"", ""firebase"", ""indexeddb"", ""javascript"", ""nodejs"", ""nosql"", ""nosql-database"", ""react"", ""realtime"", ""realtime-database"", ""svelte"", ""typescript""]",523,31,10
sghall/react-vertex,typescript,https://github.com/sghall/react-vertex.git,7580016,2019-05-14,2023-01-07T05:38:37,[],1239,24,1
supabase/postgres-meta,typescript,https://github.com/supabase/postgres-meta.git,7582511,2020-05-20,2026-08-05T05:20:55,"[""database"", ""postgres"", ""postgresql""]",1230,214,59
gram-js/gramjs,typescript,https://github.com/gram-js/gramjs.git,7583110,2019-08-11,2026-07-14T07:50:48,"[""api-client"", ""browser"", ""hacktoberfest"", ""javascript"", ""mtproto"", ""nodejs"", ""telegram"", ""telegram-client""]",1769,231,50
material-shell/material-shell,typescript,https://github.com/material-shell/material-shell.git,7589437,2019-05-02,2024-07-22T08:04:02,"[""gnome"", ""gnome-shell"", ""gnome-shell-extension"", ""hacktoberfest"", ""linux"", ""material"", ""material-design"", ""material-shell"", ""materialshell"", ""tiling-window-manager""]",7250,183,44
linear/linear,typescript,https://github.com/linear/linear.git,7592808,2019-04-11,2026-08-05T12:46:25,[],1542,278,46
felixmosh/bull-board,typescript,https://github.com/felixmosh/bull-board.git,7601229,2019-08-23,2026-08-05T08:23:13,"[""bull"", ""bullmq"", ""bullmq-pro"", ""redis""]",3432,482,129
mdbootstrap/mdb-react-ui-kit,typescript,https://github.com/mdbootstrap/mdb-react-ui-kit.git,7610626,2017-09-07,2025-12-08T10:43:45,"[""bootstrap"", ""bootstrap4"", ""bootstrap5"", ""css"", ""design"", ""html"", ""javascript"", ""library"", ""material"", ""material-design"", ""material-design-for-bootstrap"", ""mdbootstrap"", ""react"", ""react-components"", ""react17"", ""reactjs"", ""scss"", ""ui-kit"", ""uikit""]",1429,261,12
gregordr/imagestore,typescript,https://github.com/gregordr/imagestore.git,7625960,2020-12-07,2024-06-01T12:44:29,"[""album"", ""images"", ""labelers"", ""media"", ""photo"", ""photos"", ""storage""]",690,31,7
julianpoy/recipesage,typescript,https://github.com/julianpoy/recipesage.git,7635434,2019-01-07,2026-08-05T05:48:24,[],932,99,62
concrete-utopia/utopia,typescript,https://github.com/concrete-utopia/utopia.git,7637790,2020-05-27,2025-06-25T07:39:05,"[""future"", ""now"", ""utopia""]",3756,176,19
portainer/portainer,typescript,https://github.com/portainer/portainer.git,7791517,2016-05-19,2026-08-05T01:31:12,"[""docker"", ""docker-compose"", ""docker-container"", ""docker-deployment"", ""docker-image"", ""docker-swarm"", ""docker-ui"", ""dockerfile"", ""hacktoberfest"", ""kubernetes"", ""moby"", ""portainer"", ""ui""]",38157,2873,230
invertase/react-native-firebase,typescript,https://github.com/invertase/react-native-firebase.git,7792053,2017-02-01,2026-08-05T06:41:46,"[""analytics"", ""android"", ""auth"", ""crashlytics"", ""database"", ""fcm"", ""firebase"", ""firestore"", ""ios"", ""javascript"", ""push-notifications"", ""react"", ""react-hooks"", ""react-native"", ""react-native-app"", ""realtime-database"", ""remote-config"", ""storage"", ""transactions"", ""web-sdk""]",12302,2320,421
uber/baseweb,typescript,https://github.com/uber/baseweb.git,7792614,2018-03-09,2026-07-07T09:30:47,"[""component-library"", ""design-systems"", ""react"", ""react-components""]",8992,873,237
software-mansion/react-native-reanimated,typescript,https://github.com/software-mansion/react-native-reanimated.git,7792916,2018-04-25,2026-08-05T09:56:42,"[""animation"", ""gesture"", ""javascript"", ""multithreading"", ""react-native"", ""react-native-reanimated"", ""react-native-worklets"", ""worklets""]",10944,1491,412
carbon-design-system/carbon,typescript,https://github.com/carbon-design-system/carbon.git,7792990,2017-03-13,2026-08-05T08:00:53,"[""design-system"", ""hacktoberfest"", ""javascript"", ""react"", ""scss""]",9333,2235,374
pinterest/gestalt,typescript,https://github.com/pinterest/gestalt.git,7793148,2018-02-16,2026-01-15T08:13:21,"[""design-system"", ""javascript"", ""react""]",4338,376,137
wix/react-native-ui-lib,typescript,https://github.com/wix/react-native-ui-lib.git,7793476,2017-02-08,2026-08-02T11:29:07,"[""android"", ""components"", ""hacktoberfest"", ""ios"", ""react-native"", ""tools"", ""ui""]",7155,752,150
jetbrains/ring-ui,typescript,https://github.com/jetbrains/ring-ui.git,7793613,2017-07-19,2026-08-03T02:46:12,"[""components"", ""jetbrains-ui"", ""react""]",3785,203,63
visgl/luma.gl,typescript,https://github.com/visgl/luma.gl.git,7794326,2016-01-25,2026-07-26T12:59:40,"[""data-visualization"", ""uber"", ""webgl""]",2458,227,66
diygod/rsshub-radar,typescript,https://github.com/diygod/rsshub-radar.git,7794387,2019-07-16,2026-04-02T08:59:07,"[""browser-extension"", ""chrome-extension"", ""firefox-addon"", ""rss"", ""rsshub""]",7144,409,39
seanprashad/leetcode-patterns,typescript,https://github.com/seanprashad/leetcode-patterns.git,7794482,2018-12-31,2026-08-04T11:52:11,"[""algorithms"", ""data-structures"", ""interview-prep"", ""interview-questions"", ""leetcode"", ""leetcode-patterns"", ""study-guide""]",13561,2180,35
opencti-platform/opencti,typescript,https://github.com/opencti-platform/opencti.git,7794526,2018-12-17,2026-08-05T09:03:51,"[""cti"", ""cyber"", ""cybersecurity"", ""intelligence"", ""osint"", ""security"", ""threat-intelligence""]",9777,1426,198
mattermost/mattermost-mobile,typescript,https://github.com/mattermost/mattermost-mobile.git,7794734,2016-10-07,2026-08-05T11:38:56,"[""hacktoberfest"", ""mattermost-mobile""]",2705,1648,196
mattermost/mattermost-webapp,typescript,https://github.com/mattermost/mattermost-webapp.git,7794920,2017-09-07,2023-11-16T08:56:59,"[""hacktoberfest""]",2294,2763,397
jaegertracing/jaeger-ui,typescript,https://github.com/jaegertracing/jaeger-ui.git,7796211,2017-02-23,2026-08-05T04:11:42,"[""apm"", ""distributed-tracing"", ""hacktoberfest"", ""jaeger"", ""javascript"", ""monitoring"", ""opentracing"", ""react"", ""reactjs"", ""site-reliability-engineering"", ""sre"", ""trace"", ""tracing"", ""typescript"", ""ui""]",1517,806,180
googleapis/nodejs-firestore,typescript,https://github.com/googleapis/nodejs-firestore.git,7796929,2017-07-26,2026-03-04T09:16:52,"[""database"", ""firestore"", ""nodejs"", ""nosql""]",663,163,65
opencollective/opencollective-frontend,typescript,https://github.com/opencollective/opencollective-frontend.git,7797198,2016-12-12,2026-08-05T09:12:16,"[""graphql"", ""nextjs"", ""opencollective"", ""react"", ""webpack""]",894,448,154
skyscanner/backpack,typescript,https://github.com/skyscanner/backpack.git,7797376,2017-03-22,2026-08-05T08:27:42,"[""backpack"", ""component-library"", ""design-system"", ""nodejs"", ""react"", ""skyscanner""]",543,210,187
cypress-io/cypress-documentation,typescript,https://github.com/cypress-io/cypress-documentation.git,7797716,2016-01-11,2026-08-05T03:52:53,"[""accessibility"", ""accessibility-testing"", ""api"", ""cypress"", ""documentation"", ""examples"", ""faq"", ""guides"", ""how-to"", ""integrations"", ""plugins"", ""ui"", ""ui-coverage""]",1044,1059,419
edgeapp/edge-react-gui,typescript,https://github.com/edgeapp/edge-react-gui.git,7798007,2016-11-22,2026-08-06T01:58:12,"[""bitcoin"", ""bitcoin-cash"", ""dash"", ""ethereum"", ""gui"", ""litecoin"", ""react-native"", ""wallet""]",517,292,49
metamask/metamask-mobile,typescript,https://github.com/metamask/metamask-mobile.git,7798387,2018-07-18,2026-08-06T01:03:45,"[""android"", ""dapps-browser"", ""ios"", ""javascript"", ""metamask"", ""react-native"", ""web3""]",3004,1633,300
zachowj/node-red-contrib-home-assistant-websocket,typescript,https://github.com/zachowj/node-red-contrib-home-assistant-websocket.git,7798716,2018-09-16,2026-08-01T03:12:21,"[""home"", ""home-assistant"", ""home-automation"", ""node-red""]",597,125,52
getstream/stream-chat-react,typescript,https://github.com/getstream/stream-chat-react.git,7799158,2019-02-12,2026-08-05T03:36:04,"[""chat"", ""chat-sdk"", ""chat-sdk-js"", ""getstream"", ""getstream-io"", ""react"", ""react-chat"", ""react-chat-app"", ""react-chatting"", ""react-components""]",838,299,67
gladly-team/next-firebase-auth,typescript,https://github.com/gladly-team/next-firebase-auth.git,7801864,2020-10-01,2024-12-27T04:58:21,"[""cookies"", ""firebase"", ""firebase-authentication"", ""firebase-js-sdk"", ""next"", ""nextjs""]",1348,290,21
zettlr/zettlr,typescript,https://github.com/zettlr/zettlr.git,7811815,2017-12-26,2026-08-04T06:42:55,"[""desktop"", ""docx"", ""electron"", ""html"", ""languages"", ""libreoffice"", ""linux"", ""macos"", ""markdown"", ""nodejs"", ""office"", ""offline"", ""pandoc"", ""pdf"", ""productivity"", ""windows"", ""zettlr""]",13344,824,169
keystonejs/keystone,typescript,https://github.com/keystonejs/keystone.git,7811978,2018-04-05,2026-08-05T12:01:33,"[""cms"", ""cms-framework"", ""graphql"", ""keystonejs"", ""nodejs"", ""react""]",9937,1262,263
garmeeh/next-seo,typescript,https://github.com/garmeeh/next-seo.git,7812230,2018-06-12,2026-07-29T07:47:06,"[""hacktoberfest"", ""hacktoberfest-accepted"", ""json-ld"", ""nextjs"", ""react"", ""seo"", ""typescript""]",8502,453,112
devexpress/devextreme,typescript,https://github.com/devexpress/devextreme.git,7812668,2017-04-17,2026-08-05T08:53:02,"[""chart"", ""charting-library"", ""charts"", ""datagrid"", ""devexpress"", ""filemanager"", ""gantt"", ""html"", ""javascript"", ""pivotgrid"", ""responsive"", ""scheduler"", ""treelist"", ""ui-components"", ""widgets""]",1912,672,178
nuxt/content,typescript,https://github.com/nuxt/content.git,7812765,2020-03-31,2026-07-30T03:14:02,"[""cms"", ""git-cms"", ""markdown"", ""mdc"", ""nuxt"", ""nuxt-module"", ""vue""]",3654,744,308
rocketchat/rocket.chat.reactnative,typescript,https://github.com/rocketchat/rocket.chat.reactnative.git,7812940,2017-08-03,2026-08-05T10:24:03,"[""android"", ""chat"", ""hacktoberfest"", ""ios"", ""react-native""]",2413,1465,133
bbc/simorgh,typescript,https://github.com/bbc/simorgh.git,7813492,2018-05-18,2026-08-05T04:34:33,"[""article"", ""bbc"", ""express"", ""news"", ""nextjs"", ""react"", ""reactjs"", ""typescript""]",1706,280,117
czy0729/bangumi,typescript,https://github.com/czy0729/bangumi.git,7813684,2019-05-08,2026-08-02T10:01:58,"[""android"", ""android-app"", ""bangumi"", ""design"", ""expo"", ""ios"", ""ios-app"", ""mobx"", ""moe"", ""react"", ""react-native""]",5809,168,5
visgl/loaders.gl,typescript,https://github.com/visgl/loaders.gl.git,7814110,2018-09-07,2026-08-05T11:01:05,"[""3d-tiles"", ""apache-arrow"", ""apache-parquet"", ""basis"", ""csv"", ""draco"", ""geoarrow"", ""geoparquet"", ""gltf"", ""i3s"", ""javascript"", ""las"", ""loaders"", ""nodejs"", ""obj"", ""ply"", ""streaming"", ""wkb"", ""wkt"", ""workers""]",846,227,102
irislib/iris-messenger,typescript,https://github.com/irislib/iris-messenger.git,7814655,2020-01-13,2024-10-19T08:37:03,"[""nostr""]",721,157,50
maplibre/maplibre-gl-js,typescript,https://github.com/maplibre/maplibre-gl-js.git,7822297,2020-12-08,2026-08-05T09:07:17,"[""hacktoberfest"", ""maplibre"", ""maplibre-gl"", ""maplibre-gl-js"", ""typescript"", ""webgl2""]",11282,1164,383
input-output-hk/daedalus,typescript,https://github.com/input-output-hk/daedalus.git,7822613,2016-10-05,2026-08-05T03:38:28,[],1243,295,69
koenkk/zigbee-herdsman-converters,typescript,https://github.com/koenkk/zigbee-herdsman-converters.git,7823424,2018-05-23,2026-08-05T07:44:59,"[""hacktoberfest""]",1209,4327,464
androz2091/discord-player,typescript,https://github.com/androz2091/discord-player.git,7824108,2020-01-11,2026-07-25T03:34:05,"[""bot"", ""custom"", ""discord"", ""discord-player"", ""framework"", ""hacktoberfest"", ""music"", ""play"", ""queue-management"", ""search"", ""youtube""]",637,200,86
nandorojo/moti,typescript,https://github.com/nandorojo/moti.git,7833453,2020-10-17,2025-03-11T08:26:04,[],4238,135,29
react-querybuilder/react-querybuilder,typescript,https://github.com/react-querybuilder/react-querybuilder.git,7835207,2016-06-17,2026-08-05T02:10:20,"[""builder"", ""component"", ""custom"", ""mongodb"", ""query"", ""query-builder"", ""querybuilder"", ""react"", ""rule-builder"", ""sql""]",1712,312,49
truenas/webui,typescript,https://github.com/truenas/webui.git,7837275,2017-05-02,2026-08-05T05:34:51,[],530,406,187
penrose/penrose,typescript,https://github.com/penrose/penrose.git,7847104,2016-09-22,2026-08-04T06:28:32,"[""diagrams"", ""domain-specific-language"", ""mathematics"", ""programming-language"", ""visualization""]",7966,359,40
windicss/windicss,typescript,https://github.com/windicss/windicss.git,7849691,2020-12-29,2023-04-15T06:38:06,[],6307,170,51
reimagined/resolve,typescript,https://github.com/reimagined/resolve.git,7850323,2017-04-18,2022-12-12T01:49:42,[],711,86,30
laurent22/joplin,typescript,https://github.com/laurent22/joplin.git,7912768,2017-01-16,2026-08-05T10:43:47,"[""android"", ""dropbox"", ""electron"", ""enex-files"", ""evernote"", ""javascript"", ""joplin"", ""nextcloud"", ""nodejs"", ""note-taking"", ""notesnook"", ""obsidian"", ""onedrive"", ""react-native"", ""standardnotes"", ""synchronisation"", ""web-clipper"", ""webdav""]",55845,6215,437
outline/outline,typescript,https://github.com/outline/outline.git,7913562,2016-05-22,2026-08-05T04:37:30,"[""docker"", ""javascript"", ""mobx"", ""nodejs"", ""react"", ""slack"", ""wiki""]",40014,3464,244
jupyterlab/jupyterlab,typescript,https://github.com/jupyterlab/jupyterlab.git,7913597,2016-06-03,2026-08-04T04:27:57,"[""jupyter"", ""jupyterlab""]",15242,4039,365
github/docs,typescript,https://github.com/github/docs.git,7915057,2019-05-31,2026-08-05T11:43:29,"[""docs"", ""works-with-codespaces""]",20617,68159,427
bitfocus/companion,typescript,https://github.com/bitfocus/companion.git,7916758,2018-04-23,2026-08-05T10:11:46,"[""artnet"", ""atem"", ""companion"", ""dmx"", ""elgato"", ""eventmaster"", ""hacktoberfest"", ""obs"", ""osc"", ""qlab"", ""ross"", ""streamdeck"", ""vmix""]",2245,591,100
rainbow-me/rainbow,typescript,https://github.com/rainbow-me/rainbow.git,7917102,2019-03-20,2026-08-05T07:36:17,"[""defi"", ""ethereum"", ""ethereum-wallet"", ""rainbow"", ""react-native""]",4379,753,67
conwnet/github1s,typescript,https://github.com/conwnet/github1s.git,7925934,2019-06-16,2026-08-05T07:21:20,"[""hacktoberfest"", ""vscode""]",23292,907,43
diygod/rsshub,typescript,https://github.com/diygod/rsshub.git,7960810,2018-04-02,2026-08-05T08:50:18,"[""bilibili"", ""douban"", ""dribbble"", ""instagram"", ""lofter"", ""pixiv"", ""rss"", ""rsshub"", ""spotify"", ""telegram"", ""tiktok"", ""twitter"", ""v2ex"", ""wechat"", ""weibo"", ""ximalaya"", ""youtube"", ""zhihu""]",45599,10087,425
koenkk/zigbee2mqtt,typescript,https://github.com/koenkk/zigbee2mqtt.git,7961412,2018-04-08,2026-08-05T08:19:45,"[""hacktoberfest""]",15474,1978,462
bluewallet/bluewallet,typescript,https://github.com/bluewallet/bluewallet.git,7962597,2018-01-14,2026-08-05T08:07:18,"[""bitcoin"", ""bitcoinjs"", ""blockchain"", ""cryptocurrency"", ""react-native"", ""reactnative""]",3258,1041,115
peppermint-lab/peppermint,typescript,https://github.com/peppermint-lab/peppermint.git,7964986,2020-11-05,2025-08-07T07:04:46,"[""crm"", ""customer-relationship-management"", ""docker"", ""full-stack"", ""helpdesk"", ""issue-tracker"", ""javascript"", ""jira"", ""knowledge-base"", ""nextjs"", ""nodejs"", ""notebook"", ""peppermint"", ""prisma"", ""react"", ""self-hosted"", ""ticket-management"", ""ticketing-system"", ""zendesk"", ""zoho-crm""]",2621,278,45
pmndrs/leva,typescript,https://github.com/pmndrs/leva.git,7970271,2020-11-07,2025-11-09T12:28:35,"[""gui"", ""react""]",5607,216,40
kolplattformen/skolplattformen,typescript,https://github.com/kolplattformen/skolplattformen.git,7989831,2020-12-07,2024-11-09T02:47:55,"[""app"", ""civic-tech"", ""react-native"", ""school-education""]",799,177,57
youzan/vant,typescript,https://github.com/youzan/vant.git,7991675,2017-04-19,2026-08-05T02:24:33,"[""components"", ""mobile"", ""ui-kit"", ""ui-library"", ""vant"", ""vue"", ""vue3""]",24361,9403,358
iduxfe/idux,typescript,https://github.com/iduxfe/idux.git,7993784,2020-12-11,2026-03-23T03:32:21,"[""components"", ""idux"", ""typescript"", ""ui-components"", ""vue"", ""vue3""]",572,150,56
common-voice/common-voice,typescript,https://github.com/common-voice/common-voice.git,8007622,2017-05-05,2026-08-05T10:02:19,"[""crowdsourcing"", ""internet-freedom"", ""open-data"", ""voice""]",3477,870,301
ustaxes/ustaxes,typescript,https://github.com/ustaxes/ustaxes.git,8468975,2020-03-27,2026-07-25T08:59:35,[],1660,140,39
brick-design/brick-design,typescript,https://github.com/brick-design/brick-design.git,8639861,2020-02-16,2023-10-30T03:20:32,"[""drag-and-drop"", ""h5-editor"", ""html-builder"", ""low-code"", ""lowcode"", ""no-code"", ""nocode"", ""page-builder"", ""page-editor"", ""react"", ""site-builder"", ""site-generator"", ""typescript"", ""web-builder"", ""web-design"", ""web-editor""]",4909,755,5
polygonjs/polygonjs,typescript,https://github.com/polygonjs/polygonjs.git,8748666,2019-12-30,2025-07-10T03:55:30,"[""3d"", ""3d-engine"", ""animation"", ""computer-graphics"", ""creative-coding"", ""geometry-processing"", ""glsl"", ""javascript"", ""nocode"", ""node-based"", ""procedural"", ""procedural-generation"", ""rendering"", ""tech-art"", ""threejs"", ""visual-programming"", ""webgl"", ""webgl-library""]",728,60,4
doocs/md,typescript,https://github.com/doocs/md.git,9546993,2019-11-01,2026-08-05T01:04:32,"[""ai-bot"", ""doocs"", ""editor"", ""llm"", ""markdown"", ""markdown-editor"", ""tailwindcss"", ""vite"", ""vue"", ""vue3"", ""wechat"", ""weixin""]",13134,2207,54
dmotz/trystero,typescript,https://github.com/dmotz/trystero.git,9586547,2020-10-26,2026-07-22T02:05:37,"[""bittorrent"", ""chat"", ""decentralized"", ""firebase"", ""ipfs"", ""javascript"", ""matchmaking"", ""mqtt"", ""nostr"", ""p2p"", ""peer-to-peer"", ""realtime"", ""serverless"", ""signaling"", ""signalling"", ""supabase"", ""web3"", ""webrtc"", ""webtorrent""]",2665,155,11
dorny/test-reporter,typescript,https://github.com/dorny/test-reporter.git,9648819,2020-10-01,2026-07-23T11:52:33,"[""ci-cd"", ""github-actions"", ""reporting"", ""testing""]",1170,293,56
purocean/yn,typescript,https://github.com/purocean/yn.git,9653103,2018-01-29,2026-08-05T02:33:56,"[""agent"", ""chatgpt"", ""deepseek"", ""drawio"", ""editor"", ""electron"", ""gemini"", ""koa2"", ""markdown"", ""markdown-editor"", ""markdown-it"", ""mermaid"", ""monaco-editor"", ""notebook"", ""openai"", ""opencode"", ""plantuml"", ""reveal-js"", ""vscode"", ""vue""]",6671,924,10
lostintangent/gistpad,typescript,https://github.com/lostintangent/gistpad.git,9670766,2019-11-24,2026-02-13T08:07:28,"[""collaboration"", ""gist"", ""github"", ""github-gists"", ""markdown"", ""notebook"", ""vscode"", ""vscode-extension""]",1050,77,30
medusajs/medusa,typescript,https://github.com/medusajs/medusa.git,9968817,2020-01-18,2026-08-05T08:09:19,"[""ai-coding"", ""ai-tools"", ""commerce"", ""e-commerce"", ""ecommerce"", ""framework"", ""javascript"", ""medusa"", ""nodejs"", ""react"", ""typescript""]",35597,5032,454
mdn/yari,typescript,https://github.com/mdn/yari.git,10222553,2019-05-22,2026-06-30T03:09:59,"[""mdn"", ""yari""]",1293,555,195
openkraken/kraken,typescript,https://github.com/openkraken/kraken.git,10271028,2020-12-04,2022-12-30T03:02:55,[],4778,287,16
thealgorithms/website,typescript,https://github.com/thealgorithms/website.git,10277309,2020-12-01,2026-07-23T12:12:41,"[""algorithms"", ""hacktoberfest"", ""i18next"", ""nextjs"", ""static"", ""translations"", ""typescript"", ""vercel"", ""yarn""]",1038,222,101
heroic-games-launcher/heroicgameslauncher,typescript,https://github.com/heroic-games-launcher/heroicgameslauncher.git,10413326,2020-12-30,2026-08-05T12:52:49,"[""amazon-prime"", ""electron"", ""epic-games-launcher"", ""epic-games-store"", ""epic-store"", ""gaming"", ""gog"", ""gog-galaxy"", ""heroic-games-launcher"", ""linux"", ""play-games"", ""proton"", ""steam"", ""wine""]",11919,654,194
subquery/subql,typescript,https://github.com/subquery/subql.git,10420633,2020-12-15,2026-04-01T02:17:48,[],18822,393,61
linagora/twake,typescript,https://github.com/linagora/twake.git,10559378,2020-06-13,2026-02-11T03:50:56,"[""calendar"", ""chat"", ""collaboration"", ""drive"", ""file-sharing"", ""kanban"", ""kanban-board"", ""teamwork"", ""tool""]",1905,206,32
johnlindquist/kit,typescript,https://github.com/johnlindquist/kit.git,10946225,2020-12-01,2025-12-05T05:27:13,[],4142,148,23
qa-guru/allure-notifications,typescript,https://github.com/qa-guru/allure-notifications.git,11170888,2019-11-26,2026-08-04T08:17:44,"[""allure-notifications""]",579,96,25
stryker-mutator/stryker-js,typescript,https://github.com/stryker-mutator/stryker-js.git,11481691,2016-02-12,2026-08-02T02:44:27,"[""hacktoberfest"", ""javascript"", ""mutation-testing"", ""stryker"", ""test-automation"", ""testing"", ""testing-tools"", ""typescript""]",2986,274,141
kubernetes-sigs/kui,typescript,https://github.com/kubernetes-sigs/kui.git,12112506,2018-11-26,2025-07-12T10:06:01,"[""cli"", ""dashboard"", ""electron"", ""kubectl"", ""kubernetes"", ""plugin"", ""ui"", ""visualization"", ""visualizations""]",2916,185,24
asyncapi/website,typescript,https://github.com/asyncapi/website.git,12258226,2017-05-12,2026-08-05T05:31:43,"[""nextjs"", ""react"", ""tailwindcss""]",716,1239,323
misskey-dev/misskey,typescript,https://github.com/misskey-dev/misskey.git,12260241,2016-12-25,2026-08-05T12:31:13,"[""activitypub"", ""federation"", ""fediverse"", ""microblog"", ""misskey""]",11274,1601,301
mswjs/interceptors,typescript,https://github.com/mswjs/interceptors.git,12265658,2020-04-26,2026-07-25T01:17:26,"[""fetch"", ""http"", ""https"", ""intercept"", ""interceptor"", ""mock"", ""node"", ""nodejs"", ""request"", ""request-interception"", ""xhr""]",674,167,71
github0null/eide,typescript,https://github.com/github0null/eide.git,12929372,2019-10-17,2026-08-05T02:46:55,"[""8051"", ""arm"", ""arm-none-eabi"", ""armcc"", ""armclang"", ""avr"", ""clang"", ""cortex-m"", ""dev"", ""gcc"", ""ide"", ""llvm"", ""mcp"", ""mcs51"", ""mcu"", ""riscv"", ""sdcc"", ""stm32"", ""stm8"", ""vscode""]",1022,105,7
ad044/laintsx,typescript,https://github.com/ad044/laintsx.git,13218162,2020-08-23,2026-04-29T10:16:07,"[""lain"", ""webgl""]",672,40,9
marcantondahmen/automad,typescript,https://github.com/marcantondahmen/automad.git,13934658,2019-08-25,2026-08-01T06:14:22,"[""automad"", ""cms"", ""flat-file"", ""template-language""]",924,54,1
saltbo/zpan,typescript,https://github.com/saltbo/zpan.git,14668292,2019-09-28,2026-08-05T07:01:14,"[""cloud"", ""cloud-storage"", ""disk"", ""filesharing"", ""oss"", ""remote-downloader"", ""s3"", ""webdav""]",2048,282,14
jmartin82/mmock,typescript,https://github.com/jmartin82/mmock.git,14668675,2016-06-13,2026-04-10T03:26:09,"[""golang"", ""http"", ""httpmock"", ""mock"", ""prototyping"", ""stubbing""]",694,86,36
longshotlabs/simpl-schema,typescript,https://github.com/longshotlabs/simpl-schema.git,15374994,2016-07-01,2026-04-08T09:24:46,[],561,115,33
arjunattam/vscode-chat,typescript,https://github.com/arjunattam/vscode-chat.git,15440044,2018-06-22,2023-01-06T01:58:15,[],501,67,8
supabase/cli,typescript,https://github.com/supabase/cli.git,15509744,2020-11-19,2026-08-06T01:45:49,"[""cli"", ""database"", ""database-management"", ""dbms"", ""environment"", ""local"", ""postgres"", ""postgresql"", ""supabase""]",2383,506,172
alchemist0823/three.quarks,typescript,https://github.com/alchemist0823/three.quarks.git,15510477,2019-06-16,2026-05-21T01:48:08,"[""animation"", ""devtools"", ""particles"", ""threejs"", ""webgl""]",937,55,10
chenhb23/lanzouyun-disk,typescript,https://github.com/chenhb23/lanzouyun-disk.git,15518374,2020-11-09,2026-05-21T01:42:55,"[""baidupan"", ""electron"", ""lanzou"", ""lanzouyun"", ""macos"", ""nodejs"", ""windows""]",1867,188,1
qsnh/meedu,typescript,https://github.com/qsnh/meedu.git,15548947,2018-03-31,2026-06-17T02:23:33,[],3845,1031,6
hexlet-basics/hexlet-basics,typescript,https://github.com/hexlet-basics/hexlet-basics.git,15597804,2020-05-05,2026-08-04T12:51:47,"[""hacktoberfest"", ""learn-to-code""]",529,101,53
tulir/gomuks,typescript,https://github.com/tulir/gomuks.git,15648703,2018-02-24,2025-05-31T08:43:32,"[""golang"", ""matrix"", ""matrix-client"", ""matrix-org"", ""tui""]",1459,125,28
foxxmd/multi-scrobbler,typescript,https://github.com/foxxmd/multi-scrobbler.git,16005936,2020-11-10,2026-08-05T07:18:54,"[""deezer"", ""docker"", ""jellyfin"", ""koito"", ""lastfm"", ""listenbrainz"", ""maloja"", ""mopidy"", ""mpris"", ""music"", ""music-assistant"", ""plex"", ""scrobble"", ""self-hosted"", ""spotify"", ""subsonic"", ""tautulli"", ""youtube-music""]",1160,47,25
dflex-js/dflex,typescript,https://github.com/dflex-js/dflex.git,16024306,2020-05-12,2024-06-01T11:49:32,"[""dnd"", ""dom-api"", ""dom-manipulation"", ""dom-store"", ""drag-and-drop"", ""draggable"", ""droppable"", ""sortable""]",1736,27,9
pinterest/querybook,typescript,https://github.com/pinterest/querybook.git,16068714,2020-03-05,2026-07-10T12:33:07,"[""analyses"", ""celery"", ""charting"", ""flask"", ""hive"", ""metastore"", ""notebook"", ""presto"", ""typescript""]",2263,293,56
pixijs/filters,typescript,https://github.com/pixijs/filters.git,16069206,2016-02-28,2025-12-31T01:45:59,"[""filters-pixijs"", ""glsl-shaders"", ""pixijs"", ""webgl""]",1085,171,51
twurple/twurple,typescript,https://github.com/twurple/twurple.git,16097326,2017-07-02,2026-08-02T10:36:35,"[""api"", ""api-client"", ""chat-bot"", ""chatbot"", ""eventsub"", ""extension"", ""pubsub"", ""tmi"", ""twitch"", ""twitch-api"", ""twitch-chat"", ""twitch-extension"", ""webhooks""]",744,117,62
mlogclub/bbs-go,typescript,https://github.com/mlogclub/bbs-go.git,16165721,2019-06-24,2026-08-05T08:36:23,"[""ask"", ""bbs"", ""community"", ""community-platform"", ""discussion"", ""forum"", ""golang"", ""q-and-a"", ""qna"", ""questions-and-answers"", ""react""]",3461,696,30
npmgraph/npmgraph,typescript,https://github.com/npmgraph/npmgraph.git,16475011,2017-10-14,2026-08-05T05:59:50,[],780,62,12
lyswhut/lx-music-desktop,typescript,https://github.com/lyswhut/lx-music-desktop.git,16917972,2019-08-14,2026-08-04T04:14:05,"[""electron"", ""javascript"", ""music-player"", ""vue""]",52563,6938,19
ever-co/ever-demand,typescript,https://github.com/ever-co/ever-demand.git,16929612,2018-08-25,2026-08-05T12:35:23,"[""commerce"", ""commerce-platform"", ""driver-app"", ""e-commerce"", ""ecommerce"", ""ecommerce-platform"", ""fleet"", ""inventory"", ""logistics"", ""marketplace"", ""multivendor"", ""on-demand"", ""ondemand"", ""order"", ""routes"", ""shop"", ""shopping-website"", ""storefront"", ""transportation"", ""warehouse""]",1846,476,29
plhery/node-twitter-api-v2,typescript,https://github.com/plhery/node-twitter-api-v2.git,16959609,2020-09-09,2026-08-04T07:54:41,"[""npm-package"", ""streaming-api"", ""twitter-api""]",1561,214,67
invertase/docs.page,typescript,https://github.com/invertase/docs.page.git,16961375,2020-11-11,2026-08-05T10:28:27,"[""documentation"", ""documentation-generator"", ""markdown-to-html""]",649,95,51
unigraph-dev/unigraph-dev,typescript,https://github.com/unigraph-dev/unigraph-dev.git,16961390,2020-10-11,2023-06-19T04:01:04,"[""dgraph"", ""knowledge-base"", ""knowledge-management"", ""react""]",615,39,9
svelte-add/svelte-add,typescript,https://github.com/svelte-add/svelte-add.git,17215924,2020-11-27,2024-10-20T06:08:13,"[""bootstrap"", ""bulma"", ""mdsvex"", ""svelte"", ""svelte-add"", ""svelte-kit"", ""sveltekit"", ""tailwindcss"", ""vite""]",1531,40,15
forsigner/fower,typescript,https://github.com/forsigner/fower.git,17265224,2020-09-21,2023-11-10T08:07:28,"[""css"", ""react"", ""react-native"", ""vue""]",505,31,11
replit/kaboom,typescript,https://github.com/replit/kaboom.git,17499108,2020-12-21,2024-08-04T04:55:13,"[""fun"", ""game"", ""gamedev"", ""javascript""]",2646,226,60
nocobase/nocobase,typescript,https://github.com/nocobase/nocobase.git,17524540,2020-10-24,2026-08-06T12:46:56,"[""admin-dashboard"", ""ai-agent"", ""ai-agents"", ""ai-assistant"", ""ai-tools"", ""airtable"", ""crm"", ""crud"", ""erp"", ""internal-tool"", ""internal-tools"", ""low-code"", ""lowcode"", ""no-code"", ""nocode"", ""project-management"", ""salesforce"", ""self-hosted"", ""workflows""]",23564,2813,102
allusion-app/allusion,typescript,https://github.com/allusion-app/allusion.git,17529884,2019-01-04,2024-04-19T05:39:26,"[""art"", ""desktop-application"", ""electron"", ""image-organization"", ""typescript"", ""visual-library""]",629,40,8
neo4j/graphql,typescript,https://github.com/neo4j/graphql.git,17544547,2020-08-05,2026-08-05T05:45:00,"[""graphql"", ""graphs"", ""neo4j"", ""neo4j-graphql"", ""nodes-2022"", ""typescript""]",550,163,59
mswjs/data,typescript,https://github.com/mswjs/data.git,17544921,2020-12-08,2026-07-09T12:16:19,"[""api"", ""data-modeling"", ""fixtures"", ""mocking"", ""orm"", ""testing"", ""testing-tool""]",1032,66,35
react95/react95,typescript,https://github.com/react95/react95.git,17846211,2018-04-07,2026-07-30T08:44:07,"[""design-system"", ""hacktoberfest"", ""react"", ""storybook"", ""vanilla-extract"", ""vanilla-extract-css"", ""windows95""]",3801,146,46
alibaba/x-render,typescript,https://github.com/alibaba/x-render.git,18116833,2019-09-26,2026-05-26T06:16:52,"[""ant"", ""ant-design"", ""chart"", ""form"", ""formrender"", ""javascript"", ""json-schema"", ""list"", ""react"", ""table"", ""typescript"", ""webpack"", ""widget""]",7841,1075,89
stoplightio/elements,typescript,https://github.com/stoplightio/elements.git,18172370,2019-05-03,2026-08-02T05:49:17,"[""api"", ""api-documentation"", ""gatsby"", ""hacktoberfest"", ""openapi"", ""openapi3"", ""openapi3-1"", ""react"", ""stoplight-elements"", ""stoplight-oss"", ""swagger-oss""]",2447,259,79
lit/lit-element,typescript,https://github.com/lit/lit-element.git,18179131,2017-09-02,2026-05-13T03:46:42,[],4474,314,91
cloud-carbon-footprint/cloud-carbon-footprint,typescript,https://github.com/cloud-carbon-footprint/cloud-carbon-footprint.git,18185751,2020-11-17,2026-04-23T09:45:56,"[""carbon-emissions"", ""carbon-footprint"", ""climate"", ""cloud"", ""hacktoberfest"", ""sustainability"", ""thoughtworks""]",1025,309,101
getlift/lift,typescript,https://github.com/getlift/lift.git,18186048,2020-08-28,2026-06-29T09:37:19,"[""aws"", ""aws-cdk"", ""serverless"", ""serverless-framework"", ""serverless-plugin""]",952,121,42
netless-io/flat-server,typescript,https://github.com/netless-io/flat-server.git,18187526,2020-12-01,2026-07-09T07:58:56,"[""agora"", ""agora-flat"", ""flat"", ""flat-server"", ""nodejs"", ""online-classroom""]",683,275,18
raimohanska/ourboard,typescript,https://github.com/raimohanska/ourboard.git,18190092,2020-10-19,2025-09-01T09:20:50,[],798,63,16
adguardteam/adguardhome,typescript,https://github.com/adguardteam/adguardhome.git,18235098,2016-07-06,2026-08-05T04:00:06,"[""adblock"", ""adguard"", ""dns"", ""dns-over-https"", ""dns-over-quic"", ""dns-over-tls"", ""dnscrypt"", ""golang"", ""open-source"", ""privacy""]",35928,2447,93
shellhub-io/shellhub,typescript,https://github.com/shellhub-io/shellhub.git,18239982,2019-05-16,2026-08-05T09:56:27,"[""cloud-computing"", ""embedded"", ""golang"", ""hacktoberfest"", ""iot"", ""linux"", ""raspberry-pi"", ""shellhub"", ""ssh"", ""ssh-tunnel""]",2055,186,50
sapphiredev/framework,typescript,https://github.com/sapphiredev/framework.git,18426423,2020-07-20,2026-07-31T09:17:54,"[""bot"", ""discord"", ""discord-bot-framework"", ""framework"", ""hacktoberfest""]",749,76,50
kingstinct/react-native-healthkit,typescript,https://github.com/kingstinct/react-native-healthkit.git,18433408,2020-06-26,2026-07-27T06:15:29,"[""healthkit"", ""ios"", ""react-hooks"", ""reactnative"", ""typescript""]",698,85,42
apache/apisix-dashboard,typescript,https://github.com/apache/apisix-dashboard.git,18669056,2019-07-01,2026-08-04T06:15:21,"[""api"", ""api-management"", ""apisix"", ""dashboard"", ""devops""]",1203,612,118
morethanwords/tweb,typescript,https://github.com/morethanwords/tweb.git,18879910,2020-02-06,2026-07-23T09:27:29,"[""javascript"", ""progressive-web-app"", ""single-page-app"", ""telegram"", ""webapp""]",2604,928,24
andymatuschak/orbit,typescript,https://github.com/andymatuschak/orbit.git,19421168,2020-03-24,2024-10-14T03:25:14,"[""memory-augmentation"", ""mnemonic-medium"", ""research-platform"", ""spaced-repetition""]",1704,53,7
berty/berty,typescript,https://github.com/berty/berty.git,19510715,2018-07-16,2026-08-03T11:50:25,"[""android"", ""berty"", ""censorship"", ""crdt"", ""cybersecurity"", ""encryption"", ""gomobile"", ""ios"", ""ipfs"", ""libp2p"", ""messaging"", ""mobile-app"", ""monorepo"", ""offline-first"", ""orbitdb"", ""p2p"", ""privacy"", ""react-native"", ""surveillance""]",9266,500,57
microsoft/coe-starter-kit,typescript,https://github.com/microsoft/coe-starter-kit.git,19978310,2020-09-14,2026-05-15T04:01:24,[],944,236,28
textbus/textbus,typescript,https://github.com/textbus/textbus.git,20011926,2020-05-25,2026-06-25T05:02:44,"[""collaboration"", ""collaborative-editing"", ""collaborative-framework"", ""rich-text"", ""rich-text-editor"", ""wysiwyg"", ""wysiwyg-editor"", ""wysiwyg-html-editor""]",1382,145,5
lit/lit,typescript,https://github.com/lit/lit.git,20308360,2017-06-29,2026-07-25T06:36:25,"[""html-templates"", ""lit"", ""lit-element"", ""lit-html""]",21735,1086,193
ppetzold/nestjs-paginate,typescript,https://github.com/ppetzold/nestjs-paginate.git,20361184,2020-06-26,2026-08-03T05:57:34,"[""filtering"", ""nestjs"", ""pagination""]",587,126,48
tailwindlabs/tailwindcss,typescript,https://github.com/tailwindlabs/tailwindcss.git,20664602,2017-10-06,2026-08-05T10:39:28,"[""css"", ""css-framework"", ""functional-css"", ""postcss"", ""responsive"", ""tailwindcss"", ""utility-classes""]",96785,5545,337
rancher-sandbox/rancher-desktop,typescript,https://github.com/rancher-sandbox/rancher-desktop.git,20673605,2020-10-23,2026-08-05T04:51:42,"[""containers"", ""kubernetes"", ""linux"", ""macos"", ""windows""]",7273,373,74
docker/metadata-action,typescript,https://github.com/docker/metadata-action.git,20687512,2020-10-23,2026-08-04T05:54:34,"[""docker"", ""github-actions"", ""github-actions-docker"", ""labels"", ""metadata"", ""tags""]",1138,158,27
stripe/stripe-react-native,typescript,https://github.com/stripe/stripe-react-native.git,20718051,2020-12-16,2026-08-05T10:02:49,"[""payments"", ""react-native"", ""stripe""]",1429,323,90
tiagosiebler/binance,typescript,https://github.com/tiagosiebler/binance.git,20946304,2017-08-15,2026-07-27T12:34:05,"[""api"", ""api-client"", ""api-wrapper"", ""binance"", ""binance-api"", ""binance-api-node"", ""binance-exchange"", ""binance-node"", ""binance-node-api"", ""bitcoin"", ""cryptocurrency"", ""cryptocurrency-exchanges"", ""exchange"", ""javascript"", ""nodejs"", ""rest"", ""trading"", ""typescript"", ""websocket""]",923,284,61
solidjs/solid,typescript,https://github.com/solidjs/solid.git,20957802,2018-04-24,2026-08-05T08:11:24,"[""declarative"", ""fine-grained"", ""javascript"", ""jsx"", ""performance"", ""proxies"", ""reactive"", ""solid""]",35803,1085,185
pmndrs/use-gesture,typescript,https://github.com/pmndrs/use-gesture.git,20957852,2018-03-23,2024-07-15T02:21:52,"[""drag"", ""gestures"", ""hooks"", ""pinch"", ""react"", ""scroll"", ""wheel"", ""zoom""]",8815,302,60
unjs/ipx,typescript,https://github.com/unjs/ipx.git,21980130,2017-12-10,2026-08-03T05:42:57,"[""cdn"", ""docker"", ""image"", ""libvips"", ""optimize"", ""proxy"", ""resize"", ""sharp"", ""webp""]",2441,89,35
hashintel/hash,typescript,https://github.com/hashintel/hash.git,21980861,2019-07-15,2026-08-06T12:25:23,"[""ai"", ""database"", ""graph"", ""hash"", ""rust"", ""simulation"", ""type-system"", ""typescript""]",1633,123,55
jitsucom/jitsu,typescript,https://github.com/jitsucom/jitsu.git,22045519,2020-08-04,2026-08-05T08:00:08,"[""bigquery"", ""clickhouse"", ""data-collection"", ""data-connectors"", ""data-integration"", ""golang"", ""postgres"", ""redshift"", ""snowflake""]",4966,383,29
lucaburgio/iconoir,typescript,https://github.com/lucaburgio/iconoir.git,22190778,2018-03-27,2022-07-05T07:36:00,[],2724,103,11
ever-co/ever-gauzy,typescript,https://github.com/ever-co/ever-gauzy.git,22206236,2019-06-02,2026-08-06T12:01:34,"[""accounting"", ""billing"", ""bookkeeping"", ""crm"", ""crm-platform"", ""erp"", ""expenses"", ""hr"", ""human-resources"", ""invoices"", ""invoicing"", ""issue-tracker"", ""payroll"", ""productivity"", ""project-management"", ""salary"", ""team-management"", ""time-tracker"", ""time-tracking"", ""timetracking""]",4262,850,80
niu-grandpa/rabbit-ui,typescript,https://github.com/niu-grandpa/rabbit-ui.git,22368172,2020-10-31,2024-08-06T02:27:39,"[""javascript"", ""javascript-library"", ""ui-components"", ""ui-library""]",517,11,1
tsedio/tsed,typescript,https://github.com/tsedio/tsed.git,22555555,2016-02-21,2026-08-04T10:57:23,"[""cli"", ""contribution"", ""decorators"", ""dependency-injection"", ""express"", ""hacktoberfest"", ""ioc"", ""koa"", ""lifecycle-hooks"", ""middleware"", ""multer"", ""nodejs"", ""nodejs-api"", ""nodejs-framework"", ""open-source"", ""rest-api"", ""socket-io"", ""swagger"", ""typescript"", ""typescript-framework""]",3086,291,149
1inch/shieldy,typescript,https://github.com/1inch/shieldy.git,23011268,2018-11-05,2026-02-09T10:50:29,"[""bot"", ""spam-protection"", ""telegram"", ""telegram-bot""]",950,288,41
cloud-annotations/cloud-annotations,typescript,https://github.com/cloud-annotations/cloud-annotations.git,23349349,2019-01-29,2022-07-12T05:41:45,[],2628,470,8
dailydotdev/apps,typescript,https://github.com/dailydotdev/apps.git,23611006,2020-07-30,2026-08-05T07:48:29,"[""daily"", ""extension"", ""nextjs"", ""react"", ""tailwindcss"", ""vercel"", ""webapp""]",988,298,77
axhlzy/il2cpphookscripts,typescript,https://github.com/axhlzy/il2cpphookscripts.git,23985624,2020-08-11,2026-02-02T09:35:10,"[""frida"", ""hook"", ""il2cpp"", ""unity""]",636,180,4
statoscope/statoscope,typescript,https://github.com/statoscope/statoscope.git,24001300,2016-11-30,2026-04-14T10:11:27,"[""analyzer"", ""ci"", ""cli"", ""dependency-graph"", ""hacktoberfest"", ""validation"", ""webpack"", ""webpack-runtime-analyzer"", ""webpack-stats""]",1575,49,20
mdbootstrap/mdb-angular-ui-kit,typescript,https://github.com/mdbootstrap/mdb-angular-ui-kit.git,24041934,2017-06-23,2022-01-24T10:36:59,[],1055,268,16
tinyhttp/tinyhttp,typescript,https://github.com/tinyhttp/tinyhttp.git,26300170,2020-06-13,2026-07-31T04:11:35,"[""backend"", ""es6"", ""es6-javascript"", ""esm"", ""esnext"", ""express-js"", ""http"", ""http-server"", ""javascript"", ""javascript-framework"", ""node-js"", ""nodejs"", ""nodejs-frameworks"", ""nodejs-server"", ""typescript"", ""web"", ""webframework""]",2899,152,64
obs-websocket-community-projects/obs-websocket-js,typescript,https://github.com/obs-websocket-community-projects/obs-websocket-js.git,26442499,2016-11-20,2026-08-03T02:13:34,"[""javascript"", ""nodejs"", ""obs"", ""obs-studio"", ""obs-websocket"", ""websocket-client""]",768,99,26
victrme/bonjourr,typescript,https://github.com/victrme/bonjourr.git,26456943,2019-05-18,2026-07-23T11:27:48,"[""chrome"", ""chrome-extension"", ""firefox"", ""firefox-addon"", ""homepage"", ""ios"", ""javascript"", ""minimalist-design"", ""newtab-page"", ""startpage""]",2011,203,77
remotion-dev/remotion,typescript,https://github.com/remotion-dev/remotion.git,26866241,2020-06-23,2026-08-05T09:52:29,"[""javascript"", ""react"", ""video""]",55604,4117,371
neoclide/coc.nvim,typescript,https://github.com/neoclide/coc.nvim.git,27031797,2018-05-01,2026-08-05T06:47:25,"[""autocompletion"", ""language-client"", ""lsp"", ""neovim-plugin"", ""nvim"", ""vim"", ""vim-plugin""]",25167,954,265
farrow-js/farrow,typescript,https://github.com/farrow-js/farrow.git,27082325,2020-07-20,2026-03-01T12:49:07,"[""full-stack"", ""nodejs"", ""typescript"", ""web-framework""]",768,39,15
uselagoon/lagoon,typescript,https://github.com/uselagoon/lagoon.git,27323758,2017-08-30,2026-08-04T11:59:28,"[""hacktoberfest""]",600,157,96
softwarebrothers/adminjs,typescript,https://github.com/softwarebrothers/adminjs.git,27561276,2018-11-23,2025-07-15T07:29:47,"[""admin"", ""admin-dashboard"", ""admin-panel"", ""mongodb"", ""nodejs""]",8628,715,73
birchill/10ten-ja-reader,typescript,https://github.com/birchill/10ten-ja-reader.git,28286883,2017-01-10,2026-08-05T02:42:33,"[""addon"", ""dictionary"", ""firefox"", ""japanese"", ""rikaichamp"", ""rikaichan"", ""rikaikun"", ""web-extension"", ""webextension""]",752,66,28
altair-graphql/altair,typescript,https://github.com/altair-graphql/altair.git,28493229,2017-03-25,2026-08-05T06:44:48,"[""altair"", ""angular"", ""chrome-extension"", ""desktop-apps"", ""electron"", ""express-middleware"", ""fragments"", ""graphiql"", ""graphql"", ""graphql-client"", ""graphql-editor"", ""graphql-ide"", ""graphql-server"", ""graphql-subscriptions"", ""hacktoberfest"", ""ngrx"", ""opensource""]",5426,403,82
quillforms/quillforms,typescript,https://github.com/quillforms/quillforms.git,28513287,2020-07-18,2026-08-03T10:36:01,"[""conversational-forms"", ""conversational-forms-wordpress"", ""free-typeform-alternative"", ""multi-step-form"", ""multi-step-form-wordpress"", ""multistep-react-form"", ""open-source-typeform-alternative"", ""open-source-typeform-clone"", ""react"", ""react-quiz"", ""react-survey"", ""typeform"", ""typeform-alternative"", ""typeform-alternatives"", ""typeform-clone"", ""typeform-open-source"", ""typeform-plugin"", ""typeform-react"", ""typeform-wordpress"", ""typeform-wordpress-plugin""]",619,118,16
backstage/backstage,typescript,https://github.com/backstage/backstage.git,29144714,2020-01-24,2026-08-05T08:47:38,"[""backstage"", ""cncf"", ""developer-experience"", ""developer-portal"", ""dx"", ""hacktoberfest"", ""infrastructure"", ""microservices"", ""self-service-portal""]",34028,7527,368
eea-oasis/baseline,typescript,https://github.com/eea-oasis/baseline.git,29439337,2020-02-10,2023-11-13T07:05:04,"[""docker"", ""docker-compose"", ""ethereum"", ""geth"", ""gnark"", ""graphql"", ""nodejs"", ""protocol"", ""reactjs"", ""smart-contracts"", ""solidity"", ""zero-knowledge-proofs"", ""zk-snarks""]",570,248,76
minop1205/react-dnd-treeview,typescript,https://github.com/minop1205/react-dnd-treeview.git,30081741,2020-09-09,2026-05-19T02:04:54,"[""component"", ""dnd"", ""drag-and-drop"", ""headress-component"", ""react"", ""touch-support"", ""treeview""]",606,76,8
reditorsupport/vscode-r,typescript,https://github.com/reditorsupport/vscode-r.git,30337831,2017-03-13,2026-06-30T12:06:23,"[""gitignore"", ""r"", ""rmarkdown"", ""snippets"", ""vscode"", ""vscode-extension""]",1171,142,67
manga-download/haruneko,typescript,https://github.com/manga-download/haruneko.git,30714001,2020-09-24,2026-08-05T08:17:58,[],530,82,18
solidjs/templates,typescript,https://github.com/solidjs/templates.git,30871143,2020-07-12,2026-08-04T07:54:25,[],539,128,43
lnreader/lnreader,typescript,https://github.com/lnreader/lnreader.git,31390293,2020-10-09,2026-08-05T01:37:36,"[""android"", ""light-novels"", ""react"", ""react-native"", ""webnovels""]",2742,398,48
datav-io/datav,typescript,https://github.com/datav-io/datav.git,31604473,2017-09-28,2021-10-06T09:10:34,[],2711,480,4
chunibyocola/sc-translator-crx,typescript,https://github.com/chunibyocola/sc-translator-crx.git,31613539,2020-04-24,2026-07-21T03:16:32,"[""chrome-extension"", ""custom-translate-source"", ""extension"", ""firefox-addon"", ""page-translation"", ""react"", ""separate-translate-window"", ""translation"", ""translation-collection""]",524,45,1
betterdiscord/betterdiscord,typescript,https://github.com/betterdiscord/betterdiscord.git,31818379,2017-10-01,2026-07-25T03:25:30,"[""betterdiscord"", ""discord""]",9162,1021,35
opticdev/optic,typescript,https://github.com/opticdev/optic.git,31855505,2018-03-02,2026-01-08T09:11:15,"[""api-documentation"", ""api-linter"", ""apis"", ""documentation"", ""openapi"", ""openapi3"", ""swagger""]",1519,91,20
livekit/client-sdk-js,typescript,https://github.com/livekit/client-sdk-js.git,31863656,2020-11-03,2026-08-05T02:03:56,"[""javascript"", ""typescript"", ""webrtc""]",644,278,93
ransome1/sleek,typescript,https://github.com/ransome1/sleek.git,32274089,2020-10-05,2026-08-04T11:29:07,"[""alarms"", ""archiving"", ""contexts"", ""dark-mode"", ""due-date"", ""file-watcher"", ""filters"", ""foss"", ""fulltext-search"", ""gui"", ""linux-app"", ""macos-app"", ""modern"", ""multiple-languages"", ""open-source"", ""priorities"", ""repeating-todos"", ""threshold"", ""todo-txt"", ""windows-app""]",2022,137,33
eugeny/tabby,typescript,https://github.com/eugeny/tabby.git,32641627,2016-12-23,2026-08-05T04:03:18,"[""serial"", ""ssh-client"", ""telnet-client"", ""terminal"", ""terminal-emulators""]",73748,4194,190
loopbackio/loopback-next,typescript,https://github.com/loopbackio/loopback-next.git,33299965,2017-01-09,2026-08-05T01:26:45,"[""api"", ""dependency-injection"", ""framework"", ""hacktoberfest"", ""ioc"", ""loopback"", ""nodejs"", ""openapi"", ""repository"", ""rest"", ""service-proxy"", ""strongloop"", ""swagger"", ""typescript""]",5104,1065,220
kevinnovak/discord-bot-typescript-template,typescript,https://github.com/kevinnovak/discord-bot-typescript-template.git,33506493,2020-05-05,2026-04-19T10:45:15,"[""boilerplate"", ""bot"", ""bot-framework"", ""bots"", ""discord"", ""discord-api"", ""discord-bot"", ""discord-bot-template"", ""discord-js"", ""discordbot"", ""discordjs"", ""example"", ""framework"", ""shard"", ""sharding"", ""starter"", ""template"", ""typescript""]",625,124,5
atlassian/github-for-jira,typescript,https://github.com/atlassian/github-for-jira.git,34503173,2018-05-07,2026-01-22T10:24:20,"[""app"", ""deprecated"", ""github"", ""integration"", ""jira""]",654,195,53
udecode/plate,typescript,https://github.com/udecode/plate.git,34543120,2019-12-02,2026-08-04T01:30:33,"[""ai"", ""mcp"", ""react"", ""shadcn-ui"", ""slate"", ""typescript"", ""wysiwyg""]",16465,997,236
expensify/app,typescript,https://github.com/expensify/app.git,34761988,2020-08-07,2026-08-06T01:44:26,[],4989,3970,348
microsoft/rnx-kit,typescript,https://github.com/microsoft/rnx-kit.git,34799695,2019-11-15,2026-08-05T05:49:40,"[""android"", ""cli"", ""cross-platform"", ""dependency-manager"", ""desktop"", ""desktop-development"", ""developer-experience"", ""developer-tools"", ""devtools"", ""ios"", ""macos"", ""mobile"", ""mobile-development"", ""monorepo"", ""react-native"", ""typescript"", ""visionos"", ""windows""]",1728,118,57
builderio/mitosis,typescript,https://github.com/builderio/mitosis.git,36012148,2020-11-06,2026-07-21T02:38:54,"[""angular"", ""builder"", ""compiler"", ""declarative"", ""figma"", ""jsx"", ""jsx-lite"", ""liquid"", ""no-code"", ""react"", ""shopify"", ""solid"", ""solidjs"", ""svelte"", ""visual"", ""vue""]",13902,633,104
tcgdex/cards-database,typescript,https://github.com/tcgdex/cards-database.git,36734718,2020-02-19,2026-08-05T02:19:16,"[""bunjs"", ""card"", ""cards-database"", ""database"", ""game"", ""graphql"", ""pokemon"", ""tcg"", ""tcgdex"", ""trading""]",966,200,96
primer/react,typescript,https://github.com/primer/react.git,36888366,2018-02-17,2026-08-05T11:11:42,"[""component-library"", ""design-system"", ""primer"", ""react""]",3883,674,219
typescript-language-server/typescript-language-server,typescript,https://github.com/typescript-language-server/typescript-language-server.git,37947572,2017-09-29,2026-08-04T03:15:23,"[""hacktoberfest"", ""language-server"", ""language-server-protocol"", ""lsp"", ""typescript""]",2541,185,51
protonmail/webclients,typescript,https://github.com/protonmail/webclients.git,38690206,2016-06-08,2026-08-05T08:15:12,"[""monorepo"", ""pgp"", ""protoncalendar"", ""protoncontacts"", ""protondrive"", ""protonmail"", ""react"", ""webmail"", ""yarn""]",5536,704,90
react-financial/react-financial-charts,typescript,https://github.com/react-financial/react-financial-charts.git,38693066,2019-09-06,2023-10-20T07:50:27,"[""canvas"", ""charts"", ""d3"", ""financial"", ""react"", ""stockchart""]",1016,176,14
material-components/material-web,typescript,https://github.com/material-components/material-web.git,39263868,2018-03-27,2026-01-07T12:18:50,"[""component-"", ""design-system"", ""lit"", ""lit-element"", ""lit-html"", ""material"", ""material-design"", ""material-you"", ""material3"", ""web"", ""web-components""]",10647,1042,127
cloudr-f2e/monitor,typescript,https://github.com/cloudr-f2e/monitor.git,39458094,2020-07-20,2024-05-13T06:57:59,"[""mini-monitor"", ""performance"", ""sdk"", ""web-monitor"", ""wx-performance""]",1807,315,6
bowen7/regex-vis,typescript,https://github.com/bowen7/regex-vis.git,39655319,2020-09-15,2026-07-31T03:06:42,"[""editor"", ""react"", ""reactjs"", ""regex"", ""regexp"", ""tsx"", ""typescript"", ""visualizer""]",4442,329,9
braydoncoyer/braydoncoyer.dev,typescript,https://github.com/braydoncoyer/braydoncoyer.dev.git,39824023,2020-10-21,2026-07-07T01:53:32,"[""blog"", ""cloudinary"", ""nextjs"", ""portfolio-website"", ""react"", ""supabase"", ""tailwind-css"", ""tailwindcss"", ""vercel""]",797,124,2
puemos/hls-downloader,typescript,https://github.com/puemos/hls-downloader.git,40284574,2018-05-02,2026-08-04T06:56:26,"[""chrome"", ""chrome-extension"", ""clean-architecture"", ""hacktoberfest"", ""hls"", ""hls-downloader"", ""hls-stream"", ""react"", ""redux"", ""redux-observable"", ""styled-components"", ""web-extension""]",2665,303,10
wpengine/faustjs,typescript,https://github.com/wpengine/faustjs.git,40577160,2020-11-16,2026-08-04T08:08:44,"[""composable-architecture"", ""hacktoberfest"", ""headless"", ""headless-cms"", ""headless-wordpress"", ""javascript"", ""nextjs"", ""react"", ""wordpress""]",1592,155,57
dlemstra/magick-wasm,typescript,https://github.com/dlemstra/magick-wasm.git,40581112,2019-08-28,2026-08-04T10:28:48,"[""hacktoberfest"", ""imagemagick"", ""wasm"", ""webassembly""]",884,43,15
modern-js-dev/garfish,typescript,https://github.com/modern-js-dev/garfish.git,41840749,2020-12-21,2022-09-29T09:56:11,[],1689,191,35
boostio/boostnote-app,typescript,https://github.com/boostio/boostnote-app.git,41852689,2016-11-19,2026-03-17T06:23:53,"[""agile-development"", ""boostnote"", ""developer-tools"", ""devops"", ""documentation-tool"", ""electron"", ""hacktoberfest"", ""hacktoberfest2021"", ""markdown"", ""notes-for-developer"", ""react"", ""typescript"", ""wiki""]",4042,406,57
bearstudio/start-ui-web,typescript,https://github.com/bearstudio/start-ui-web.git,42332036,2019-12-12,2026-07-28T11:02:30,"[""boilerplate"", ""hacktoberfest"", ""maildev"", ""orpc"", ""prisma"", ""react"", ""react-email"", ""react-hook-form"", ""reactjs"", ""shadcn-ui"", ""starter"", ""storybook"", ""tailwindcss"", ""tanstack-query"", ""tanstack-router"", ""tanstack-start"", ""template"", ""typescript"", ""vitest"", ""web""]",1743,162,43
dethcrypto/typechain,typescript,https://github.com/dethcrypto/typechain.git,43213482,2017-09-02,2024-04-01T08:20:30,"[""abi"", ""blockchain"", ""ethereum"", ""smartcontract"", ""solidity"", ""truffle"", ""typescript"", ""web3""]",2699,348,65
vuedx/languagetools,typescript,https://github.com/vuedx/languagetools.git,43231436,2020-03-21,2023-11-09T02:06:23,[],1254,30,18
jxom/bumbag-ui,typescript,https://github.com/jxom/bumbag-ui.git,43231865,2020-07-19,2023-03-06T08:49:14,[],1014,49,32
baiy/ctool,typescript,https://github.com/baiy/ctool.git,43957345,2017-11-30,2025-07-21T03:33:05,"[""chrome-extension"", ""crx"", ""developer-tools"", ""development"", ""electron-app"", ""firefox-extension"", ""qrcode""]",1823,266,13
owncloud/web,typescript,https://github.com/owncloud/web.git,44245068,2018-02-16,2026-07-14T11:55:31,"[""file-sync"", ""frontend"", ""infinite-scale"", ""ocis"", ""owncloud"", ""owncloud-web"", ""self-hosted"", ""spa"", ""typescript"", ""vue""]",567,208,105
openinframap/openinframap,typescript,https://github.com/openinframap/openinframap.git,44562142,2016-10-16,2026-07-27T10:02:21,"[""gis"", ""imposm3"", ""infrastructure"", ""maplibre-gl-js"", ""openstreetmap"", ""postgis"", ""tegola""]",557,93,44
stevenpetryk/mafs,typescript,https://github.com/stevenpetryk/mafs.git,44576131,2020-08-18,2025-03-30T09:48:54,"[""math"", ""react"", ""visualization""]",3293,91,12
keplergl/kepler.gl,typescript,https://github.com/keplergl/kepler.gl.git,44776914,2018-02-28,2026-08-05T02:32:20,"[""data-visualization"", ""geospatial"", ""kepler"", ""mapbox"", ""visualization""]",11950,1952,132
denoland/dotland,typescript,https://github.com/denoland/dotland.git,45062713,2019-10-19,2023-06-29T07:41:21,"[""deno""]",971,664,463
millihq/terraform-aws-next-js,typescript,https://github.com/millihq/terraform-aws-next-js.git,45063429,2020-06-19,2023-12-14T07:26:52,"[""aws"", ""nextjs"", ""serverless"", ""terraform-module""]",1411,153,32
uniswap/v3-core,typescript,https://github.com/uniswap/v3-core.git,45342206,2020-04-29,2026-07-30T07:37:39,"[""automated-market-maker"", ""core"", ""ethereum"", ""smart-contracts""]",5019,3031,15
antvis/s2,typescript,https://github.com/antvis/s2.git,45686766,2020-12-28,2026-06-23T02:08:27,"[""canvas"", ""editable-table"", ""javascript"", ""pivot-grid"", ""pivot-tables"", ""react"", ""sheet"", ""spreadsheet"", ""table"", ""typescript"", ""vue""]",1680,219,65
google/playground-elements,typescript,https://github.com/google/playground-elements.git,46172519,2019-05-13,2025-10-02T10:51:25,[],615,61,17
kriasoft/relay-starter-kit,typescript,https://github.com/kriasoft/relay-starter-kit.git,47088586,2016-09-30,2023-09-30T02:56:34,"[""api"", ""boilerplate"", ""cloudflare"", ""cloudflare-workers"", ""graphql"", ""hackathon"", ""javascript"", ""material-ui"", ""monorepo"", ""nodejs"", ""postgres"", ""postgresql"", ""react"", ""reactjs"", ""relay"", ""starter-kit"", ""template"", ""terraform"", ""typescript"", ""yarn""]",3812,576,22
invertase/notifee,typescript,https://github.com/invertase/notifee.git,47092088,2017-06-02,2026-04-07T11:48:23,"[""android"", ""hactoberfest"", ""ios"", ""notifications"", ""react-native""]",2181,276,81
getalby/lightning-browser-extension,typescript,https://github.com/getalby/lightning-browser-extension.git,47329437,2020-12-27,2026-07-24T06:17:26,"[""bitcoin"", ""browser-extension"", ""chrome-extension"", ""firefox-extension"", ""lightning"", ""lightning-network"", ""lnurl"", ""nostr"", ""nostr-protocol"", ""nostr-tools"", ""wallet"", ""webln""]",583,227,118
elkozmon/zoonavigator,typescript,https://github.com/elkozmon/zoonavigator.git,47839942,2017-04-07,2026-08-04T01:44:37,"[""acl"", ""admin"", ""angular"", ""apache"", ""api"", ""auth"", ""browser"", ""docker"", ""editor"", ""gui"", ""material"", ""material-design"", ""rest"", ""sasl"", ""snap"", ""ui"", ""znode"", ""zookeeper"", ""zookeeper-ui"", ""zoonavigator""]",561,73,5
getumbrel/umbrel,typescript,https://github.com/getumbrel/umbrel.git,49008774,2020-07-06,2026-07-10T07:09:10,"[""bitcoin"", ""docker"", ""home-server"", ""homeserver"", ""lightning"", ""openclaw"", ""personal-server"", ""raspberry-pi"", ""raspberrypi"", ""self-hosted"", ""self-hosting"", ""selfhosted""]",11611,771,59
saleor/saleor-storefront,typescript,https://github.com/saleor/saleor-storefront.git,49307321,2018-08-01,2022-03-24T03:31:04,[],767,734,48
jupyter-lsp/jupyterlab-lsp,typescript,https://github.com/jupyter-lsp/jupyterlab-lsp.git,49342691,2019-08-17,2026-06-09T02:34:27,"[""autocompletion"", ""ipython"", ""julia-language"", ""jupyter"", ""jupyter-lab"", ""jupyter-notebook"", ""jupyterlab"", ""jupyterlab-extension"", ""language-server-protocol"", ""linter"", ""lsp"", ""notebook"", ""notebook-jupyter"", ""r""]",1993,158,48
coreui/coreui-vue,typescript,https://github.com/coreui/coreui-vue.git,49353164,2018-02-26,2026-06-14T02:26:23,"[""bootstrap"", ""bootstrap-vue"", ""bootstrap4"", ""bootstrapvue"", ""components"", ""coreui"", ""coreui-vue"", ""ui-components"", ""vue"", ""vue-components"", ""vuejs""]",642,133,10
benchmark-action/github-action-benchmark,typescript,https://github.com/benchmark-action/github-action-benchmark.git,49682940,2019-11-05,2026-07-23T07:10:49,"[""benchmark"", ""ci"", ""github-action""]",1241,182,35
apptools-lab/appworks,typescript,https://github.com/apptools-lab/appworks.git,49701557,2020-03-28,2025-11-05T07:11:44,"[""frontend"", ""react"", ""tools"", ""vscode"", ""vscode-extension""]",1010,182,13
jupyterlab/jupyterlab-desktop,typescript,https://github.com/jupyterlab/jupyterlab-desktop.git,49714580,2017-05-04,2026-08-05T09:55:31,"[""jupyter"", ""jupyter-notebook"", ""jupyterlab""]",4277,473,33
tinovyatkin/pass-js,typescript,https://github.com/tinovyatkin/pass-js.git,50779522,2017-08-07,2026-08-01T07:50:51,"[""apple"", ""apple-pass"", ""ios"", ""nodejs"", ""pass"", ""passkit"", ""wallet""]",734,85,28
rowyio/rowy,typescript,https://github.com/rowyio/rowy.git,50793019,2019-09-05,2024-11-23T07:46:34,"[""airtable"", ""airtable-alternative"", ""backend"", ""cloud-functions"", ""cloudfunctions"", ""cms"", ""cms-backend"", ""firebase"", ""firestore"", ""gcp"", ""google-cloud"", ""internal-tools"", ""low-code"", ""lowcode"", ""no-code"", ""nocode"", ""react"", ""spreadsheet"", ""typescript""]",6194,489,42
cromwellcms/cromwell,typescript,https://github.com/cromwellcms/cromwell.git,50796018,2020-06-18,2024-07-12T09:51:08,"[""apollo"", ""blog"", ""cart"", ""cms"", ""ecommerce"", ""free"", ""graphql"", ""headless"", ""javascript"", ""material-ui"", ""nextjs"", ""nodejs"", ""react"", ""shopping"", ""ssr"", ""storefront"", ""typescript""]",678,92,3
juliencrn/usehooks-ts,typescript,https://github.com/juliencrn/usehooks-ts.git,51753366,2020-04-15,2026-07-30T06:04:23,"[""hook"", ""hooks"", ""mdx"", ""nextjs"", ""react"", ""react-hook"", ""react-hooks"", ""reactjs"", ""typescript""]",7849,456,62
terraforming-mars/terraforming-mars,typescript,https://github.com/terraforming-mars/terraforming-mars.git,51755818,2018-03-05,2026-08-04T07:02:08,[],936,445,131
fonoster/fonoster,typescript,https://github.com/fonoster/fonoster.git,52090090,2018-02-04,2026-07-16T12:19:18,"[""cloud"", ""cloud-communications-platform"", ""cpaas"", ""customer-engagement"", ""customer-experience"", ""javascript"", ""kubernetes"", ""nodejs"", ""programmable-voice"", ""telephony"", ""twilio"", ""typescript"", ""ucaas"", ""voip"", ""webrtc""]",8040,540,52
jaredwray/keyv,typescript,https://github.com/jaredwray/keyv.git,52108530,2017-07-07,2026-08-05T10:16:23,"[""cache"", ""etcd"", ""key-value"", ""keyv"", ""memcache"", ""mongo"", ""mysql"", ""postgres"", ""redis"", ""sqlite"", ""storage""]",3174,200,80
uniswap/interface,typescript,https://github.com/uniswap/interface.git,52160232,2017-10-29,2026-07-31T09:43:25,"[""blockchain"", ""ethereum"", ""uniswap""]",5522,5372,170
drashland/drash,typescript,https://github.com/drashland/drash.git,52162820,2019-02-22,2024-01-11T08:02:16,"[""api"", ""deno"", ""framework"", ""http"", ""rest"", ""server""]",1084,34,19
saleor/saleor-dashboard,typescript,https://github.com/saleor/saleor-dashboard.git,52165971,2019-06-19,2026-08-04T11:05:01,"[""dashboard"", ""ecommerce"", ""ecommerce-platform"", ""graphql"", ""react"", ""saleor"", ""single-page-app"", ""typescript""]",1016,1224,101
totaldebug/atomic-calendar-revive,typescript,https://github.com/totaldebug/atomic-calendar-revive.git,52168635,2020-03-11,2026-07-25T09:03:14,"[""calendar"", ""card"", ""hacs"", ""homeassistant"", ""javascript"", ""lovelace"", ""module""]",658,78,35
temporalio/sdk-typescript,typescript,https://github.com/temporalio/sdk-typescript.git,52169681,2020-11-30,2026-08-05T08:28:59,"[""durable-execution"", ""microservices"", ""open-source"", ""orchestration"", ""temporal-sdk"", ""typescript""]",892,205,83
parca-dev/parca,typescript,https://github.com/parca-dev/parca.git,52235051,2018-11-27,2026-08-03T01:18:19,"[""bpf"", ""c"", ""containers"", ""continuous-profiling"", ""cpp"", ""ebpf"", ""ebpf-programs"", ""golang"", ""javascript"", ""kubernetes"", ""observability"", ""performance"", ""php"", ""pprof"", ""profiles"", ""profiling"", ""prometheus"", ""python"", ""ruby"", ""rust""]",4934,254,75
sadanandpai/resume-builder,typescript,https://github.com/sadanandpai/resume-builder.git,52457149,2020-07-16,2026-07-27T12:37:26,"[""css"", ""html5"", ""javascript"", ""nextjs"", ""reactjs"", ""resume-builder"", ""resume-creator"", ""resume-template""]",1216,481,16
codex-team/codex.docs,typescript,https://github.com/codex-team/codex.docs.git,52747940,2018-08-10,2026-04-15T01:17:35,"[""docs"", ""editorjs"", ""notes""]",835,90,22
savecost/datav,typescript,https://github.com/savecost/datav.git,52749278,2017-09-28,2021-12-08T01:04:32,[],2756,477,4
deepfence/threatmapper,typescript,https://github.com/deepfence/threatmapper.git,53159964,2020-02-06,2026-06-01T08:38:26,"[""cloud-native"", ""cloudsecurity"", ""cnapp"", ""compliance"", ""containers"", ""cspm"", ""cwpp"", ""devops"", ""devsecops"", ""kubernetes"", ""observability"", ""registry-scanning"", ""scanning-tool"", ""secops"", ""security-tools"", ""threat-analysis"", ""vulnerability-detection"", ""vulnerability-management"", ""vulnerability-scanners""]",5278,635,41
vuestorefront/storefront-ui,typescript,https://github.com/vuestorefront/storefront-ui.git,53427594,2019-01-24,2026-07-24T10:55:48,"[""ecommerce"", ""javascript"", ""pwa"", ""react"", ""storefront"", ""storefront-theme"", ""ui"", ""ui-components"", ""ui-kit"", ""vue"", ""vue-components"", ""vuejs"", ""vuejs2"", ""vuejs3""]",2505,459,109
hop-protocol/hop,typescript,https://github.com/hop-protocol/hop.git,53491214,2020-10-19,2025-10-29T04:38:04,"[""frontend"", ""hop"", ""hop-node"", ""hop-protocol"", ""javascript"", ""monorepo"", ""npm"", ""react"", ""sdk"", ""typescript""]",2846,212,16
steamgriddb/steam-rom-manager,typescript,https://github.com/steamgriddb/steam-rom-manager.git,53771950,2017-04-30,2026-08-05T10:46:43,[],2518,154,56
brianlovin/brios,typescript,https://github.com/brianlovin/brios.git,53788938,2018-09-08,2026-07-17T08:28:13,"[""apollo"", ""graphql"", ""javascript"", ""nextjs"", ""planetscale"", ""prisma"", ""react"", ""styled-components""]",2260,248,24
tamagui/tamagui,typescript,https://github.com/tamagui/tamagui.git,54130044,2020-10-16,2026-08-06T12:28:01,"[""atomic-css"", ""css-in-js"", ""optimizing-compiler"", ""react"", ""react-native"", ""react-native-web"", ""tailwind"", ""typescript"", ""ui"", ""ui-components"", ""vite"", ""webpack""]",14119,606,236
refined-github/refined-github,typescript,https://github.com/refined-github/refined-github.git,54541908,2016-02-15,2026-08-05T08:33:18,"[""browser-extension"", ""chrome-extension"", ""firefox-addon"", ""github"", ""github-extension"", ""safari-extension"", ""userstyle""]",31873,1846,397
remult/remult,typescript,https://github.com/remult/remult.git,55536590,2017-10-30,2026-07-19T10:58:53,"[""angular"", ""api"", ""crud"", ""express-middleware"", ""fullstack"", ""fullstack-typescript"", ""jamstack"", ""nextjs"", ""orm"", ""postgresql"", ""react"", ""rest"", ""typescript"", ""validation"", ""vue""]",3208,156,52
forummagnum/forummagnum,typescript,https://github.com/forummagnum/forummagnum.git,56514456,2017-01-03,2026-08-05T09:35:50,[],720,154,264
zhangyuang/ssr,typescript,https://github.com/zhangyuang/ssr.git,56881882,2020-03-16,2026-04-08T05:58:49,"[""bun"", ""csr"", ""midway"", ""midway-faas"", ""nestjs"", ""node"", ""pinia"", ""prerender"", ""react"", ""react18"", ""rolldown"", ""rspack"", ""serverless"", ""ssg"", ""ssr"", ""valtio"", ""vite"", ""vue"", ""vue3"", ""webpack""]",2705,278,31
piotrmachowski/lovelace-xiaomi-vacuum-map-card,typescript,https://github.com/piotrmachowski/lovelace-xiaomi-vacuum-map-card.git,56884125,2019-06-23,2026-06-24T03:59:35,"[""deebot"", ""ecovacs"", ""home-assistant"", ""home-automation"", ""homeassistant"", ""lovelace-card"", ""myneato"", ""neato"", ""roborock"", ""roomba"", ""roomba980"", ""vacuum"", ""valetudo"", ""valetudo-re"", ""wyze"", ""xiaomi"", ""xiaomi-vacuum""]",1893,275,77
ghostery/adblocker,typescript,https://github.com/ghostery/adblocker.git,56884753,2017-12-13,2026-08-05T09:20:30,"[""adblock"", ""adblocker"", ""content-blocking"", ""easylist"", ""javascript"", ""privacy"", ""puppeteer""]",990,120,40
brocoders/nestjs-boilerplate,typescript,https://github.com/brocoders/nestjs-boilerplate.git,56887534,2020-08-23,2026-08-04T10:01:22,"[""auth"", ""boilerplate"", ""ci"", ""crud"", ""database"", ""docker"", ""e2e"", ""i18n"", ""mailing"", ""mongodb"", ""mongoose"", ""nestjs"", ""nestjs-boilerplate"", ""nodejs"", ""seed"", ""sign"", ""swagger"", ""typeorm"", ""typescript""]",4367,951,23
changesets/changesets,typescript,https://github.com/changesets/changesets.git,58080298,2019-03-21,2026-08-06T12:32:18,[],12224,803,195
bottenderjs/messaging-apis,typescript,https://github.com/bottenderjs/messaging-apis.git,58080755,2017-05-10,2023-02-03T04:53:24,[],1836,211,24
microsoft/responsible-ai-toolbox,typescript,https://github.com/microsoft/responsible-ai-toolbox.git,58120634,2020-07-06,2026-04-29T06:27:55,"[""data-analysis"", ""data-science"", ""data-visualization"", ""error-analysis"", ""explainability"", ""explainable-ai"", ""explainable-ml"", ""fairness"", ""fairness-ai"", ""fairness-ml"", ""interpretability"", ""jupyter"", ""machine-learning"", ""machinelearning"", ""ml"", ""responsible-ai"", ""ui"", ""visualization"", ""widget"", ""widgets""]",1758,476,44
tanstack/tanstack.com,typescript,https://github.com/tanstack/tanstack.com.git,58435820,2020-09-22,2026-08-05T08:45:32,[],1073,389,173
jaredpalmer/formik,typescript,https://github.com/jaredpalmer/formik.git,58705282,2017-06-14,2025-11-10T05:02:06,"[""form"", ""formik"", ""forms"", ""higher-order-component"", ""hooks"", ""react"", ""react-hooks"", ""react-native"", ""render-props""]",34341,2795,430
gitkraken/vscode-gitlens,typescript,https://github.com/gitkraken/vscode-gitlens.git,59049358,2016-08-08,2026-07-27T10:30:15,"[""git"", ""github"", ""vscode"", ""vscode-extension""]",9877,1764,123
kamranahmedse/developer-roadmap,typescript,https://github.com/kamranahmedse/developer-roadmap.git,59698901,2017-03-15,2026-04-21T10:46:18,"[""angular-roadmap"", ""backend-roadmap"", ""blockchain-roadmap"", ""computer-science"", ""dba-roadmap"", ""developer-roadmap"", ""devops-roadmap"", ""frontend-roadmap"", ""go-roadmap"", ""java-roadmap"", ""javascript-roadmap"", ""nodejs-roadmap"", ""python-roadmap"", ""qa-roadmap"", ""react-roadmap"", ""roadmap"", ""software-architect-roadmap"", ""vue-roadmap""]",353348,43954,469
davidedc/algebrite,typescript,https://github.com/davidedc/algebrite.git,60046359,2016-03-23,2026-04-17T01:29:51,"[""algebra"", ""algebraic"", ""algebraic-computation"", ""cas"", ""coffeescript"", ""computer-algebra"", ""computer-algebra-system"", ""javascript"", ""javascript-cas"", ""math"", ""symbolic"", ""symbolic-computation"", ""symbolic-manipulation""]",996,63,7
javascriptdata/danfojs,typescript,https://github.com/javascriptdata/danfojs.git,60376222,2020-05-13,2026-04-15T03:16:31,"[""danfojs"", ""data-analysis"", ""data-analytics"", ""data-manipulation"", ""data-science"", ""dataframe"", ""javascript"", ""pandas"", ""plotting-charts"", ""stream-data"", ""stream-processing"", ""table"", ""tensorflow"", ""tensors""]",5050,224,41
vuejs/apollo,typescript,https://github.com/vuejs/apollo.git,60385569,2016-09-18,2026-08-05T03:31:49,"[""apollographql"", ""graphql"", ""vue"", ""vue2"", ""vuejs"", ""vuejs2""]",6035,517,134
floating-ui/floating-ui,typescript,https://github.com/floating-ui/floating-ui.git,60398845,2016-03-29,2026-08-02T01:19:17,"[""dropdown"", ""hacktoberfest"", ""popover"", ""popovers"", ""position"", ""positioning"", ""positioning-engine"", ""tooltip"", ""tooltip-position""]",32689,1691,124
emqx/mqttx,typescript,https://github.com/emqx/mqttx.git,60456306,2019-05-24,2026-05-22T09:36:56,"[""cli"", ""cross-platform"", ""electron"", ""electron-app"", ""emqx"", ""iot"", ""iot-application"", ""linux"", ""macos"", ""mosquitto"", ""mqtt"", ""mqtt-cli"", ""mqtt-client"", ""mqtt-client-gui"", ""mqtt-protocol"", ""mqtt-smarthome"", ""mqtt-tool"", ""mqtt-websocket"", ""mqtt5"", ""vue""]",4912,533,39
coder/code-server,typescript,https://github.com/coder/code-server.git,60789229,2019-02-27,2026-08-05T04:38:44,"[""browser-ide"", ""dev-tools"", ""development-environment"", ""ide"", ""remote-work"", ""vscode"", ""vscode-remote""]",78642,6764,264
tiddly-gittly/tidgi-desktop,typescript,https://github.com/tiddly-gittly/tidgi-desktop.git,60798489,2020-06-12,2026-08-04T06:18:42,"[""all-in-one"", ""anki"", ""backlinks"", ""electron"", ""evernote"", ""knowledge-graph"", ""knowledge-management"", ""linux"", ""local-first"", ""macos"", ""note-taking"", ""notebook"", ""notes-app"", ""notion"", ""obsidian"", ""pkm"", ""tiddlywiki"", ""tiddlywiki5"", ""windows"", ""zettelkasten""]",2000,115,7
vuejs/pinia,typescript,https://github.com/vuejs/pinia.git,61083998,2019-11-18,2026-07-27T07:19:56,"[""composition-api"", ""ssr"", ""store"", ""vue"", ""vuex""]",14676,1197,297
cloud-annotations/docusaurus-openapi,typescript,https://github.com/cloud-annotations/docusaurus-openapi.git,61474981,2020-06-21,2026-01-17T08:36:29,"[""api-documentation"", ""documentation-generator"", ""docusaurus"", ""hacktoberfest"", ""openapi"", ""openapi3"", ""plugin"", ""react"", ""swagger""]",537,84,21
mcsmanager/mcsmanager,typescript,https://github.com/mcsmanager/mcsmanager.git,61713593,2017-11-12,2026-08-05T03:34:17,"[""docker"", ""mcsmanager"", ""minecraft"", ""minecraft-server-software"", ""nodejs"", ""server-web-panel"", ""steam-game-server-manager"", ""webshell""]",4895,543,115
cmorten/opine,typescript,https://github.com/cmorten/opine.git,62819304,2020-05-19,2024-01-28T09:41:46,"[""deno"", ""deno-doc"", ""deno-module"", ""denojs"", ""denoland"", ""express"", ""expressjs"", ""opine""]",858,46,22
bangle-io/bangle-io,typescript,https://github.com/bangle-io/bangle-io.git,63351714,2020-12-23,2026-08-04T05:43:23,"[""knowledge-graph"", ""local-first"", ""markdown"", ""markdown-notes"", ""note-taker"", ""notes"", ""pwa"", ""react"", ""webworkers"", ""wysiwyg""]",1228,83,3
nginxproxymanager/nginx-proxy-manager,typescript,https://github.com/nginxproxymanager/nginx-proxy-manager.git,64507581,2017-12-20,2026-08-05T07:52:30,"[""nginx"", ""nginx-proxy""]",33781,3844,272
liqvidjs/liqvid,typescript,https://github.com/liqvidjs/liqvid.git,64546317,2018-11-09,2026-07-24T11:29:59,"[""animation"", ""javascript"", ""liqvid"", ""react"", ""video""]",813,44,2
vscode-kubernetes-tools/vscode-kubernetes-tools,typescript,https://github.com/vscode-kubernetes-tools/vscode-kubernetes-tools.git,64856343,2017-07-25,2026-08-05T09:04:38,[],769,284,95
craigchat/craig,typescript,https://github.com/craigchat/craig.git,65490790,2019-08-21,2026-08-05T01:33:56,"[""discord-bot"", ""hacktoberfest"", ""recording-software""]",544,130,14
inseefrlab/onyxia,typescript,https://github.com/inseefrlab/onyxia.git,65769426,2020-03-22,2026-08-04T12:55:49,"[""bluehats"", ""data-science"", ""datalab"", ""helm"", ""insee"", ""kubernetes"", ""onyxia""]",864,108,60
geist-org/geist-ui,typescript,https://github.com/geist-org/geist-ui.git,66047038,2020-03-18,2026-06-01T04:08:50,"[""design-system"", ""design-systems"", ""geist"", ""geist-ui"", ""hacktoberfest"", ""react"", ""react-components""]",4547,335,51
sunface/datav,typescript,https://github.com/sunface/datav.git,66504134,2017-09-28,2022-03-22T09:37:45,[],2712,476,5
vscode-neovim/vscode-neovim,typescript,https://github.com/vscode-neovim/vscode-neovim.git,66504160,2019-10-31,2026-07-21T09:08:32,"[""hacktoberfest"", ""neovim"", ""neovim-backend"", ""neovim-clients"", ""neovim-guis"", ""nvim"", ""vim"", ""vscode"", ""vscode-extension"", ""vscode-neovim""]",7703,264,93
vuejs/router,typescript,https://github.com/vuejs/router.git,66516329,2019-02-07,2026-08-01T05:36:32,"[""vue"", ""vue-router""]",4664,1291,285
vuejs/test-utils,typescript,https://github.com/vuejs/test-utils.git,66545446,2020-02-20,2026-08-05T04:42:50,[],1154,289,187
ts-essentials/ts-essentials,typescript,https://github.com/ts-essentials/ts-essentials.git,68362769,2018-09-15,2026-06-03T10:03:56,"[""essentials"", ""toolbox"", ""type-level-programming"", ""types"", ""typescript""]",4061,130,42
hayes/pothos,typescript,https://github.com/hayes/pothos.git,68781919,2019-10-11,2026-07-23T07:25:32,"[""graphql"", ""typescript""]",2610,183,129
callstack/react-native-brownfield,typescript,https://github.com/callstack/react-native-brownfield.git,69320424,2019-07-15,2026-08-01T09:50:30,[],541,45,26
samdenty/gqless,typescript,https://github.com/samdenty/gqless.git,69344841,2019-01-30,2022-02-16T05:50:54,[],3571,48,12
molunerfinn/picgo,typescript,https://github.com/molunerfinn/picgo.git,69348864,2017-12-12,2026-07-21T06:21:12,"[""aliyun-oss"", ""cloudflare-r2"", ""electron"", ""electron-app"", ""electron-vue"", ""github"", ""image"", ""imageuploader"", ""imgur"", ""imgur-uploader"", ""qiniu"", ""s3-uploader"", ""smms"", ""tencent-cos"", ""upyun"", ""vue"", ""weibo""]",26946,2329,23
relative/synchrony,typescript,https://github.com/relative/synchrony.git,69348945,2020-12-28,2026-07-07T09:07:39,"[""demangle"", ""deobfuscator"", ""javascript"", ""javascript-deobfuscator"", ""javascript-obfuscator"", ""unmangle""]",1230,152,4
astashov/liftosaur,typescript,https://github.com/astashov/liftosaur.git,69349985,2020-02-29,2026-08-05T04:08:48,"[""pwa"", ""typescript"", ""weightlifting""]",646,95,11
next-page-tester/next-page-tester,typescript,https://github.com/next-page-tester/next-page-tester.git,69389554,2020-09-06,2022-07-03T08:17:15,[],638,27,13
truefieng/usedapp,typescript,https://github.com/truefieng/usedapp.git,69422495,2020-12-18,2024-05-27T09:40:49,"[""dapp"", ""ethereum"", ""react"", ""typescript"", ""usedapp""]",1558,368,112
etro-js/etro,typescript,https://github.com/etro-js/etro.git,69453622,2018-10-05,2026-07-27T07:46:20,"[""audio"", ""blob"", ""browser"", ""etro"", ""hacktoberfest"", ""javascript"", ""javascript-library"", ""typescript"", ""typescript-library"", ""video"", ""video-editing"", ""video-manipulation"", ""video-processing""]",1145,95,27
pluralsh/plural,typescript,https://github.com/pluralsh/plural.git,69458768,2019-09-03,2025-10-10T01:00:00,"[""cloud"", ""cloud-native"", ""deployment-automation"", ""devops"", ""docker"", ""elixir"", ""elixir-lang"", ""gitops"", ""graphql"", ""helm"", ""k8s"", ""kubernetes"", ""multicloud"", ""orchestration""]",1451,71,26
communitysolidserver/communitysolidserver,typescript,https://github.com/communitysolidserver/communitysolidserver.git,69509341,2020-05-19,2026-08-04T07:15:44,"[""ldp"", ""linked-data"", ""rdf"", ""solid""]",602,157,48
i5ting/imove,typescript,https://github.com/i5ting/imove.git,69534190,2020-04-08,2022-03-22T06:38:30,[],3486,291,10
tajo/ladle,typescript,https://github.com/tajo/ladle.git,69536704,2020-07-14,2026-06-28T08:32:40,"[""components"", ""documentation"", ""esbuild"", ""javascript"", ""playground"", ""react"", ""stories"", ""styleguide"", ""testing"", ""typescript"", ""ui"", ""vitejs""]",2955,119,61
vuecomponent/pro-components,typescript,https://github.com/vuecomponent/pro-components.git,69536720,2019-11-05,2024-05-27T03:37:01,"[""ant"", ""antd"", ""pro-layout"", ""vue""]",530,217,22
tolgee/tolgee-platform,typescript,https://github.com/tolgee/tolgee-platform.git,69550350,2020-10-13,2026-08-05T07:37:32,"[""angular"", ""hacktoberfest"", ""i18n"", ""i18next"", ""internationalization"", ""javascript"", ""l10n"", ""localization"", ""localization-tool"", ""react"", ""svelte"", ""translation"", ""translation-management"", ""translations"", ""translations-api"", ""vue""]",4058,366,94
coinbase/coinbase-wallet-sdk,typescript,https://github.com/coinbase/coinbase-wallet-sdk.git,69596742,2019-05-01,2026-04-30T06:13:56,"[""coinbase"", ""ethereum"", ""ethereum-wallet""]",1744,749,54
stefanw/bibbot,typescript,https://github.com/stefanw/bibbot.git,69618656,2020-03-22,2026-04-13T06:41:32,"[""paywall""]",627,91,30
playcanvas/model-viewer,typescript,https://github.com/playcanvas/model-viewer.git,69618691,2020-07-13,2026-08-05T06:09:47,"[""3d-gaussian-splatting"", ""gaussian-splatting"", ""gltf"", ""javascript"", ""pcui"", ""playcanvas"", ""typescript"", ""webgl""]",698,119,15
truefieng/waffle,typescript,https://github.com/truefieng/waffle.git,69619369,2018-07-16,2023-11-22T09:36:56,[],953,180,69
altinity/clickhouse-grafana,typescript,https://github.com/altinity/clickhouse-grafana.git,69619819,2017-01-03,2026-08-05T04:23:54,"[""clickhouse"", ""clickhouse-datasource"", ""grafana""]",774,123,35
nomicfoundation/hardhat,typescript,https://github.com/nomicfoundation/hardhat.git,69683628,2018-04-14,2026-08-04T03:48:40,"[""blockchain"", ""dapps"", ""debugging"", ""ethereum"", ""javascript"", ""smart-contracts"", ""solidity"", ""task-runner"", ""tooling"", ""typescript""]",8498,1727,397
vuejs/core,typescript,https://github.com/vuejs/core.git,69699751,2018-06-12,2026-08-05T06:55:54,[],54125,9173,437
mui/mui-x,typescript,https://github.com/mui/mui-x.git,69699814,2020-04-30,2026-08-05T04:13:25,"[""charts"", ""data-grid"", ""datatable"", ""date-picker"", ""date-range-picker"", ""material-ui"", ""react"", ""time-picker""]",5826,1813,472
leo4815162342/dukascopy-node,typescript,https://github.com/leo4815162342/dukascopy-node.git,69742709,2019-06-08,2026-07-24T09:23:04,"[""backtesting"", ""bitcoin"", ""candlestick-chart"", ""cli"", ""crypto"", ""dukascopy"", ""etf"", ""exchange-rates"", ""forex"", ""forex-data"", ""historical-data"", ""market-data"", ""metatrader"", ""nodejs"", ""ohlc"", ""stock"", ""stock-data"", ""stock-prices"", ""tick-data"", ""trading""]",836,126,5
sukkaw/surge,typescript,https://github.com/sukkaw/surge.git,69768343,2020-12-21,2026-08-05T12:32:19,"[""clash"", ""clash-meta"", ""clash-premium"", ""clash-rules"", ""hacktoberfest"", ""mihomo"", ""mihomo-rules"", ""ruleset"", ""sing-box"", ""sing-box-ruleset"", ""stash"", ""surfboard"", ""surge"", ""surge-rules""]",4354,305,42
joeattardi/picmo,typescript,https://github.com/joeattardi/picmo.git,69784317,2019-08-29,2023-09-15T12:40:02,"[""emoji"", ""emoji-picker"", ""javascript"", ""twemoji"", ""vanilla-javascript""]",1168,107,16
sushiswap/sushiswap,typescript,https://github.com/sushiswap/sushiswap.git,69798103,2020-08-24,2024-09-18T04:33:45,[],1902,1544,25
davidjerleke/embla-carousel,typescript,https://github.com/davidjerleke/embla-carousel.git,69811472,2019-03-18,2026-08-03T11:46:25,"[""carousel"", ""carousel-component"", ""carousel-plugin"", ""dependency-free"", ""fade-slider"", ""javascript"", ""mobile"", ""mobile-web"", ""react"", ""slider"", ""slider-plugin"", ""slideshow"", ""solid"", ""svelte"", ""touch"", ""touch-events"", ""typescript"", ""vanilla"", ""vue""]",8376,255,53
clytage/rawon,typescript,https://github.com/clytage/rawon.git,69812319,2020-01-28,2023-11-13T06:34:39,"[""discord-bot"", ""discord-js"", ""discord-music-bot"", ""rawon""]",1420,1738,18
svsool/memo,typescript,https://github.com/svsool/memo.git,69812339,2020-06-06,2023-11-19T11:55:51,"[""knowledge-base"", ""markdown"", ""note-taking-app"", ""notes-app"", ""personal-knowlege-base"", ""references"", ""vscode-extension"", ""wiki-links"", ""zettelkasten""]",783,45,12
labring/sealos,typescript,https://github.com/labring/sealos.git,69813616,2018-08-15,2026-08-05T09:23:45,"[""cloudos"", ""container"", ""docker"", ""golang"", ""install"", ""ipvs"", ""kubeadm"", ""kubernetes"", ""kubernetes-ha""]",18317,2476,159
cloudflare/templates,typescript,https://github.com/cloudflare/templates.git,69823712,2017-12-19,2026-08-05T04:53:08,[],2048,998,115
bhj/karaokeeternal,typescript,https://github.com/bhj/karaokeeternal.git,69863064,2016-05-15,2026-07-05T07:53:17,"[""cdgraphics"", ""karaoke"", ""karaoke-application"", ""karaoke-event"", ""karaoke-parties"", ""karaoke-player"", ""mp3"", ""mp4"", ""node"", ""node-js"", ""party"", ""react"", ""reactjs"", ""self-hosted"", ""sqlite""]",859,116,92
factorjs/factor,typescript,https://github.com/factorjs/factor.git,69865783,2019-03-04,2023-10-07T11:25:56,"[""cms"", ""factor"", ""jamstack"", ""typescript"", ""vue""]",1356,108,1
crxjs/chrome-extension-tools,typescript,https://github.com/crxjs/chrome-extension-tools.git,69879466,2019-03-15,2026-07-05T05:04:32,"[""chrome-extension"", ""javascript"", ""manifest-v2"", ""manifest-v3"", ""npm-package"", ""rollup"", ""rollup-js"", ""rollup-plugin"", ""typescript"", ""vite-plugin"", ""vitejs""]",4125,243,72
salesforce/akita,typescript,https://github.com/salesforce/akita.git,69891485,2018-06-11,2025-05-01T05:28:19,"[""angular"", ""javascript"", ""oop"", ""react"", ""redux"", ""rxjs"", ""state-management"", ""store"", ""typescript"", ""vue""]",3697,342,101
exuanbo/assembler-simulator,typescript,https://github.com/exuanbo/assembler-simulator.git,69891523,2020-11-12,2025-11-14T02:03:42,"[""assembler"", ""assembler-simulator"", ""codemirror"", ""microprocessor-simulator"", ""react"", ""redux"", ""simulator""]",506,28,1
factoriolab/factoriolab,typescript,https://github.com/factoriolab/factoriolab.git,69891554,2020-03-30,2026-08-05T08:22:25,"[""angular"", ""calculator"", ""nodejs""]",846,224,53
remix-run/remix,typescript,https://github.com/remix-run/remix.git,69892787,2020-10-26,2026-08-06T12:24:46,[],33284,2789,455
rpearce/react-medium-image-zoom,typescript,https://github.com/rpearce/react-medium-image-zoom.git,69892838,2016-07-13,2026-08-04T08:29:15,"[""hacktoberfest"", ""image-zoom"", ""medium"", ""props"", ""react"", ""react-images"", ""reactjs"", ""typescript"", ""zoom"", ""zoom-images"", ""zoomable""]",2115,104,26
bitwarden/clients,typescript,https://github.com/bitwarden/clients.git,69912693,2016-03-09,2026-08-06T01:20:57,"[""angular"", ""bitwarden"", ""browser-extension"", ""chrome"", ""cli"", ""desktop"", ""electron"", ""firefox"", ""javascript"", ""nodejs"", ""safari"", ""typescript"", ""webextension""]",13521,1954,423
redocly/redocly-cli,typescript,https://github.com/redocly/redocly-cli.git,69912760,2019-09-10,2026-08-05T03:04:41,"[""api-governance"", ""arazzo"", ""asyncapi"", ""cicd"", ""contract-testing"", ""linter"", ""openapi"", ""openapi-cli"", ""openapi3"", ""openapi31"", ""redoc"", ""redocly"", ""swagger2""]",1493,225,139
ikxin/kms-tools,typescript,https://github.com/ikxin/kms-tools.git,69940706,2020-04-04,2026-07-14T04:58:47,"[""kms"", ""kms-activator"", ""kms-client"", ""kms-module"", ""kms-server"", ""kmspico"", ""office"", ""vlmcsd"", ""windows""]",679,188,2
ocsjs/ocsjs,typescript,https://github.com/ocsjs/ocsjs.git,69941126,2020-03-06,2026-07-01T09:09:35,"[""ant-desgin-vue"", ""electron"", ""nodejs"", ""ocs"", ""ocsjs"", ""playwright"", ""script"", ""scriptcat"", ""tampermonkey"", ""typescript"", ""vue3""]",3242,268,8
siyuan-note/siyuan,typescript,https://github.com/siyuan-note/siyuan.git,69942281,2020-08-30,2026-08-05T04:32:40,"[""agentic-ai"", ""ai-agent"", ""digital-garden"", ""electron"", ""knowledge-base"", ""knowledge-graph"", ""local-first"", ""markdown"", ""mcp"", ""note-taking"", ""notebook"", ""notes-app"", ""pdf"", ""pkm"", ""s3"", ""self-hosted"", ""siyuan"", ""webdav"", ""wiki""]",45642,2934,116
tanstack/table,typescript,https://github.com/tanstack/table.git,69969379,2016-10-20,2026-08-04T05:53:21,"[""datagrid"", ""datagrids"", ""datatable"", ""filtering"", ""grid"", ""grouping"", ""hooks"", ""javascript"", ""pagination"", ""react"", ""reactjs"", ""solid"", ""solidjs"", ""sorting"", ""svelte"", ""sveltejs"", ""table"", ""typescript"", ""vue""]",28274,3559,456
tanstack/virtual,typescript,https://github.com/tanstack/virtual.git,69969395,2020-05-08,2026-08-03T01:12:05,"[""javascript"", ""performance"", ""react"", ""reactjs"", ""scrolling"", ""solid"", ""solidjs"", ""svelte"", ""virtualization"", ""virtualized"", ""vue""]",7039,452,144
tanstack/query,typescript,https://github.com/tanstack/query.git,69984103,2019-09-10,2026-08-03T11:43:21,"[""async"", ""cache"", ""data"", ""fetch"", ""graphql"", ""hooks"", ""query"", ""react"", ""rest"", ""solid"", ""stale"", ""stale-while-revalidate"", ""svelte"", ""typescript"", ""update"", ""vue""]",50066,4144,460
matrix-org/matrix-appservice-discord,typescript,https://github.com/matrix-org/matrix-appservice-discord.git,69984500,2016-06-18,2023-12-03T07:44:00,"[""bridge"", ""discord"", ""matrix"", ""riot""]",756,146,33
sql-formatter-org/sql-formatter,typescript,https://github.com/sql-formatter-org/sql-formatter.git,70014300,2016-09-12,2026-07-23T12:42:18,"[""formatter"", ""javascript"", ""n1ql"", ""sql""]",2880,452,62
sequelize/sequelize-typescript,typescript,https://github.com/sequelize/sequelize-typescript.git,70027367,2016-01-27,2023-11-24T07:58:22,"[""annotations"", ""decorators"", ""orm"", ""sequelize"", ""typescript""]",2694,284,69
julia-vscode/julia-vscode,typescript,https://github.com/julia-vscode/julia-vscode.git,70043115,2016-06-21,2026-08-05T11:27:16,"[""ide"", ""integrated-development-environment"", ""julia"", ""julia-language"", ""julialang"", ""vscode""]",1339,233,111
redpanda-data/console,typescript,https://github.com/redpanda-data/console.git,70060492,2019-09-29,2026-08-05T07:30:21,"[""apache-kafka"", ""dataops"", ""go"", ""kafka"", ""kafka-gui"", ""kafka-ui"", ""react"", ""typescript"", ""web-ui""]",4317,428,96
daangn/stackflow,typescript,https://github.com/daangn/stackflow.git,70073270,2020-09-14,2026-08-04T01:10:54,"[""framework"", ""mobile"", ""navigator"", ""plugin"", ""react"", ""stack"", ""system"", ""typescript"", ""webview""]",1020,115,42
umami-software/umami,typescript,https://github.com/umami-software/umami.git,70088088,2020-07-17,2026-08-05T10:13:10,"[""analytics"", ""audience-segmentation"", ""charts"", ""cohort-analysis"", ""google-analytics"", ""product-analytics"", ""statistics"", ""user-journey"", ""web-analytics""]",38069,7713,375
i18next/next-i18next,typescript,https://github.com/i18next/next-i18next.git,70130146,2018-11-09,2026-08-03T01:16:47,"[""i18next"", ""next"", ""nextjs"", ""now"", ""react"", ""react-i18next"", ""reactjs"", ""ssr""]",6158,763,100
serverless-stack/sst,typescript,https://github.com/serverless-stack/sst.git,70130780,2020-08-04,2022-07-10T06:18:13,[],7402,619,84
monkeytypegame/monkeytype,typescript,https://github.com/monkeytypegame/monkeytype.git,70143735,2020-05-14,2026-08-04T10:28:59,"[""monkeytype"", ""typingtest""]",20487,3270,431
revokecash/revoke.cash,typescript,https://github.com/revokecash/revoke.cash.git,70181093,2019-10-12,2026-08-02T10:13:47,"[""ethereum"", ""security"", ""token-approval""]",769,291,60
vbenjs/vben-admin-thin-next,typescript,https://github.com/vbenjs/vben-admin-thin-next.git,70182278,2020-10-14,2024-04-03T06:32:25,"[""template""]",1984,853,73
denodrivers/mongo,typescript,https://github.com/denodrivers/mongo.git,70221929,2019-06-07,2025-03-14T07:07:36,"[""database"", ""deno"", ""deno-deploy"", ""driver"", ""mongodb"", ""typescript""]",514,93,52
eslint-functional/eslint-plugin-functional,typescript,https://github.com/eslint-functional/eslint-plugin-functional.git,70243481,2019-07-01,2026-08-04T03:09:44,"[""eslint"", ""eslint-plugin"", ""eslint-rules"", ""fp"", ""functional"", ""functional-programming"", ""immutability"", ""javascript"", ""typescript""]",992,34,22
solidjs/solid-router,typescript,https://github.com/solidjs/solid-router.git,70243521,2020-10-26,2026-08-03T08:47:51,[],1318,177,84
nick-keller/react-datasheet-grid,typescript,https://github.com/nick-keller/react-datasheet-grid.git,70263741,2020-11-16,2026-03-03T02:54:46,"[""excel"", ""grid"", ""react"", ""spreadsheet"", ""table""]",1988,208,15
nangohq/nango,typescript,https://github.com/nangohq/nango.git,70299220,2020-04-09,2026-08-05T11:44:31,"[""access-token"", ""api"", ""api-client"", ""api-integration"", ""api-integrations"", ""integrations"", ""oauth"", ""oauth1"", ""oauth2"", ""product-integration"", ""refresh-token"", ""unified-api""]",11361,1242,228
cross-seed/cross-seed,typescript,https://github.com/cross-seed/cross-seed.git,70337955,2020-06-08,2026-07-28T11:14:35,"[""bittorrent"", ""cross-seed"", ""cross-seeding"", ""cross-seeds"", ""jackett"", ""private-tracker"", ""qbittorrent"", ""rtorrent"", ""torrent"", ""torrents"", ""torznab""]",1512,91,56
tanstack/router,typescript,https://github.com/tanstack/router.git,70339539,2019-01-14,2026-08-06T12:20:44,"[""framework"", ""fullstack"", ""javascript"", ""react"", ""route"", ""router"", ""routing"", ""rpc"", ""search"", ""searchparams"", ""server-functions"", ""ssr"", ""state-management"", ""typesafe"", ""typescript"", ""url""]",14898,1787,464
hello-pangea/dnd,typescript,https://github.com/hello-pangea/dnd.git,70357432,2020-12-14,2026-08-05T10:05:57,"[""dnd"", ""drag"", ""drag-and-drop"", ""forked"", ""react"", ""react-beautiful-dnd"", ""react-component"", ""react-drag-and-drop"", ""react-draggable"", ""react-sortable"", ""reordering"", ""sortable"", ""typescript""]",3999,131,106
anidl/multi-downloader-nx,typescript,https://github.com/anidl/multi-downloader-nx.git,70377343,2020-01-20,2026-07-22T11:11:17,"[""adn"", ""animationdigitalnetwork"", ""anime-downloader"", ""crunchy"", ""crunchyroll"", ""crunchyroll-downloader"", ""download"", ""downloader"", ""hidive"", ""hidive-downloader""]",569,130,32
authing/guard,typescript,https://github.com/authing/guard.git,70416282,2019-02-22,2026-07-06T11:18:05,"[""authing"", ""guard"", ""sso"", ""sso-login""]",1360,151,17
oyuyue/nplayer,typescript,https://github.com/oyuyue/nplayer.git,70435921,2020-04-14,2024-03-14T04:25:22,"[""danmaku"", ""nplayer"", ""player"", ""video-player""]",1206,112,3
wormhole-foundation/wormhole,typescript,https://github.com/wormhole-foundation/wormhole.git,70442873,2020-07-26,2026-08-04T10:09:31,"[""blockchain"", ""golang"", ""rust"", ""solidity""]",1894,851,109
agoraio-extensions/react-native-agora,typescript,https://github.com/agoraio-extensions/react-native-agora.git,70482164,2017-06-13,2026-08-05T12:22:41,"[""agora"", ""android"", ""ios"", ""live"", ""rct"", ""react"", ""react-native"", ""react-native-agora"", ""sdk"", ""sheng-w"", ""typescript"", ""video""]",653,224,10
verida/verida-js,typescript,https://github.com/verida/verida-js.git,70501031,2020-12-05,2025-04-14T11:25:58,"[""blockchain"", ""decentralized"", ""identity"", ""personal-data"", ""privacy"", ""web3""]",1313,36,14
amandaghassaei/gpu-io,typescript,https://github.com/amandaghassaei/gpu-io.git,70522913,2020-11-03,2024-01-31T11:07:13,"[""canvas"", ""glsl"", ""gpgpu"", ""gpu"", ""parallel"", ""particles"", ""physics"", ""shader"", ""shaders"", ""simulation"", ""threejs"", ""webgl"", ""webgl1"", ""webgl2""]",1146,37,3
hellooraculi/komiser,typescript,https://github.com/hellooraculi/komiser.git,70563225,2018-02-12,2022-10-13T01:56:14,[],2858,229,13
vite-pwa/vite-plugin-pwa,typescript,https://github.com/vite-pwa/vite-plugin-pwa.git,70624812,2020-08-25,2026-05-05T03:03:21,"[""preact"", ""pwa"", ""react"", ""solidjs"", ""svelte"", ""vite"", ""vite-plugin"", ""vue"", ""workbox""]",4146,258,70
vexip-ui/vexip-ui,typescript,https://github.com/vexip-ui/vexip-ui.git,70624868,2020-03-16,2026-05-06T04:03:16,"[""config"", ""css"", ""html"", ""javascript"", ""typescript"", ""ui-components"", ""vexipui"", ""vitejs"", ""vue"", ""vue-components""]",1902,185,38
software-mansion/react-native-svg,typescript,https://github.com/software-mansion/react-native-svg.git,71851786,2016-01-17,2026-07-31T07:54:13,[],8000,1189,224
chibisafe/chibisafe,typescript,https://github.com/chibisafe/chibisafe.git,74096197,2017-01-13,2026-05-27T04:12:46,"[""chibisafe"", ""file"", ""file-upload"", ""file-uploader"", ""files"", ""fileuploader"", ""js"", ""node"", ""pomf"", ""screenshots"", ""upload"", ""uploader"", ""video""]",2703,302,54
arktypeio/arktype,typescript,https://github.com/arktypeio/arktype.git,74172159,2019-06-21,2026-07-07T08:07:53,"[""javascript"", ""parsing"", ""runtime-typechecking"", ""static-typing"", ""typescript""]",7794,152,65
mui/material-ui-pickers,typescript,https://github.com/mui/material-ui-pickers.git,76694533,2017-10-07,2025-03-18T12:43:43,"[""datepicker"", ""datetimepicker"", ""material-ui"", ""material-ui-pickers"", ""picker"", ""timepicker""]",2322,833,106
ng-alain/ng-alain,typescript,https://github.com/ng-alain/ng-alain.git,76758366,2017-08-17,2026-06-16T07:31:01,"[""angular"", ""angular-applications"", ""angular-components"", ""angular-seed"", ""angular-start"", ""angular10"", ""angular9"", ""ant-design"", ""antd"", ""antd-design-pro"", ""delon"", ""ng-alain"", ""ng-zorro"", ""ng-zorro-antd""]",4531,1141,21
alextorresdev/custom-electron-titlebar,typescript,https://github.com/alextorresdev/custom-electron-titlebar.git,78673690,2018-12-16,2026-03-28T12:02:09,"[""cross-platform"", ""custom-electron-titlebar"", ""customizable"", ""electron"", ""electron-app"", ""icons"", ""javascript"", ""linux"", ""menu"", ""theme"", ""titlebar"", ""typescript"", ""windows""]",893,153,34
google/tachometer,typescript,https://github.com/google/tachometer.git,78673917,2019-01-15,2025-07-03T12:17:22,[],711,23,13
microfeed/microfeed,typescript,https://github.com/microfeed/microfeed.git,79642384,2020-05-25,2026-08-05T12:05:22,"[""cloudflare"", ""cloudflare-d1"", ""cloudflare-r2"", ""cloudflare-workers"", ""cloudflare-zero-trust"", ""cms"", ""podcast-host"", ""serverless""]",4031,1413,8
phosphor-icons/react,typescript,https://github.com/phosphor-icons/react.git,79769582,2020-07-18,2026-01-06T09:38:12,"[""icon-font"", ""icon-pack"", ""icons"", ""react"", ""reactjs"", ""svg"", ""svg-icons""]",1548,80,16
react95-io/react95,typescript,https://github.com/react95-io/react95.git,79817732,2019-02-18,2024-01-14T08:52:31,"[""component-library"", ""components"", ""design-system"", ""react"", ""reactjs"", ""styled-components"", ""ui"", ""ui-kit"", ""vaporwave"", ""windows95""]",6123,180,21
effect-ts/effect,typescript,https://github.com/effect-ts/effect.git,79831871,2019-11-13,2026-07-13T11:34:39,"[""cli"", ""clustering"", ""concurrency"", ""dependency-injection"", ""effect"", ""error-handling"", ""javascript"", ""observability"", ""opentelemetry"", ""platform"", ""schema"", ""typescript"", ""workflows""]",14885,606,263
zoriya/kyoo,typescript,https://github.com/zoriya/kyoo.git,81359309,2019-08-04,2026-08-05T10:03:44,"[""docker"", ""ffmpeg"", ""golang"", ""jellyfin"", ""mediabrowser"", ""netflix"", ""next"", ""plex"", ""python"", ""react-native"", ""self-hosted""]",2490,76,44
zhanglun/lettura,typescript,https://github.com/zhanglun/lettura.git,81864936,2020-09-29,2026-07-30T11:23:55,"[""rss"", ""rss-reader"", ""rust"", ""tailwindcss"", ""tauri-app""]",1811,71,4
origranot/reduced.to,typescript,https://github.com/origranot/reduced.to.git,81882580,2020-03-18,2025-01-25T09:51:52,"[""contributions-welcome"", ""css"", ""docker"", ""hacktoberfest"", ""html"", ""nestjs"", ""nodejs"", ""nx"", ""qwik"", ""tailwindcss"", ""typescript"", ""url-shortener""]",716,283,100
zaydek/heroicons.dev,typescript,https://github.com/zaydek/heroicons.dev.git,81903406,2020-02-24,2023-12-19T02:10:59,"[""react"", ""sass"", ""typescript"", ""unocss"", ""vite""]",1234,23,3
electron/forge,typescript,https://github.com/electron/forge.git,82702667,2016-10-05,2026-08-05T01:57:13,"[""build"", ""electron"", ""hacktoberfest"", ""javascript"", ""linux"", ""macos"", ""package"", ""typescript"", ""webpack"", ""windows""]",7121,630,111
astuto/astuto,typescript,https://github.com/astuto/astuto.git,82735394,2019-08-18,2026-01-09T05:46:45,"[""boards"", ""customer-feedback"", ""docker"", ""feedback"", ""react"", ""roadmap"", ""ruby-on-rails"", ""self-hosted""]",2335,184,13
apm-ai/aiapm,typescript,https://github.com/apm-ai/aiapm.git,84155099,2017-09-28,2023-02-13T03:39:32,[],2866,474,5
equal-ui/equal,typescript,https://github.com/equal-ui/equal.git,84155642,2019-10-15,2024-10-28T12:14:42,"[""contributions-welcome"", ""css"", ""equal"", ""framework"", ""frontend"", ""nuxt"", ""tailwind"", ""tailwindcss"", ""typescript"", ""ui"", ""ux"", ""vue"", ""vue-components"", ""vue3"", ""vuejs""]",1211,67,10
dineug/erd-editor,typescript,https://github.com/dineug/erd-editor.git,84156491,2019-09-01,2026-06-14T10:19:18,"[""database"", ""db"", ""diagram"", ""draw"", ""editor"", ""entity"", ""erd"", ""relationship"", ""sql"", ""vscode"", ""vuerd""]",1655,149,4
webgpu/webgpu-samples,typescript,https://github.com/webgpu/webgpu-samples.git,84185123,2019-03-25,2026-08-05T04:31:50,[],2155,356,48
azouaoui-med/react-pro-sidebar,typescript,https://github.com/azouaoui-med/react-pro-sidebar.git,84196195,2020-05-06,2026-07-24T02:03:34,"[""dropdown-menus"", ""menu"", ""menus"", ""npm"", ""npm-package"", ""react"", ""react-component"", ""reactjs"", ""sidebar"", ""submenu"", ""submenus"", ""tree-structure""]",1795,404,11
web-infra-dev/garfish,typescript,https://github.com/web-infra-dev/garfish.git,84208746,2020-12-21,2026-08-04T07:51:54,"[""framework"", ""javascript""]",2908,230,59
release-drafter/release-drafter,typescript,https://github.com/release-drafter/release-drafter.git,86158090,2018-06-28,2026-08-04T01:14:21,"[""action"", ""github-app"", ""hacktoberfest"", ""release-automation"", ""release-notes""]",3921,380,88
wilfredinni/javascript-cheatsheet,typescript,https://github.com/wilfredinni/javascript-cheatsheet.git,86191995,2019-01-23,2026-07-26T05:14:58,"[""basic-programming"", ""basics"", ""cheat"", ""cheatsheet"", ""javascript"", ""javascript-cheatsheet"", ""playground"", ""quickbooks"", ""reference"", ""sheet"", ""visualization""]",567,141,12
nuxt-modules/robots,typescript,https://github.com/nuxt-modules/robots.git,86816742,2017-10-24,2026-08-04T06:14:25,"[""nuxt"", ""nuxt-module"", ""robots-txt"", ""ssr"", ""vuejs""]",515,51,29
eclipse-sprotty/sprotty,typescript,https://github.com/eclipse-sprotty/sprotty.git,87449574,2018-08-16,2026-07-27T11:48:22,"[""diagrams"", ""eclipse"", ""svg"", ""typescript"", ""visualization"", ""web""]",880,86,32
grapesjs/grapesjs,typescript,https://github.com/grapesjs/grapesjs.git,87475109,2016-01-22,2026-07-31T01:50:55,"[""drag-and-drop"", ""framework"", ""no-code"", ""nocode"", ""page-builder"", ""site-builder"", ""site-generator"", ""template-builder"", ""ui-builder"", ""web-builder"", ""web-builder-framework"", ""website-builder""]",26106,4636,190
styled-components/xstyled,typescript,https://github.com/styled-components/xstyled.git,87475650,2019-05-24,2023-05-31T08:20:50,"[""css"", ""css-in-js"", ""emotion"", ""react"", ""styled-components"", ""styled-system"", ""tailwindcss""]",2174,100,52
noquarterteam/boilerplate-graphql,typescript,https://github.com/noquarterteam/boilerplate-graphql.git,87476351,2019-05-13,2024-11-15T12:16:47,"[""apollo"", ""chakra-ui"", ""expo"", ""fullstack-boilerplate"", ""graphql"", ""nextjs"", ""node"", ""postgres"", ""prisma"", ""react"", ""react-native"", ""sentry"", ""type-graphql"", ""typescript""]",876,76,6
skillrecordings/egghead-next,typescript,https://github.com/skillrecordings/egghead-next.git,87488003,2020-07-17,2026-07-22T07:12:23,"[""cypress"", ""egghead"", ""jest"", ""mdx"", ""nextjs"", ""react"", ""tailwindcss"", ""typescript""]",1449,195,32
marudor/bahn.expert,typescript,https://github.com/marudor/bahn.expert.git,87509032,2017-04-30,2025-02-02T07:44:39,"[""hacktoberfest""]",531,50,23
brimdata/zui,typescript,https://github.com/brimdata/zui.git,88119519,2018-08-09,2026-05-04T04:51:54,"[""csv"", ""data"", ""data-analytics"", ""data-viz"", ""data-wrangling"", ""electron-app"", ""json-inspector"", ""keyword-search"", ""super-structured-data"", ""table-view"", ""type-system"", ""zed"", ""zng"", ""zq"", ""zui""]",1941,136,14
semaphore-protocol/semaphore,typescript,https://github.com/semaphore-protocol/semaphore.git,88120077,2019-04-05,2026-07-08T05:43:36,"[""circom"", ""ethereum"", ""hacktoberfest"", ""javascript"", ""monorepo"", ""proof-of-membership"", ""semaphore"", ""solidity"", ""typescript"", ""zero-knowledge"", ""zero-knowledge-proofs"", ""zk-snarks""]",1077,295,70
nomic-ai/deepscatter,typescript,https://github.com/nomic-ai/deepscatter.git,88158975,2018-10-30,2025-05-29T05:50:25,"[""data-visualization"", ""visualization"", ""webgl""]",1112,69,13
scaffdog/scaffdog,typescript,https://github.com/scaffdog/scaffdog.git,88159482,2019-01-06,2026-07-24T05:03:42,"[""cli"", ""generator"", ""markdown"", ""nodejs"", ""scaffdog"", ""scaffold"", ""template""]",771,33,13
googleapis/release-please,typescript,https://github.com/googleapis/release-please.git,89061383,2019-04-25,2026-08-05T05:41:35,[],7299,575,163
codebdy/rxdrag,typescript,https://github.com/codebdy/rxdrag.git,89079183,2020-02-01,2024-08-03T08:23:58,[],3647,481,8
hoppscotch/hoppscotch,typescript,https://github.com/hoppscotch/hoppscotch.git,89101975,2019-08-21,2026-08-05T01:13:45,"[""api"", ""api-client"", ""api-rest"", ""api-testing"", ""developer-tools"", ""graphql"", ""http"", ""http-client"", ""pwa"", ""rest"", ""rest-api"", ""spa"", ""testing"", ""testing-tools"", ""tools"", ""vue"", ""vuejs"", ""websocket""]",79969,6009,329
andrechristikan/ack-nestjs-boilerplate,typescript,https://github.com/andrechristikan/ack-nestjs-boilerplate.git,89103801,2020-08-31,2026-08-04T03:02:51,"[""authentication"", ""docker"", ""jwt"", ""mongodb"", ""nestjs"", ""nestjs-backend"", ""nestjs-boilerplate"", ""nestjs-postgres"", ""nestjs-starter"", ""nestjs-swagger"", ""nodejs"", ""oauth"", ""otp"", ""prisma"", ""rbac"", ""redis"", ""swagger"", ""totp"", ""typescript""]",683,232,13
oazapfts/oazapfts,typescript,https://github.com/oazapfts/oazapfts.git,89112847,2019-04-23,2026-08-04T02:38:16,"[""openapi"", ""openapi3"", ""swagger""]",578,90,54
frappe/books,typescript,https://github.com/frappe/books.git,89812637,2018-01-08,2026-05-28T10:17:26,"[""accounting"", ""book-keeping"", ""desktop"", ""double-entry-accounting"", ""electron"", ""frappe"", ""hacktoberfest"", ""inventory-management"", ""invoicing"", ""javascript"", ""offline"", ""open-source"", ""point-of-sale"", ""vuejs""]",4661,1085,80
porsche-design-system/porsche-design-system,typescript,https://github.com/porsche-design-system/porsche-design-system.git,89851476,2018-12-07,2026-08-05T02:44:40,[],643,57,31
nuxt-modules/i18n,typescript,https://github.com/nuxt-modules/i18n.git,89856514,2017-11-12,2026-08-05T06:54:34,"[""i18n"", ""internationalization"", ""javascript"", ""nuxt"", ""nuxt-module"", ""routing"", ""typescript"", ""vue""]",2074,532,121
netlify/next-runtime,typescript,https://github.com/netlify/next-runtime.git,89858255,2020-10-26,2024-10-22T09:19:47,"[""javascript"", ""netlify"", ""netlify-plugin"", ""nextjs""]",656,86,16
galacean/engine,typescript,https://github.com/galacean/engine.git,89885628,2020-12-08,2026-08-05T02:00:05,"[""2d"", ""3d"", ""animation"", ""graphics"", ""html5"", ""input"", ""javascript"", ""physics"", ""typescript"", ""web3d"", ""webgl"", ""webgl2""]",5853,408,36
spacebarchat/server,typescript,https://github.com/spacebarchat/server.git,89899795,2020-11-28,2026-08-04T11:36:13,"[""discord"", ""instant-messaging"", ""real-time-communication"", ""spacebarchat""]",2189,315,90
ueberdosis/hocuspocus,typescript,https://github.com/ueberdosis/hocuspocus.git,89901760,2020-11-13,2026-08-04T08:39:53,"[""collaborative-editing"", ""crdt"", ""prosemirror"", ""real-time"", ""self-hosted"", ""slatejs"", ""tiptap"", ""yjs""]",2513,207,80
carbon-design-system/carbon-components-angular,typescript,https://github.com/carbon-design-system/carbon-components-angular.git,89901781,2018-07-31,2026-08-04T03:27:12,"[""angular"", ""carbon-design-system"", ""component-library"", ""hacktoberfest"", ""ibm""]",564,319,107
homebridge/homebridge-config-ui-x,typescript,https://github.com/homebridge/homebridge-config-ui-x.git,90545096,2017-12-21,2026-08-04T12:25:58,"[""gui"", ""hb-service"", ""homebridge"", ""homebridge-plugin"", ""homebridge-server"", ""homebridge-webserver"", ""smart-home"", ""supervisor"", ""ui"", ""web-interface""]",2789,439,118
urql-graphql/urql,typescript,https://github.com/urql-graphql/urql.git,90972928,2018-01-24,2026-07-10T03:52:18,"[""complex-apps"", ""exchange"", ""graphql"", ""graphql-client"", ""graphql-clients""]",8963,477,248
zidoro/pomatez,typescript,https://github.com/zidoro/pomatez.git,90973413,2019-09-04,2026-05-19T02:32:40,"[""pomodoro"", ""pomodoro-app"", ""pomodoro-clock"", ""pomodoro-technique"", ""pomodoro-timer"", ""productivity"", ""productivity-app"", ""productivity-booster"", ""productivity-timer"", ""productivity-tool"", ""time-management"", ""time-management-app"", ""time-management-tool"", ""tomato"", ""tomato-clock"", ""tomato-timer""]",4839,206,25
listr2/listr2,typescript,https://github.com/listr2/listr2.git,91002206,2020-02-27,2026-08-05T02:07:33,"[""cli"", ""console"", ""listr"", ""loading"", ""nodejs"", ""nodejs-modules"", ""npm"", ""progress"", ""task"", ""tasklist"", ""term"", ""terminal"", ""typescript""]",680,40,48
shopify/shopify-api-js,typescript,https://github.com/shopify/shopify-api-js.git,91016381,2020-09-21,2024-04-11T03:42:14,"[""api"", ""authentication"", ""javascript"", ""shopify"", ""typescript"", ""webhooks""]",944,391,65
ttttonyhe/ouorz-mono,typescript,https://github.com/ttttonyhe/ouorz-mono.git,92101594,2020-12-21,2026-07-24T03:36:19,"[""blog"", ""command-palette"", ""cypress"", ""frontend"", ""monorepo"", ""nextjs"", ""nodejs"", ""openai-api"", ""personal-website"", ""php"", ""portfolio-website"", ""react"", ""reactjs"", ""redux"", ""redux-saga"", ""storybook"", ""tailwindcss"", ""turborepo"", ""typescript"", ""wordpress""]",1057,31,4
tanstack/form,typescript,https://github.com/tanstack/form.git,92757179,2016-11-29,2026-08-04T06:12:58,"[""angular"", ""form"", ""forms"", ""hacktoberfest"", ""hooks"", ""lit"", ""react"", ""solid"", ""tanstack"", ""vue"", ""yup"", ""zod""]",6637,669,215
unjs/unenv,typescript,https://github.com/unjs/unenv.git,93048791,2020-11-18,2026-08-03T05:46:38,[],765,41,29
vuejs/language-tools,typescript,https://github.com/vuejs/language-tools.git,93068047,2020-05-01,2026-08-04T06:38:41,[],6700,554,186
dataobserve/datav,typescript,https://github.com/dataobserve/datav.git,93083284,2017-09-28,2023-08-08T09:37:37,[],2886,473,3
reactjs/ru.react.dev,typescript,https://github.com/reactjs/ru.react.dev.git,93117194,2019-02-07,2026-07-06T04:30:20,"[""docs"", ""documentation"", ""gatsby"", ""javascript"", ""react"", ""russian"", ""russian-translation"", ""translation"", ""website""]",746,390,394
firecmsco/firecms,typescript,https://github.com/firecmsco/firecms.git,93153992,2020-04-18,2026-08-04T02:19:37,"[""admin-dashboard"", ""cms"", ""firebase"", ""firestore"", ""headless-cms"", ""mongodb"", ""react""]",1277,222,41
keldaancommunity/pokemonautochess,typescript,https://github.com/keldaancommunity/pokemonautochess.git,93162765,2019-09-11,2026-08-05T03:29:11,"[""autochess"", ""pokemon"", ""pokemon-auto-chess""]",1765,549,131
flexn-io/renative,typescript,https://github.com/flexn-io/renative.git,94411244,2018-07-24,2026-08-03T06:37:39,"[""android"", ""android-tv"", ""cross-platform"", ""electron"", ""ios"", ""lg"", ""macos"", ""react"", ""react-native"", ""react-universal"", ""reactjs"", ""renative"", ""samsung"", ""starter-kit"", ""starter-project"", ""tizen"", ""tvos"", ""web"", ""webos"", ""windows-desktop""]",1950,189,47
fontsource/fontsource,typescript,https://github.com/fontsource/fontsource.git,94457513,2020-05-17,2026-08-04T08:57:15,"[""css"", ""font"", ""font-family"", ""font-files"", ""font-loading"", ""fonts"", ""fontsource"", ""google"", ""google-fonts"", ""open-source"", ""sass"", ""typefaces""]",6055,193,43
zagortenay333/cronomix,typescript,https://github.com/zagortenay333/cronomix.git,94457538,2017-06-12,2026-04-20T05:22:22,"[""alarm"", ""flashcards"", ""gnome-shell-extension"", ""stopwatch"", ""time-tracker"", ""timer"", ""todo""]",642,76,20
strandedkitty/streets-gl,typescript,https://github.com/strandedkitty/streets-gl.git,94457783,2020-09-14,2025-08-21T07:43:43,"[""3d"", ""data-visualization"", ""map"", ""mapping"", ""maps"", ""openstreetmap"", ""rendering"", ""webgl"", ""webgl2""]",911,74,8
start9labs/start-os,typescript,https://github.com/start9labs/start-os.git,94460278,2020-11-13,2026-06-27T04:29:20,"[""bitcoin"", ""bitcoin-node"", ""lightning-node"", ""p2p"", ""personal-server"", ""privacy-enhancing-technologies"", ""self-hosting""]",1936,186,38
aws-powertools/powertools-lambda-typescript,typescript,https://github.com/aws-powertools/powertools-lambda-typescript.git,94491238,2020-10-19,2026-08-05T10:50:13,"[""aws"", ""aws-lambda"", ""aws-sdk"", ""lambda"", ""nodejs"", ""powertools"", ""serverless"", ""typescript""]",1787,196,108
meilisearch/meilisearch-js-plugins,typescript,https://github.com/meilisearch/meilisearch-js-plugins.git,94491246,2020-07-22,2026-07-21T06:23:56,"[""angular"", ""client"", ""geosearch"", ""instantsearch"", ""js"", ""meilisearch"", ""react"", ""vue""]",532,71,39
nocodb/nocodb,typescript,https://github.com/nocodb/nocodb.git,94491808,2017-10-29,2026-08-05T03:32:11,"[""airtable"", ""airtable-alternative"", ""automatic-api"", ""hacktoberfest"", ""low-code"", ""no-code"", ""no-code-database"", ""no-code-platform"", ""postgresql"", ""rest-api"", ""restful-api"", ""spreadsheet"", ""sqlite"", ""swagger""]",64419,4964,333
help-me-mom/ng-mocks,typescript,https://github.com/help-me-mom/ng-mocks.git,94492072,2018-02-10,2026-08-05T08:44:57,"[""angular"", ""component"", ""directive"", ""enzyme"", ""front-end"", ""frontend"", ""how-to"", ""jasmine"", ""jest"", ""mock"", ""mocking"", ""pipe"", ""provider"", ""service"", ""test"", ""testbed"", ""testing""]",1157,121,34
piqnt/planck.js,typescript,https://github.com/piqnt/planck.js.git,94498565,2016-03-22,2026-04-07T12:29:53,"[""2d"", ""box2d"", ""canvas"", ""cross-platform"", ""game-development"", ""game-engine"", ""gamedev"", ""html5"", ""javascript"", ""physics-engine"", ""planck"", ""planck-js"", ""rigid-bodies""]",5243,254,25
heluxjs/helux,typescript,https://github.com/heluxjs/helux.git,94499827,2019-05-14,2026-07-20T07:13:06,"[""atom"", ""better-redux"", ""better-than-recoil"", ""concent"", ""dependency-collection"", ""fine-grained-responsive-updates"", ""helux"", ""high-performance"", ""immutable"", ""mutable"", ""proxy"", ""react"", ""reactive"", ""replace-recoil"", ""signal"", ""state"", ""state-management""]",1389,69,6
apptension/saas-boilerplate,typescript,https://github.com/apptension/saas-boilerplate.git,94504397,2020-04-14,2026-04-13T07:20:25,"[""aws"", ""aws-esc"", ""backend"", ""boilerplate"", ""business"", ""cdk"", ""django"", ""docker"", ""frontend"", ""hacktoberfest"", ""pipeline"", ""product"", ""python"", ""react"", ""saas"", ""serverless"", ""stack"", ""typescript"", ""vitejs"", ""workers""]",2877,411,34
secretlint/secretlint,typescript,https://github.com/secretlint/secretlint.git,94504509,2020-02-08,2026-08-06T12:42:37,"[""credential"", ""docker"", ""git"", ""lint"", ""linting"", ""nodejs"", ""secret""]",1435,53,38
wps/egon.io,typescript,https://github.com/wps/egon.io.git,94513808,2018-08-31,2026-07-23T09:49:29,"[""business-process"", ""collaborative-modeling"", ""domain-driven-design"", ""domainstorytelling"", ""modeling-tool""]",834,126,27
reactjs/ko.react.dev,typescript,https://github.com/reactjs/ko.react.dev.git,94518118,2019-02-07,2026-08-05T10:30:04,"[""docs"", ""documentation"", ""javascript"", ""javascript-library"", ""react"", ""reactjs"", ""translation"", ""website""]",830,552,406
workadventure/workadventure,typescript,https://github.com/workadventure/workadventure.git,94518325,2020-04-03,2026-08-04T11:16:40,"[""hacktoberfest"", ""remote"", ""typescript"", ""workadventure"", ""workspace""]",5691,918,107
srbhr/Resume-Matcher,typescript,https://github.com/srbhr/Resume-Matcher.git,94530984,2020-04-08,2026-08-05T03:36:10,"[""applicant-tracking-system"", ""ats"", ""hacktoberfest"", ""machine-learning"", ""natural-language-processing"", ""nextjs"", ""python"", ""resume"", ""resume-builder"", ""resume-parser"", ""text-similarity"", ""typescript"", ""vector-search"", ""word-embeddings""]",28030,4963,83
HumanSignal/label-studio,typescript,https://github.com/HumanSignal/label-studio.git,94532768,2019-06-19,2026-08-06T12:21:08,"[""annotation"", ""annotation-tool"", ""annotations"", ""boundingbox"", ""computer-vision"", ""data-labeling"", ""dataset"", ""datasets"", ""deep-learning"", ""image-annotation"", ""image-classification"", ""image-labeling"", ""image-labelling-tool"", ""label-studio"", ""labeling"", ""labeling-tool"", ""mlops"", ""semantic-segmentation"", ""text-annotation"", ""yolo""]",27994,3647,146
shortlink-org/shortlink,typescript,https://github.com/shortlink-org/shortlink.git,94539698,2019-08-27,2026-07-25T11:35:37,"[""architecture"", ""argocd"", ""best-practices"", ""codegen"", ""csi-driver"", ""ddd"", ""ddd-sample"", ""event-sourcing"", ""example"", ""gitops"", ""go"", ""golang"", ""helm-chart"", ""k8s"", ""kafka"", ""kubernetes"", ""layered-architecture"", ""microservices"", ""mq"", ""shortlink""]",770,36,19
taiga-family/ng-web-apis,typescript,https://github.com/taiga-family/ng-web-apis.git,94540241,2020-01-21,2026-07-23T05:33:46,"[""angular"", ""api"", ""hacktoberfest"", ""native"", ""web-api"", ""webapi""]",822,38,19
moonbeam-foundation/moonbeam,typescript,https://github.com/moonbeam-foundation/moonbeam.git,94541285,2020-02-26,2026-08-02T06:30:37,"[""blockchain"", ""cumulus"", ""ethereum"", ""frontier"", ""moonbeam"", ""moonriver"", ""parachain"", ""polkadot"", ""substrate""]",937,382,75
ariakit/ariakit,typescript,https://github.com/ariakit/ariakit.git,94541466,2017-09-19,2026-08-05T03:13:51,"[""a11y"", ""accessibility"", ""accessible"", ""aria"", ""ariakit"", ""components"", ""css"", ""react"", ""reactjs"", ""tailwindcss"", ""wai-aria""]",8594,413,117
iTwin/itwinjs-core,typescript,https://github.com/iTwin/itwinjs-core.git,94541551,2018-10-13,2026-08-05T10:24:07,"[""autodesk"", ""bentley"", ""bim"", ""digital-twin"", ""imodel"", ""itwin"", ""monorepo"", ""nodejs"", ""rush"", ""sqlite"", ""typescript"", ""webgl""]",727,246,226
replayio/devtools,typescript,https://github.com/replayio/devtools.git,94541962,2020-05-04,2026-08-01T04:53:22,[],721,137,54
sst/sst,typescript,https://github.com/sst/sst.git,94542225,2020-08-04,2025-12-09T04:39:43,[],24989,1967,226
tokens-studio/figma-plugin,typescript,https://github.com/tokens-studio/figma-plugin.git,94542384,2020-05-18,2026-08-04T06:20:00,"[""design-tokens"", ""figma"", ""styles"", ""tokens""]",1602,223,50
EtherealEngine/etherealengine,typescript,https://github.com/EtherealEngine/etherealengine.git,94542839,2020-04-02,2024-08-18T07:03:27,"[""agones"", ""avatars"", ""capacitor"", ""capacitor-plugin"", ""chat"", ""metaverse"", ""metaverse-cloud"", ""mmo"", ""multiplayer"", ""nodejs"", ""threejs"", ""virtual-reality"", ""volumetric-video"", ""webrtc"", ""webxr""]",708,248,48
hasura/graphql-engine,typescript,https://github.com/hasura/graphql-engine.git,94544278,2018-06-18,2026-08-05T10:28:54,"[""access-control"", ""api"", ""automatic-api"", ""bigquery"", ""graphql"", ""graphql-api"", ""graphql-server"", ""haskell"", ""hasura"", ""mongodb"", ""postgres"", ""rest-api"", ""sql-server"", ""subgraph"", ""supergraph""]",32073,3036,394
nuxt/nuxt,typescript,https://github.com/nuxt/nuxt.git,94544947,2016-10-26,2026-08-05T09:42:00,"[""csr"", ""framework"", ""full-stack"", ""hacktoberfest"", ""hybrid"", ""node"", ""nuxt"", ""server-rendering"", ""ssg"", ""ssr"", ""static-site-generator"", ""universal"", ""vue""]",60723,5779,420
element-plus/element-plus,typescript,https://github.com/element-plus/element-plus.git,94545155,2020-07-21,2026-08-06T01:21:17,"[""component-library"", ""element-plus"", ""element-ui"", ""vue"", ""vue-components"", ""vuejs""]",27656,19842,414
highlight/highlight,typescript,https://github.com/highlight/highlight.git,94545307,2020-08-20,2026-07-27T08:11:10,"[""apm"", ""full-stack"", ""golang"", ""metrics"", ""monitoring"", ""observability"", ""open-source"", ""self-hosted"", ""session-replay"", ""tracing"", ""typescript""]",9345,673,79
standardnotes/app,typescript,https://github.com/standardnotes/app.git,94545321,2016-12-05,2026-08-05T06:36:29,"[""encrypted"", ""evernote"", ""markdown"", ""note-taking"", ""notes"", ""privacy"", ""secure"", ""snippets""]",6577,543,44
AxaFrance/oidc-client,typescript,https://github.com/AxaFrance/oidc-client.git,94545538,2018-09-19,2026-08-05T09:43:38,"[""axa"", ""context-api"", ""front-end-development"", ""javascript"", ""js"", ""library"", ""nextjs"", ""oauth2"", ""oidc-client"", ""ope"", ""openid"", ""openid-client"", ""openid-connect"", ""react"", ""reactjs"", ""redux"", ""security""]",676,169,63
ivan-lednev/obsidian-day-planner,typescript,https://github.com/ivan-lednev/obsidian-day-planner.git,94545613,2020-11-03,2026-08-04T12:45:13,"[""obsidian-plugin""]",2691,547,17
facebook/lexical,typescript,https://github.com/facebook/lexical.git,94549568,2020-12-03,2026-08-06T12:00:27,[],23737,2216,447
requestly/requestly,typescript,https://github.com/requestly/requestly.git,94550085,2016-12-01,2026-05-29T05:57:14,"[""api-mock"", ""charles-proxy"", ""chrome-extension"", ""fiddler"", ""firefox-extension"", ""hacktoberfest"", ""http-interceptor"", ""mock-server"", ""open-source""]",6724,703,76
flybywiresim/aircraft,typescript,https://github.com/flybywiresim/aircraft.git,94550734,2020-08-04,2026-08-05T10:36:21,"[""a320"", ""a380"", ""javascript"", ""matlab"", ""msfs2020"", ""react"", ""reactjs"", ""rust"", ""typescript""]",5395,1140,272
apm-ai/datav,typescript,https://github.com/apm-ai/datav.git,94559109,2017-09-28,2023-08-20T10:58:25,[],2885,473,3
apify/crawlee,typescript,https://github.com/apify/crawlee.git,94559216,2016-08-26,2026-08-05T09:26:05,"[""apify"", ""automation"", ""crawler"", ""crawling"", ""headless"", ""headless-chrome"", ""javascript"", ""nodejs"", ""npm"", ""playwright"", ""puppeteer"", ""scraper"", ""scraping"", ""typescript"", ""web-crawler"", ""web-crawling"", ""web-scraping""]",25193,1593,125
taiga-family/taiga-ui,typescript,https://github.com/taiga-family/taiga-ui.git,94559218,2020-09-25,2026-08-05T08:10:13,"[""angular"", ""best-practices"", ""cdk"", ""component-library"", ""components"", ""design-patterns"", ""figma"", ""hacktoberfest"", ""mobile"", ""resposive-design"", ""typescript"", ""ui"", ""ui-components"", ""ui-design"", ""uikit"", ""web""]",4032,561,254
meshery/meshery,typescript,https://github.com/meshery/meshery.git,94564243,2018-11-14,2026-07-27T03:11:50,"[""cloud-native"", ""cncf"", ""control-plane"", ""docker"", ""gitops"", ""golang"", ""gsoc"", ""hacktoberfest"", ""infrastructure-as-code"", ""internal-developer-platform"", ""kanvas"", ""kubernetes"", ""kubernetes-operator"", ""management-plane"", ""meshery"", ""opa"", ""platform-engineering"", ""reactjs"", ""visualization"", ""webassembly""]",11402,3596,307
ViewTube/viewtube,typescript,https://github.com/ViewTube/viewtube.git,94564809,2019-07-18,2026-08-03T10:55:24,"[""docker"", ""nuxt"", ""streaming"", ""subscriptions"", ""typescript"", ""video"", ""viewtube"", ""vuejs"", ""youtube"", ""youtube-player""]",1472,92,19
tsparticles/tsparticles,typescript,https://github.com/tsparticles/tsparticles.git,94572457,2020-02-05,2026-08-03T09:56:30,"[""2d"", ""angular"", ""animations"", ""bg"", ""canvas"", ""confetti"", ""fireworks"", ""hacktoberfest"", ""html"", ""javascript"", ""js"", ""npm"", ""particles"", ""react"", ""svelte"", ""ts"", ""tsparticles"", ""typescript"", ""vue"", ""web""]",8940,946,94
data-observe/datav,typescript,https://github.com/data-observe/datav.git,94572458,2017-09-28,2023-09-13T06:51:13,[],2888,474,3
BetterTyped/react-zoom-pan-pinch,typescript,https://github.com/BetterTyped/react-zoom-pan-pinch.git,94583190,2019-07-14,2026-08-03T08:23:35,"[""figma"", ""gesture"", ""html-manipulation"", ""miro"", ""pan"", ""pinch"", ""react"", ""react-component"", ""svg"", ""zoom"", ""zoomin"", ""zoomout""]",1906,303,54
shd101wyy/crossnote,typescript,https://github.com/shd101wyy/crossnote.git,94586528,2017-07-10,2026-07-31T05:44:56,"[""markdown""]",565,150,50
reactive/data-client,typescript,https://github.com/reactive/data-client.git,94588709,2019-02-15,2026-08-05T11:16:03,"[""expo"", ""fetch"", ""hooks"", ""normalized"", ""normalizr"", ""react"", ""react-native"", ""reactive-programming"", ""rest"", ""sse-client"", ""state-management"", ""suspense"", ""typescript""]",2033,99,34
zhlint-project/zhlint,typescript,https://github.com/zhlint-project/zhlint.git,94606674,2019-06-23,2026-06-03T11:06:23,"[""chinese"", ""chinese-language"", ""linter"", ""translation"", ""zhlint""]",1012,25,6
ttqftech/FFBox,typescript,https://github.com/ttqftech/FFBox.git,94608334,2018-12-29,2026-07-27T12:43:05,"[""electron"", ""ffmpeg"", ""ffmpeg-filter"", ""ffmpeg-gui"", ""multimedia""]",1095,38,1
windingwind/zotero-actions-tags,typescript,https://github.com/windingwind/zotero-actions-tags.git,94608519,2020-12-10,2026-05-27T11:19:00,"[""actions"", ""addon"", ""automation"", ""plugin"", ""tag"", ""zotero"", ""zotero-plugin""]",2695,61,7
radishes-music/radishes,typescript,https://github.com/radishes-music/radishes.git,94608539,2017-10-09,2024-08-20T12:21:53,"[""electron"", ""id3-reader"", ""id3-writer"", ""music"", ""music-player"", ""radishes"", ""typescript"", ""unblock"", ""vip"", ""vue3""]",1090,90,4
openapistack/openapi-backend,typescript,https://github.com/openapistack/openapi-backend.git,94608779,2018-10-27,2026-08-04T12:51:06,"[""express"", ""hacktoberfest"", ""mock"", ""nodejs"", ""openapi"", ""router"", ""serverless"", ""swagger""]",683,99,29
devsecopsmaturitymodel/DevSecOps-MaturityModel,typescript,https://github.com/devsecopsmaturitymodel/DevSecOps-MaturityModel.git,94608780,2016-06-24,2026-07-29T04:40:22,[],582,353,45
LasCC/HackTools,typescript,https://github.com/LasCC/HackTools.git,94608967,2020-06-22,2025-01-05T11:10:49,"[""bug-bounty"", ""cheatsheet"", ""chrome-extension"", ""firefox-addon"", ""hack"", ""hack-tools"", ""hackbar"", ""hacking"", ""hackingtools"", ""hacktools"", ""metasploit"", ""msfvenom"", ""payloads"", ""purpleteam"", ""redteam"", ""reverse-shell"", ""web-pentesters"", ""xss-payloads""]",5895,656,11
decentralized-identity/veramo,typescript,https://github.com/decentralized-identity/veramo.git,94609200,2019-11-12,2026-07-12T12:21:28,"[""did"", ""key-management"", ""openapi"", ""ssi"", ""veramo"", ""verifiable-credentials""]",543,137,57
glideapps/quicktype,typescript,https://github.com/glideapps/quicktype.git,94609274,2017-07-13,2026-08-05T04:45:55,"[""cplusplus"", ""csharp"", ""elm"", ""golang"", ""graphql"", ""java"", ""json"", ""json-schema"", ""kotlin"", ""objective-c"", ""rust"", ""swift"", ""typescript""]",13821,1195,192
graphile/crystal,typescript,https://github.com/graphile/crystal.git,94609440,2016-04-14,2026-08-05T03:37:47,"[""api"", ""automatic-api"", ""express"", ""graphile"", ""graphql"", ""graphql-api"", ""graphql-js"", ""http"", ""instant"", ""koa"", ""koa2"", ""node"", ""nodejs"", ""pg"", ""pgsql"", ""postgraphql"", ""postgres"", ""postgresql"", ""schema"", ""typescript""]",12932,622,174
ardatan/graphql-mesh,typescript,https://github.com/ardatan/graphql-mesh.git,94609652,2020-01-13,2026-08-05T07:43:12,"[""gateway"", ""graphql"", ""grpc"", ""grpc-gateway"", ""odata"", ""openapi"", ""rest-api"", ""soap"", ""swagger"", ""thrift""]",3512,363,146
wazuh/wazuh-dashboard-plugins,typescript,https://github.com/wazuh/wazuh-dashboard-plugins.git,94609774,2016-06-29,2026-08-04T06:56:31,"[""compliance"", ""file-integrity-management"", ""gdpr"", ""ids"", ""incident-response"", ""intrusion-detection"", ""log-analysis"", ""loganalyzer"", ""monitoring"", ""openscap"", ""opensearch-dashboards"", ""opensearch-plugins"", ""ossec"", ""pci-dss"", ""policy-monitoring"", ""security"", ""security-awareness"", ""security-hardening"", ""vulnerability-detection"", ""wazuh""]",518,237,61
wasp-lang/wasp,typescript,https://github.com/wasp-lang/wasp.git,94609898,2020-01-30,2026-08-05T07:01:21,"[""javascript"", ""node"", ""open-source"", ""prisma"", ""react"", ""wasp"", ""web-app""]",18659,1471,111
xyflow/xyflow,typescript,https://github.com/xyflow/xyflow.git,94610031,2019-07-15,2026-08-05T06:55:05,"[""flowchart"", ""graph"", ""javascript"", ""node-based-ui"", ""react"", ""react-flow"", ""svelte"", ""svelte-flow"", ""typescript"", ""typescript-library"", ""workflow""]",37926,2490,136
browserless/browserless,typescript,https://github.com/browserless/browserless.git,94610045,2017-11-17,2026-08-04T01:47:45,"[""browserless"", ""chrome"", ""docker"", ""firefox"", ""nodejs"", ""playwright"", ""puppeteer"", ""typescript"", ""webkit"", ""websocket""]",13554,1028,81
zdhxiong/mdui,typescript,https://github.com/zdhxiong/mdui.git,94611004,2016-07-11,2026-07-21T05:28:20,"[""css"", ""javascript"", ""material"", ""material-design"", ""material-design-3"", ""material-you"", ""web-components""]",4516,375,12
xObserve/xObserve,typescript,https://github.com/xObserve/xObserve.git,94611005,2017-09-28,2024-02-21T04:16:48,"[""apm"", ""jaeger"", ""observability"", ""opentelemetry"", ""prometheus"", ""tracing"", ""xo""]",3523,468,11
Websoft9/websoft9,typescript,https://github.com/Websoft9/websoft9.git,94621030,2020-12-18,2026-08-05T08:37:50,"[""appstore"", ""cicd"", ""cloud-native"", ""cockpit-project"", ""devops"", ""docker"", ""docker-compose"", ""gui"", ""iaas"", ""kubernetes"", ""linux"", ""linux-gui"", ""marketplace"", ""opensource"", ""paas"", ""panel"", ""portainer"", ""web-based""]",2125,318,11
microsoft/CopilotStudioSamples,typescript,https://github.com/microsoft/CopilotStudioSamples.git,94672206,2019-10-28,2026-07-10T06:30:58,[],767,480,58
circlefin/stablecoin-evm,typescript,https://github.com/circlefin/stablecoin-evm.git,94681114,2018-02-05,2026-06-26T05:14:36,[],769,559,29
bring-shrubbery/SVG-to-SwiftUI,typescript,https://github.com/bring-shrubbery/SVG-to-SwiftUI.git,94688007,2020-04-07,2026-08-05T05:18:32,"[""compiler"", ""svg"", ""swift"", ""swiftui"", ""swiftui-shape"", ""transpiler""]",1116,53,4
element-hq/hydrogen-web,typescript,https://github.com/element-hq/hydrogen-web.git,94688810,2020-08-07,2026-04-09T03:12:34,[],710,135,34
vuepress/core,typescript,https://github.com/vuepress/core.git,94689269,2020-05-06,2026-07-24T09:17:16,"[""vite"", ""vue"", ""vuepress"", ""webpack""]",2826,896,69
klinecharts/KLineChart,typescript,https://github.com/klinecharts/KLineChart.git,94689415,2019-05-19,2026-08-05T06:41:00,"[""candlestick"", ""canvas"", ""chart"", ""exchange"", ""finance"", ""kline"", ""klinechart"", ""stock"", ""stockchart"", ""technical-indicators"", ""time-line""]",4031,984,37
grafana/grafana-infinity-datasource,typescript,https://github.com/grafana/grafana-infinity-datasource.git,94689424,2020-09-04,2026-08-06T12:05:14,"[""group-datasources""]",1066,149,44
47ng/nuqs,typescript,https://github.com/47ng/nuqs.git,94690209,2020-05-11,2026-08-05T07:17:22,"[""query-params"", ""react"", ""search-params"", ""state-management"", ""type-safe"", ""type-safety"", ""url-parameters"", ""url-params"", ""url-state""]",10727,290,73
stegripe/rawon,typescript,https://github.com/stegripe/rawon.git,94691057,2020-01-28,2026-08-04T05:41:26,"[""bot"", ""discord-bot"", ""discord-js"", ""discord-music-bot"", ""nodejs"", ""typescript""]",1520,1638,27
firebase/quickstart-js,typescript,https://github.com/firebase/quickstart-js.git,94691295,2016-04-26,2026-08-05T01:15:27,[],5365,3683,78
empjs/emp,typescript,https://github.com/empjs/emp.git,94706532,2020-10-29,2026-08-05T09:01:41,"[""emp"", ""federation"", ""module-federation""]",2398,230,19
cars10/elasticvue,typescript,https://github.com/cars10/elasticvue.git,94706628,2017-08-08,2026-06-07T12:37:27,"[""elasticsearch"", ""elasticsearch-browser"", ""elasticsearch-frontend"", ""elasticsearch-gui""]",2678,195,16
maplibre/maputnik,typescript,https://github.com/maplibre/maputnik.git,94706665,2016-09-08,2026-08-04T01:58:48,"[""cartography"", ""geo"", ""geospatial"", ""gis"", ""hacktoberfest"", ""maplibre"", ""maplibre-gl-js"", ""mapping"", ""maps"", ""maputnik"", ""vector-tiles""]",2599,467,69
buqiyuan/vue3-antdv-admin,typescript,https://github.com/buqiyuan/vue3-antdv-admin.git,94719309,2020-08-24,2025-05-27T03:39:54,"[""admin-template"", ""ant-design-vue"", ""mock"", ""tsx"", ""typescript"", ""vite"", ""vite-starter-template"", ""vite-template"", ""vite-vue3"", ""vue-cli"", ""vue-next"", ""vue-router"", ""vue3"", ""vuex"", ""webpack5""]",3884,935,14
beekeeper-studio/beekeeper-studio,typescript,https://github.com/beekeeper-studio/beekeeper-studio.git,94727693,2019-07-23,2026-08-06T01:50:44,"[""bigquery"", ""cassandra"", ""cockroachdb"", ""database"", ""electron"", ""firebird"", ""linux-app"", ""mac-app"", ""mariadb"", ""mssql"", ""mysql"", ""postgresql"", ""sql"", ""sql-server"", ""sqlite"", ""windows-app""]",23317,1593,180
jsverse/transloco,typescript,https://github.com/jsverse/transloco.git,94732524,2019-08-09,2026-08-01T08:02:27,"[""angular"", ""i18n"", ""internationalization"", ""languages"", ""translation""]",2268,222,98
ragnarlotus/vue-flux,typescript,https://github.com/ragnarlotus/vue-flux.git,94732592,2018-03-31,2026-07-26T01:38:26,"[""image"", ""parallax"", ""slider"", ""vue""]",552,47,4
Shopify/remote-dom,typescript,https://github.com/Shopify/remote-dom.git,94735512,2020-06-17,2026-07-29T06:43:18,[],1325,86,43
GiantappMan/livewallpaper,typescript,https://github.com/GiantappMan/livewallpaper.git,94737023,2018-02-26,2026-05-19T05:00:42,"[""dyamic-desktop"", ""dynamic-wallpaper-app"", ""dynamic-wallpapers"", ""giantapp-wallpaper"", ""live-wallpapers"", ""livewallpaper"", ""nuxt"", ""vue"", ""wallpaper"", ""wallpaper-app"", ""wallpaper-changer"", ""wallpaper-engine"", ""wallpaper-manager"", ""wallpapers"", ""webview-app"", ""webview2"", ""wpf""]",1031,159,7
xobserve/xo,typescript,https://github.com/xobserve/xo.git,94738008,2017-09-28,2024-05-22T05:13:39,"[""apm"", ""jaeger"", ""observability"", ""opentelemetry"", ""prometheus"", ""tracing"", ""xo""]",3681,479,11
epicweb-dev/react-suspense,typescript,https://github.com/epicweb-dev/react-suspense.git,94739071,2019-10-30,2026-07-29T11:36:27,"[""concurrent"", ""epicreact-dev"", ""epicweb-dev"", ""kcd-edu"", ""react"", ""suspense"", ""workshop""]",864,371,36
ThatOpen/engine_web-ifc,typescript,https://github.com/ThatOpen/engine_web-ifc.git,94741656,2020-12-05,2026-08-03T01:14:54,"[""cpp"", ""emscripten"", ""ifc"", ""javascript"", ""wasm"", ""webassembly""]",1006,279,47
fictionco/fiction,typescript,https://github.com/fictionco/fiction.git,94744491,2019-03-04,2025-10-16T05:42:41,"[""ai"", ""branding"", ""cms"", ""marketing"", ""website""]",1452,112,3
latentcat/qrbtf,typescript,https://github.com/latentcat/qrbtf.git,94752533,2020-05-01,2025-04-17T08:22:41,"[""art-qr"", ""art-qr-code"", ""art-qrcode"", ""generator"", ""qr"", ""qr-code"", ""qr-codes"", ""qrcode"", ""qrcode-generator""]",6473,541,4
smocker-dev/smocker,typescript,https://github.com/smocker-dev/smocker.git,94756413,2019-08-29,2026-08-01T07:44:17,"[""api"", ""functional-testing"", ""go"", ""integration-testing"", ""mock"", ""mock-server"", ""proxy"", ""react"", ""test"", ""typescript"", ""wiremock""]",1282,71,14
un-ts/eslint-plugin-import-x,typescript,https://github.com/un-ts/eslint-plugin-import-x.git,94758535,2020-02-08,2026-06-30T02:42:55,"[""eslint"", ""eslint-plugin"", ""eslint-plugin-import"", ""hacktoberfest""]",741,64,365
chearon/dropflow,typescript,https://github.com/chearon/dropflow.git,94760546,2019-07-21,2026-07-24T03:03:46,[],1366,30,2
quiltdata/quilt,typescript,https://github.com/quiltdata/quilt.git,94870875,2017-02-10,2026-08-05T02:59:41,"[""data"", ""data-engineering"", ""data-version-control"", ""data-versioning"", ""parquet"", ""python"", ""serialization""]",1367,90,35
Justineo/vue-clamp,typescript,https://github.com/Justineo/vue-clamp.git,94897721,2018-12-19,2026-07-26T05:27:00,"[""clamp"", ""line-clamp"", ""text-truncation"", ""vue""]",810,93,8
shfshanyue/Daily-Question,typescript,https://github.com/shfshanyue/Daily-Question.git,94899821,2019-11-01,2026-06-23T12:08:03,"[""devops"", ""fe-interview"", ""frontend-interview"", ""interview"", ""interview-questions"", ""js"", ""linux"", ""microservice""]",5142,509,2
ChiChou/grapefruit,typescript,https://github.com/ChiChou/grapefruit.git,94899870,2020-03-27,2026-07-22T08:17:43,"[""ios"", ""mobile"", ""mobile-security"", ""security-tools""]",1364,108,2
Akryum/vue-virtual-scroller,typescript,https://github.com/Akryum/vue-virtual-scroller.git,94904875,2016-11-29,2026-05-20T10:34:11,"[""scroller"", ""virtual-scroller"", ""vuejs"", ""vuejs-components"", ""vuejs2""]",10760,976,44
brianvoe/slim-select,typescript,https://github.com/brianvoe/slim-select.git,94905564,2017-03-18,2026-08-05T06:07:12,"[""dropdown"", ""javascript"", ""search"", ""select"", ""vanilla-javascript""]",1322,227,55
rancher/dashboard,typescript,https://github.com/rancher/dashboard.git,94905739,2019-07-25,2026-08-05T11:01:25,"[""dashboard"", ""kubernetes"", ""rancher""]",608,348,109
LouisMazel/maz-ui,typescript,https://github.com/LouisMazel/maz-ui.git,94905788,2019-12-25,2026-07-06T08:37:22,"[""component"", ""css"", ""javascript"", ""library"", ""maz-ui"", ""nuxt"", ""standalone"", ""tailwindcss"", ""typescript"", ""ui"", ""vue"", ""vue-components""]",564,77,12
OpenRailAssociation/osrd,typescript,https://github.com/OpenRailAssociation/osrd.git,94953994,2019-08-21,2026-08-05T08:26:47,"[""railway"", ""simulation""]",648,84,103
gemini-testing/testplane,typescript,https://github.com/gemini-testing/testplane.git,94955028,2016-02-17,2026-08-05T09:25:13,"[""automation"", ""chrome"", ""chromium"", ""component-testing"", ""e2e-testing"", ""end-to-end-testing"", ""firefox"", ""integration-testing"", ""javascript"", ""screenshot-testing"", ""test"", ""test-automation"", ""testing"", ""testing-tools"", ""testplane"", ""web"", ""webkit""]",828,74,43
antfu-collective/taze,typescript,https://github.com/antfu-collective/taze.git,95044188,2020-07-22,2026-08-05T07:05:20,"[""cli-tool"", ""dependencies"", ""updates""]",4248,149,79
mondaycom/vibe,typescript,https://github.com/mondaycom/vibe.git,95047034,2020-10-06,2026-08-04T03:05:25,"[""codemod"", ""component-library"", ""design-system"", ""hacktoberfest"", ""icons"", ""javascript"", ""js"", ""llm"", ""mcp"", ""mcp-server"", ""monday"", ""react"", ""reactjs"", ""tsx"", ""typescript"", ""ui"", ""ui-components"", ""ui-library"", ""vibe"", ""vibe-coding""]",665,361,186
basics/nuxt-booster,typescript,https://github.com/basics/nuxt-booster.git,95047640,2020-05-19,2026-07-24T11:40:39,"[""above-the-fold"", ""critical-rendering-path"", ""font"", ""font-loading"", ""hydration"", ""image"", ""image-loading"", ""lazy-loading"", ""lighthouse"", ""nuxt"", ""nuxt-font"", ""nuxt-module"", ""nuxt-modules"", ""nuxtjs"", ""page-experience-score"", ""performance"", ""vue"", ""vuejs"", ""web-vitals"", ""webfonts""]",862,37,11
typedoc2md/typedoc-plugin-markdown,typescript,https://github.com/typedoc2md/typedoc-plugin-markdown.git,95056098,2017-05-25,2026-07-29T08:37:58,"[""documentation"", ""generator"", ""markdown"", ""typedoc"", ""typedoc-plugin"", ""typescript""]",820,197,45
sodiray/radash,typescript,https://github.com/sodiray/radash.git,95058974,2020-12-23,2025-06-18T04:22:29,"[""functions"", ""hacktoberfest"", ""javascript"", ""javascript-library"", ""typescript""]",4640,186,42
ytmdesktop/ytmdesktop,typescript,https://github.com/ytmdesktop/ytmdesktop.git,95059283,2018-10-19,2026-08-03T11:41:22,"[""app"", ""desktop"", ""discord"", ""electron"", ""electron-application"", ""javascript"", ""linux"", ""mac"", ""music"", ""music-player"", ""node"", ""scrobbler"", ""windows"", ""youtube"", ""youtube-music"", ""youtube-music-player"", ""youtube-player""]",6338,590,81
VienDinhCom/next-shopify-storefront,typescript,https://github.com/VienDinhCom/next-shopify-storefront.git,95069974,2019-05-08,2026-06-11T02:17:06,"[""eslint"", ""graphql"", ""graphql-codegen"", ""hydrogen-react"", ""incremental-static-regeneration"", ""nextjs"", ""prettier"", ""reactjs"", ""seo"", ""server-side-rendering"", ""shadcn"", ""shopify"", ""shopify-hydrogen"", ""shopify-storefront-api"", ""shopify-storefronts"", ""storefront"", ""tailwindcss"", ""typesafe-data-fetching"", ""typescript""]",862,151,7
intlify/vue-i18n,typescript,https://github.com/intlify/vue-i18n.git,95080722,2020-01-05,2026-08-03T12:35:07,"[""i18n"", ""internationalization"", ""library"", ""plugin"", ""vue"", ""vue3"", ""vuejs""]",2702,385,270
devlikeapro/waha,typescript,https://github.com/devlikeapro/waha.git,95081022,2020-10-20,2026-08-05T09:00:26,"[""ai-bot"", ""bot"", ""http-api"", ""python-bot"", ""whatsapp"", ""whatsapp-api"", ""whatsapp-automation"", ""whatsapp-bot"", ""whatsapp-chat"", ""whatsapp-web"", ""whatsapp-web-api""]",7170,1668,17
cabloy/cabloy,typescript,https://github.com/cabloy/cabloy.git,95082303,2018-01-14,2026-08-05T01:15:00,"[""full-stack"", ""nodejs""]",970,131,5
extension-js/extension.js,typescript,https://github.com/extension-js/extension.js.git,95098094,2020-10-22,2026-08-05T01:50:08,"[""browser-extension"", ""chrome-extension"", ""cli"", ""content-script"", ""cross-browser"", ""edge-extension"", ""extension-js"", ""firefox-extension"", ""manifest-v3"", ""playwright"", ""preact"", ""react"", ""safari-web-extension"", ""scaffold"", ""starter-template"", ""svelte"", ""typescript"", ""vue"", ""webextension"", ""zero-config""]",5053,132,25
openapi-ts/openapi-typescript,typescript,https://github.com/openapi-ts/openapi-typescript.git,95098149,2018-12-13,2026-08-03T03:59:06,"[""openapi"", ""openapi3"", ""openapi3-1"", ""swagger"", ""typescript""]",8279,660,240
material-extensions/vscode-material-icon-theme,typescript,https://github.com/material-extensions/vscode-material-icon-theme.git,95101497,2016-09-09,2026-08-04T07:02:41,"[""material-icon-theme"", ""material-icons"", ""vscode"", ""vscode-extension"", ""vscode-icons"", ""vscode-theme""]",2921,787,411
ZuodaoTech/everyone-can-use-english,typescript,https://github.com/ZuodaoTech/everyone-can-use-english.git,95105116,2019-03-15,2026-06-29T09:40:15,[],35149,4928,73
material-extensions/material-icons-browser-extension,typescript,https://github.com/material-extensions/material-icons-browser-extension.git,95116465,2020-12-17,2026-07-20T06:15:49,"[""browser-extension"", ""material-icons""]",775,55,17
fand/vfx-js,typescript,https://github.com/fand/vfx-js.git,95119819,2019-12-14,2026-07-17T07:33:36,[],1119,35,4
Vinzent03/obsidian-git,typescript,https://github.com/Vinzent03/obsidian-git.git,95121272,2020-10-27,2026-08-02T11:46:11,"[""git"", ""obsidian"", ""obsidian-md"", ""obsidian-plugin""]",11706,610,69
typegoose/mongodb-memory-server,typescript,https://github.com/typegoose/mongodb-memory-server.git,95123126,2017-05-11,2026-08-03T12:52:13,"[""mock"", ""mongodb"", ""mongoose"", ""testing"", ""testing-tools"", ""tests""]",2841,188,108
jupyter-book/mystmd,typescript,https://github.com/jupyter-book/mystmd.git,95124303,2020-07-21,2026-08-04T08:48:38,"[""javascript-parser"", ""markdown-it"", ""myst"", ""myst-markdown"", ""myst-parser"", ""unifiedjs""]",516,166,82
huajian123/ng-antd-admin,typescript,https://github.com/huajian123/ng-antd-admin.git,95124772,2020-12-22,2026-07-23T06:01:44,"[""admin"", ""angular"", ""angular22"", ""ant-design"", ""ant-design-pro"", ""drizzle-orm"", ""jwt"", ""mswjs"", ""nestjs"", ""ng-zorro"", ""standalone-components"", ""typescript"", ""zoneless""]",713,171,3
dynamodb-toolbox/dynamodb-toolbox,typescript,https://github.com/dynamodb-toolbox/dynamodb-toolbox.git,95125356,2019-11-24,2026-08-04T03:42:31,"[""aws"", ""dynamodb"", ""nosql"", ""serverless"", ""typescript""]",1999,184,57
pmndrs/xr,typescript,https://github.com/pmndrs/xr.git,95126524,2020-05-10,2026-05-29T01:42:32,"[""ar"", ""react"", ""react-three-fiber"", ""vr"", ""webxr""]",2591,201,21
denoland/std,typescript,https://github.com/denoland/std.git,95126577,2018-11-07,2026-08-03T10:50:35,"[""deno"", ""javascript"", ""typescript""]",3551,680,447
orval-labs/orval,typescript,https://github.com/orval-labs/orval.git,95131907,2020-02-05,2026-08-05T03:51:02,"[""angular"", ""axios-client"", ""codegen"", ""faker"", ""mock"", ""msw"", ""openapi-specification"", ""orval"", ""react"", ""react-query"", ""swagger"", ""typescript""]",6327,659,359
fastapi/full-stack-fastapi-template,typescript,https://github.com/fastapi/full-stack-fastapi-template.git,95141308,2019-02-23,2026-08-03T07:55:54,"[""backend"", ""chakra-ui"", ""docker"", ""fastapi"", ""frontend"", ""json"", ""json-schema"", ""jwt"", ""letsencrypt"", ""openapi"", ""postgresql"", ""python"", ""react"", ""sqlmodel"", ""swagger"", ""tanstack-query"", ""tanstack-router"", ""traefik"", ""typescript""]",44609,8883,78
ecronix/react-most-wanted,typescript,https://github.com/ecronix/react-most-wanted.git,95146267,2017-03-31,2025-10-14T08:10:05,"[""authentication"", ""facebook-login"", ""firebase"", ""firebase-auth"", ""google-login"", ""hacktoberfest"", ""hacktoberfest-accepted"", ""internationalization"", ""material-ui"", ""offline"", ""progressive-web-app"", ""pwa"", ""react"", ""responsive"", ""routing"", ""starter-kit"", ""theming""]",2423,457,48
jupyter-widgets/ipydatagrid,typescript,https://github.com/jupyter-widgets/ipydatagrid.git,95152595,2019-07-19,2026-01-15T08:07:19,"[""datagrid"", ""datatable"", ""grid"", ""jupyter-notebooks"", ""jupyterlab-extension""]",629,51,24
museofficial/muse,typescript,https://github.com/museofficial/muse.git,95154875,2020-03-07,2026-07-12T09:39:07,"[""discord"", ""discord-js"", ""music"", ""spotify"", ""youtube""]",1243,338,47
ohcnetwork/care_fe,typescript,https://github.com/ohcnetwork/care_fe.git,95159158,2020-03-21,2026-08-05T05:53:31,"[""digital-public-goods"", ""hacktoberfest"", ""healthcare"", ""hmis""]",622,1122,328
runtypes/runtypes,typescript,https://github.com/runtypes/runtypes.git,95159260,2016-05-20,2025-05-13T07:56:56,"[""runtime"", ""types"", ""typescript"", ""validation""]",2651,93,38
mattermost-community/focalboard,typescript,https://github.com/mattermost-community/focalboard.git,95162587,2020-10-06,2026-05-18T04:05:00,"[""asana"", ""collaboration"", ""goal-tracking"", ""golang"", ""hacktoberfest"", ""kanban-board"", ""notion"", ""project"", ""project-management"", ""trello""]",26168,2542,243
reown-com/appkit,typescript,https://github.com/reown-com/appkit.git,95178033,2018-03-29,2026-08-05T09:13:01,"[""dapps"", ""ethereum"", ""integration"", ""plugin"", ""prod"", ""react"", ""team-appkit"", ""wallet"", ""walletconnect"", ""widget""]",5435,1635,165
cellbang/cell,typescript,https://github.com/cellbang/cell.git,95180331,2020-06-07,2025-11-05T12:43:15,"[""aliyun"", ""aws"", ""bff"", ""dependency-injection"", ""faas"", ""microapp"", ""microservice"", ""orm"", ""platform-independent"", ""serverless"", ""serverless-framework"", ""tencent-cloud"", ""typescript"", ""vecel""]",747,66,16
sushi-labs/sushiswap,typescript,https://github.com/sushi-labs/sushiswap.git,95184388,2020-08-24,2026-08-05T12:28:08,[],1942,1483,36
Cyfrin/solidity-by-example.github.io,typescript,https://github.com/Cyfrin/solidity-by-example.github.io.git,95194227,2019-01-29,2026-01-20T08:40:08,[],683,247,93
panva/openid-client,typescript,https://github.com/panva/openid-client.git,95194436,2016-06-27,2026-08-04T09:42:46,"[""client"", ""connect"", ""oidc"", ""openid"", ""openid-client"", ""openid-connect"", ""passport""]",2384,410,40
Legcord/Legcord,typescript,https://github.com/Legcord/Legcord.git,95198745,2020-11-16,2026-07-31T05:30:26,"[""armcord"", ""discord"", ""discord-client"", ""discord-mod"", ""discord-plugin"", ""discord-theme"", ""electron"", ""legcord"", ""nodejs"", ""shelter"", ""vencord""]",3391,151,129
graffle-js/graffle,typescript,https://github.com/graffle-js/graffle.git,95201874,2017-05-10,2026-05-11T08:17:22,"[""graphql"", ""graphql-client"", ""lightweight"", ""nodejs"", ""typescript""]",6117,310,82
hyochan/react-native-iap,typescript,https://github.com/hyochan/react-native-iap.git,95203295,2017-10-22,2026-08-04T02:24:47,"[""amazon"", ""android"", ""appstore"", ""billing"", ""iap"", ""in-app-purchase"", ""ios"", ""openiap"", ""playstore"", ""react-native"", ""react-native-iap""]",3228,692,234
getwud/wud,typescript,https://github.com/getwud/wud.git,95206659,2019-07-15,2026-08-04T05:47:36,"[""docker"", ""nodejs"", ""semver"", ""update-checker""]",3702,135,57
opennextjs/opennextjs-netlify,typescript,https://github.com/opennextjs/opennextjs-netlify.git,95207862,2020-10-26,2026-08-05T06:10:54,"[""javascript"", ""netlify"", ""netlify-plugin"", ""nextjs"", ""opennext""]",851,109,22
motiondivision/motion,typescript,https://github.com/motiondivision/motion.git,95224766,2018-11-16,2026-08-05T11:15:28,"[""animation"", ""animation-js"", ""motion"", ""react"", ""reactanimations"", ""spring""]",33099,1297,134
xpf0000/FlyEnv,typescript,https://github.com/xpf0000/FlyEnv.git,95228089,2020-04-11,2026-08-06T12:50:08,"[""ai-agent"", ""cron-jobs"", ""development-environment"", ""docker-alternative"", ""laragon"", ""laravel-herd"", ""linux"", ""local-ai"", ""local-development"", ""macos"", ""mamp"", ""mysql"", ""nodejs"", ""php"", ""python"", ""redis"", ""windows"", ""wordpress"", ""xampp"", ""xampp-alternative""]",3114,345,59
ct-js/ct-js-old,typescript,https://github.com/ct-js/ct-js-old.git,95228566,2019-08-11,2024-11-17T07:51:34,"[""2d-game-engine"", ""editor"", ""game-editor"", ""game-engine"", ""gamedev"", ""html5-game-development"", ""javascript"", ""pixi-js"", ""pixijs"", ""webgl""]",1692,131,40
jeffzh4ng/picodsa,typescript,https://github.com/jeffzh4ng/picodsa.git,95243044,2020-05-28,2024-12-05T04:48:05,[],785,96,4
primefaces/primeng,typescript,https://github.com/primefaces/primeng.git,95247423,2016-01-16,2026-06-28T11:06:14,"[""angular"", ""charts"", ""components"", ""datagrid"", ""datatable"", ""mit"", ""typescript"", ""ui""]",12536,5053,367
graphql-hive/graphql-eslint,typescript,https://github.com/graphql-hive/graphql-eslint.git,95247534,2020-09-01,2026-08-03T05:12:53,"[""eslint"", ""eslint-graphql"", ""eslint-parser"", ""eslint-plugin"", ""eslint-rules"", ""graphql"", ""graphql-rules"", ""linter""]",832,113,53
solana-foundation/explorer,typescript,https://github.com/solana-foundation/explorer.git,95269862,2020-03-13,2026-08-05T09:54:50,[],767,659,109
bangle-io/banger-editor,typescript,https://github.com/bangle-io/banger-editor.git,95270017,2019-10-21,2026-07-02T11:55:17,"[""draftjs"", ""editor"", ""prosemirror"", ""react"", ""rich-text-editor"", ""text-editor"", ""wysiwyg"", ""wysiwyg-editor""]",674,35,6
aws-solutions/dynamic-image-transformation-for-amazon-cloudfront,typescript,https://github.com/aws-solutions/dynamic-image-transformation-for-amazon-cloudfront.git,95286493,2017-05-09,2026-05-11T08:23:22,[],1454,579,21
pixijs-userland/pixi-viewport,typescript,https://github.com/pixijs-userland/pixi-viewport.git,95291381,2017-08-29,2025-02-03T09:23:23,"[""2d-camera"", ""bounce"", ""pixi"", ""touch"", ""viewport"", ""zoom""]",1097,180,45
reactnativecn/react-native-update,typescript,https://github.com/reactnativecn/react-native-update.git,95302456,2016-02-06,2026-08-03T03:41:41,"[""codepush"", ""hotfix"", ""ota"", ""react-native""]",1980,280,18
superfluid-org/protocol-monorepo,typescript,https://github.com/superfluid-org/protocol-monorepo.git,95305638,2020-03-09,2026-08-04T01:38:00,"[""defi"", ""ethereum"", ""fintech"", ""haskell"", ""solidity"", ""typescript"", ""web3""]",906,264,43
stenciljs/core,typescript,https://github.com/stenciljs/core.git,95313248,2017-02-15,2026-08-04T11:52:36,"[""custom-element"", ""design-system"", ""ionic"", ""ssg"", ""ssr"", ""static-site-generator"", ""stencil"", ""stenciljs"", ""typescript"", ""webcomponent""]",13124,852,246
PreMiD/Activities,typescript,https://github.com/PreMiD/Activities.git,95313313,2019-03-25,2026-08-05T09:58:51,"[""discord"", ""discord-activities"", ""hacktoberfest"", ""service"", ""store"", ""typescript""]",770,1717,332
zwave-js/zwave-js,typescript,https://github.com/zwave-js/zwave-js.git,95313361,2018-03-25,2026-08-04T03:37:38,"[""hacktoberfest"", ""iot"", ""razberry"", ""smart-home"", ""wireless"", ""z-wave"", ""zwave""]",885,719,466
deepops-io/deepops,typescript,https://github.com/deepops-io/deepops.git,95316413,2017-09-28,2025-03-04T08:46:43,"[""apm"", ""jaeger"", ""observability"", ""opentelemetry"", ""prometheus"", ""tracing"", ""xo""]",3877,496,11
ccxt/node-binance-api,typescript,https://github.com/ccxt/node-binance-api.git,95322297,2017-10-05,2026-08-04T04:48:31,"[""algorithmic-trading"", ""binance"", ""crypto"", ""cryptocurrency"", ""cryptocurrency-exchanges"", ""javascript"", ""node"", ""trading""]",1663,759,85
unpkg/unpkg,typescript,https://github.com/unpkg/unpkg.git,95325961,2016-02-22,2026-05-14T07:14:07,[],3380,330,26
graphql-hive/graphql-scalars,typescript,https://github.com/graphql-hive/graphql-scalars.git,95330612,2017-06-16,2026-06-30T12:14:25,"[""graphql"", ""graphql-js"", ""scalar-types"", ""schema""]",1934,141,76
graphql-hive/graphql-inspector,typescript,https://github.com/graphql-hive/graphql-inspector.git,95330613,2018-11-15,2026-06-17T01:47:38,"[""api"", ""graphql"", ""javascript"", ""monitoring"", ""probot-app"", ""the-guild"", ""typescript""]",1755,216,82
graphql-hive/graphql-modules,typescript,https://github.com/graphql-hive/graphql-modules.git,95330614,2018-05-10,2026-05-26T10:00:55,"[""apollo"", ""apollo-server"", ""dependency-injection"", ""graphql"", ""graphql-server"", ""modules"", ""typescript""]",1328,115,66
graphql-hive/graphql-yoga,typescript,https://github.com/graphql-hive/graphql-yoga.git,95330720,2017-11-15,2026-08-04T06:14:38,"[""bun"", ""deno"", ""fetch"", ""graphql"", ""graphql-server"", ""javascript"", ""nodejs"", ""the-guild"", ""typescript"", ""w3c"", ""whatwg""]",8529,592,169
binance/binance-connector-js,typescript,https://github.com/binance/binance-connector-js.git,95335333,2020-05-06,2026-08-05T02:19:05,"[""binance"", ""binance-api"", ""connector"", ""crypto"", ""library"", ""market-data"", ""nodejs"", ""real-time"", ""sdk"", ""trading"", ""typescript""]",744,217,12
esmnext/esmx,typescript,https://github.com/esmnext/esmx.git,95337311,2020-04-04,2026-07-29T04:32:24,"[""esm"", ""esmodule"", ""esmodules"", ""framework"", ""javascript"", ""micro-frontend"", ""micro-frontends"", ""microfrontend"", ""microfrontends"", ""react"", ""react-router"", ""router"", ""rspack"", ""ssr"", ""vite"", ""vue"", ""vue-router""]",674,68,9
streamlabs/desktop,typescript,https://github.com/streamlabs/desktop.git,95337330,2017-10-26,2026-08-05T09:24:19,"[""electron"", ""facebook"", ""react"", ""streaming"", ""streamlabs"", ""twitch"", ""typescript"", ""vue"", ""vuejs"", ""youtube""]",4833,689,70
kubernetes-sigs/headlamp,typescript,https://github.com/kubernetes-sigs/headlamp.git,95342881,2019-11-08,2026-08-05T06:29:04,"[""cloud-native"", ""dashboard"", ""debugging"", ""devops"", ""headlamp"", ""k8s"", ""kinvolk"", ""kubernetes"", ""kubernetes-dashboard"", ""kubernetes-debugging"", ""kubernetes-monitoring"", ""kubernetes-ui"", ""orchestration"", ""plugins""]",7021,988,287
redwoodjs/graphql,typescript,https://github.com/redwoodjs/graphql.git,95345056,2019-06-09,2026-08-04T07:17:53,"[""apollo"", ""graphql"", ""jamstack"", ""prisma"", ""react""]",17610,995,420
zoidsh/meru,typescript,https://github.com/zoidsh/meru.git,95347499,2016-04-25,2026-08-06T12:54:32,"[""app"", ""electron"", ""email"", ""gmail"", ""gmail-desktop"", ""linux"", ""macos"", ""ubuntu"", ""windows""]",1026,103,18
reatom/reatom,typescript,https://github.com/reatom/reatom.git,95349159,2019-05-04,2026-07-25T12:53:06,"[""flux"", ""react"", ""reactive"", ""reactive-programming"", ""reactivity"", ""reatom"", ""state"", ""state-management"", ""state-manager"", ""store""]",1357,137,90
solana-foundation/solana-web3.js,typescript,https://github.com/solana-foundation/solana-web3.js.git,95354119,2018-08-22,2026-07-28T05:10:49,"[""blockchain"", ""javascript"", ""js"", ""node"", ""nodejs"", ""sdk"", ""solana""]",2751,1070,127
h3js/h3,typescript,https://github.com/h3js/h3.git,95360029,2020-11-17,2026-07-30T12:46:26,[],5398,347,167
thirdweb-dev/web3-onboard,typescript,https://github.com/thirdweb-dev/web3-onboard.git,95378022,2019-08-16,2026-05-28T04:59:08,"[""blockchain"", ""connect"", ""dapp"", ""ethereum"", ""polygon"", ""wallet"", ""web3""]",920,530,175
simeydotme/svelte-range-slider-pips,typescript,https://github.com/simeydotme/svelte-range-slider-pips.git,95390382,2020-07-12,2026-03-15T04:07:46,"[""accessible"", ""component"", ""marks"", ""multi"", ""multiple"", ""notches"", ""pips"", ""range"", ""range-slider"", ""react"", ""slider"", ""steps"", ""svelte"", ""sveltejs"", ""thumb"", ""ticks"", ""ui"", ""vue""]",523,50,10
VeloraDEX/sdk,typescript,https://github.com/VeloraDEX/sdk.git,95390452,2019-10-08,2026-07-28T10:10:34,"[""blockchain"", ""cryptocurrency"", ""ethereum"", ""exchange"", ""paraswap"", ""solidity"", ""velora"", ""web3""]",775,111,22
AhmedElywa/prisma-tools,typescript,https://github.com/AhmedElywa/prisma-tools.git,95390454,2020-04-12,2026-06-11T06:44:45,"[""apollo"", ""crud"", ""graphql-modules"", ""graphql-schema"", ""graphql-server"", ""nexus-framework"", ""prisma"", ""prisma-admin"", ""prisma-client"", ""prisma-framework"", ""sdl"", ""typescript""]",700,59,21
TriliumNext/trilium,typescript,https://github.com/TriliumNext/trilium.git,95395672,2017-05-23,2026-08-06T12:29:03,"[""electron"", ""electron-app"", ""knowledge-base"", ""knowledge-graph"", ""knowledge-management"", ""knowledge-management-graph"", ""local-first"", ""note-managment"", ""note-taker"", ""note-taking"", ""notebook"", ""notes"", ""notes-app"", ""personal-knowledge-base"", ""personal-wiki"", ""scriptable"", ""self-hosted"", ""self-hosting"", ""wiki""]",37277,2495,361
aliez-ren/mongood,typescript,https://github.com/aliez-ren/mongood.git,95404143,2020-05-21,2025-09-01T03:40:29,"[""dark-theme"", ""darkmode"", ""database-management"", ""fluent-design"", ""monaco-editor"", ""mongodb"", ""react"", ""swr"", ""vite""]",761,61,5
trueleaf/apiflow,typescript,https://github.com/trueleaf/apiflow.git,95405757,2020-10-04,2026-07-26T02:41:00,"[""api"", ""api-management"", ""api-manager"", ""api-test"", ""apiflow"", ""restful"", ""vue-electron""]",618,101,1
citizenfx/txAdmin,typescript,https://github.com/citizenfx/txAdmin.git,95407233,2019-04-25,2026-08-05T01:03:04,"[""discord"", ""fivem"", ""fxserver"", ""gta5"", ""redm"", ""txadmin""]",919,690,158
MapoMagpie/comic-looms,typescript,https://github.com/MapoMagpie/comic-looms.git,95435416,2020-03-02,2026-08-04T01:13:59,"[""downloader"", ""ehentai"", ""nhentai"", ""pixiv"", ""twitter"", ""userscript"", ""viewer"", ""x""]",773,44,17
github-aws-runners/terraform-aws-github-runner,typescript,https://github.com/github-aws-runners/terraform-aws-github-runner.git,95436483,2020-04-24,2026-08-05T08:58:42,"[""action-runner"", ""actions-runner"", ""aws"", ""cicd"", ""github"", ""github-actions"", ""hacktoberfest"", ""lambda"", ""scalable"", ""self-hosted"", ""serverless"", ""terraform""]",3093,737,207
playcanvas/editor,typescript,https://github.com/playcanvas/editor.git,95444509,2020-01-30,2026-08-04T02:45:52,"[""3d-editor"", ""editor"", ""frontend"", ""game-development"", ""game-engine"", ""gamedev"", ""hacktoberfest"", ""nodejs"", ""pcui"", ""playcanvas"", ""typescript"", ""ui"", ""webgl"", ""webgl2"", ""webgpu"", ""webxr""]",1252,203,15
0xPolygon/matic.js,typescript,https://github.com/0xPolygon/matic.js.git,95455943,2018-08-23,2026-07-21T04:02:42,"[""dapps"", ""ethereum"", ""matic"", ""maticnetwork"", ""polygon"", ""sidechain"", ""smart-contracts"", ""web3""]",562,259,41
the-guild-org/apollo-angular,typescript,https://github.com/the-guild-org/apollo-angular.git,95466177,2016-04-16,2026-07-23T01:50:32,"[""angular"", ""apollo-client"", ""apollographql"", ""graphql"", ""graphql-client"", ""the-guild"", ""typescript""]",1517,309,146
argotorg/sourcify,typescript,https://github.com/argotorg/sourcify.git,95466178,2019-04-24,2026-08-05T11:44:57,"[""ethereum"", ""smart-contracts"", ""solidity"", ""source-code-verification"", ""verification"", ""vyper""]",944,535,177
remorses/holocron,typescript,https://github.com/remorses/holocron.git,95471248,2020-04-10,2026-07-28T03:20:50,"[""documentation"", ""mdx"", ""mintlify""]",752,54,2
privacy-ethereum/maci,typescript,https://github.com/privacy-ethereum/maci.git,95472844,2019-06-16,2026-07-23T08:32:44,"[""circom"", ""ethereum"", ""maci"", ""solidity"", ""typescript""]",594,193,73
UI5/webcomponents,typescript,https://github.com/UI5/webcomponents.git,95474958,2019-01-24,2026-08-05T10:46:52,"[""open-source"", ""ui5"", ""ui5-webcomponents"", ""web-component"", ""webcomponent""]",1766,284,120
remix-project-org/remix-project,typescript,https://github.com/remix-project-org/remix-project.git,95479386,2020-03-20,2026-08-05T08:02:44,"[""blockchain"", ""ethereum"", ""evm"", ""hacktoberfest"", ""remix"", ""remix-ide"", ""smart-contracts"", ""solidity"", ""vyper""]",3030,1393,272
UI5/webcomponents-react,typescript,https://github.com/UI5/webcomponents-react.git,95479390,2019-04-18,2026-08-05T01:19:47,"[""open-source"", ""react"", ""typescript"", ""ui-components"", ""web-components""]",535,112,51
growilabs/growi,typescript,https://github.com/growilabs/growi.git,95479559,2017-02-16,2026-08-05T02:48:08,"[""ai"", ""docker"", ""growi"", ""javascript"", ""markdown-editor"", ""nodejs"", ""react"", ""typescript"", ""wiki"", ""wiki-engine""]",1462,241,158
marcj/deepkit,typescript,https://github.com/marcj/deepkit.git,95487847,2018-10-13,2026-02-11T09:58:10,"[""deepkit"", ""dependency-injection"", ""enterprise"", ""framework"", ""framework-javascript"", ""laravel"", ""mongodb"", ""nodejs"", ""orm"", ""serializer"", ""spring"", ""symfony"", ""typescript"", ""validator""]",3538,141,31
AudiusProject/apps,typescript,https://github.com/AudiusProject/apps.git,95497955,2019-08-11,2026-08-05T10:00:17,"[""audio"", ""blockchain"", ""ethereum"", ""music"", ""protocol"", ""solana"", ""streaming""]",615,132,46
pear-devs/pear-desktop,typescript,https://github.com/pear-devs/pear-desktop.git,95505622,2019-04-19,2026-08-05T06:39:31,"[""desktop-app"", ""electron"", ""linux"", ""mac"", ""macosx"", ""music"", ""music-player"", ""music-player-application"", ""music-player-extension"", ""node"", ""windows""]",32923,1939,385
codingcommons/typesafe-i18n,typescript,https://github.com/codingcommons/typesafe-i18n.git,95505652,2020-12-28,2026-03-22T08:28:52,"[""angular"", ""angular2"", ""i18n"", ""internationalization"", ""javascript"", ""lightweight"", ""localization"", ""nodejs"", ""react"", ""solid"", ""svelte"", ""typescript"", ""vue""]",2450,87,35
brazilian-utils/javascript,typescript,https://github.com/brazilian-utils/javascript.git,95511985,2018-06-08,2026-07-14T01:53:43,"[""boleto"", ""brazilian"", ""cep"", ""cnpj"", ""cpf"", ""cumbucadev"", ""email"", ""estados"", ""format"", ""formatter"", ""generator"", ""gerador"", ""inscricao-estadual"", ""mask"", ""phone"", ""pis"", ""processo-juridico"", ""states"", ""validador"", ""validator""]",1666,129,30
carbon-design-system/carbon-components-svelte,typescript,https://github.com/carbon-design-system/carbon-components-svelte.git,95515613,2019-12-15,2026-08-05T03:56:06,"[""carbon"", ""carbon-design-system"", ""component-library"", ""design-system"", ""svelte"", ""svelte-components"", ""typescript"", ""ui-components"", ""ui-library""]",2893,263,105
synpress-io/synpress,typescript,https://github.com/synpress-io/synpress.git,95522731,2020-11-18,2026-01-10T10:18:05,"[""blockchain"", ""cypress"", ""docker"", ""e2e"", ""ethereum"", ""metamask"", ""playwright"", ""testing""]",872,218,35
safe-fndn/safe-smart-account,typescript,https://github.com/safe-fndn/safe-smart-account.git,95542587,2017-09-02,2026-06-05T07:02:10,"[""ethereum"", ""solidity"", ""wallet""]",2154,1138,68
esengine/esengine,typescript,https://github.com/esengine/esengine.git,95563006,2020-06-08,2026-07-30T06:18:48,"[""2d-game-engine"", ""behavior-tree"", ""ecs"", ""entity-component-system"", ""esengine"", ""game-development"", ""game-engine"", ""game-framework"", ""physics"", ""sprite"", ""tilemap"", ""typescript"", ""wasm"", ""webgl""]",903,158,8
OutlineFoundation/outline-apps,typescript,https://github.com/OutlineFoundation/outline-apps.git,95570038,2018-03-13,2026-08-04T12:08:40,"[""android"", ""chromeos"", ""cordova"", ""electron"", ""ios"", ""linux"", ""macos"", ""outline"", ""outline-vpn"", ""shadowsocks"", ""windows""]",9211,1451,55
AgnosticUI/agnosticui,typescript,https://github.com/AgnosticUI/agnosticui.git,95575119,2020-09-07,2026-06-30T07:42:00,"[""accessibility"", ""agent-skills"", ""ai-agents"", ""context-engineering"", ""css"", ""generative-ui"", ""javascipt"", ""lit"", ""prompt-engineering"", ""reactjs"", ""svelte"", ""ui-components"", ""vue"", ""web-components""]",819,47,15
OutlineFoundation/outline-server,typescript,https://github.com/OutlineFoundation/outline-server.git,95582714,2018-03-13,2026-05-13T08:51:02,"[""docker"", ""linux"", ""outline"", ""outline-vpn"", ""proxy-server"", ""shadowsocks""]",6211,877,46
super-productivity/super-productivity,typescript,https://github.com/super-productivity/super-productivity.git,95582906,2017-01-06,2026-08-05T11:20:10,"[""android"", ""flowmodoro"", ""flowtime"", ""habit-tracker"", ""ios"", ""issue-tracker"", ""linux"", ""local-first"", ""macos"", ""open-source"", ""pomodoro"", ""pomodoro-timer"", ""privacy"", ""productivity"", ""task-manager"", ""time-tracker"", ""time-tracking"", ""to-do-list"", ""todo"", ""windows""]",21148,1915,422
anomalyco/sst,typescript,https://github.com/anomalyco/sst.git,95582983,2020-08-04,2026-07-12T08:03:49,[],26154,2108,291
vendurehq/vendure,typescript,https://github.com/vendurehq/vendure.git,95583412,2018-06-11,2026-08-05T02:13:12,"[""ecommerce"", ""ecommerce-api"", ""ecommerce-framework"", ""ecommerce-platform"", ""graphql"", ""graphql-commerce"", ""headless"", ""headless-commerce"", ""nestjs"", ""nodejs"", ""nodejs-ecommerce"", ""react"", ""shopping-cart""]",8295,1457,284
tsrpc/tsrpc,typescript,https://github.com/tsrpc/tsrpc.git,95597005,2017-09-26,2026-02-26T07:16:11,"[""ajax"", ""axios"", ""backend-framework"", ""express"", ""framework"", ""full-stack"", ""full-stack-developer"", ""full-stack-development"", ""grpc"", ""nestjs"", ""node"", ""nodejs"", ""protobuf"", ""rpc"", ""runtime-type-checking"", ""serialization-algorithm"", ""server-framework"", ""typescript"", ""typescript-rpc-framework"", ""typescript-serialization""]",1913,204,5
SonicJs-Org/sonicjs,typescript,https://github.com/SonicJs-Org/sonicjs.git,95606866,2018-08-15,2026-08-05T07:34:14,"[""api"", ""backend"", ""cloudflare-d1"", ""cloudflare-r2"", ""cloudflare-workers"", ""cms"", ""content-management"", ""edge-computing"", ""graphql"", ""headless-cms"", ""hono"", ""htmx"", ""jamstack"", ""javascript"", ""open-source"", ""payload-alternative"", ""rest-api"", ""serverless"", ""strapi-alternative"", ""typescript""]",1662,210,30
ontola/atomic-server,typescript,https://github.com/ontola/atomic-server.git,95623610,2020-07-04,2026-08-05T05:36:10,"[""actix"", ""atomic-data"", ""cli"", ""database"", ""library"", ""linked-data"", ""rdf"", ""rust"", ""server"", ""sled""]",1582,76,12
c4spar/cliffy,typescript,https://github.com/c4spar/cliffy.git,95628740,2020-03-09,2026-08-03T09:01:24,"[""ansi-escape"", ""argument-parser"", ""cli"", ""cli-cursor"", ""cli-framework"", ""cli-table"", ""command-line"", ""deno"", ""prompt"", ""prompts"", ""typescript""]",1170,81,45
ntegrals/openbrowser,typescript,https://github.com/ntegrals/openbrowser.git,95628979,2019-04-11,2026-04-02T12:55:42,"[""ai-agents"", ""automation"", ""claude"", ""playwright"", ""puppeteer"", ""sandbox""]",9390,860,1
apache/casbin-node-casbin,typescript,https://github.com/apache/casbin-node-casbin.git,95665245,2018-07-15,2026-06-25T03:57:54,"[""abac"", ""access-control"", ""acl"", ""auth"", ""authorization"", ""authz"", ""casbin"", ""javascript"", ""js"", ""node"", ""nodejs"", ""permission"", ""permissions"", ""rbac""]",2902,231,48
StreamerHelper/web-server,typescript,https://github.com/StreamerHelper/web-server.git,95665364,2019-08-20,2026-07-31T05:13:39,[],1153,171,12
zkywsg/Daily-LLM,typescript,https://github.com/zkywsg/Daily-LLM.git,95669520,2019-07-05,2026-06-29T05:43:08,"[""cv"", ""deep-learning"", ""leetcode"", ""leetcode-python"", ""leetcode-solutions"", ""llm"", ""machine-learning"", ""nlp"", ""python"", ""pytorch"", ""pytorch-nlp"", ""pytorch-tutorial"", ""pytorch-tutorials"", ""tensorflow"", ""tensorflow-examples"", ""tensorflow-tutorials""]",847,160,1
sourcey/sourcey,typescript,https://github.com/sourcey/sourcey.git,95690426,2016-01-12,2026-08-02T04:21:04,"[""api-documentation"", ""developer-tools"", ""docs"", ""documentation"", ""documentation-generator"", ""doxygen"", ""godoc"", ""llms-txt"", ""mcp-server"", ""openapi"", ""openapi-documentation"", ""openapi3"", ""openapi31"", ""static-site-generator"", ""swagger"", ""typescript""]",1347,332,28
autobase-tech/autobase,typescript,https://github.com/autobase-tech/autobase.git,95690711,2019-06-04,2026-08-02T08:03:28,"[""auto-failover"", ""autobase"", ""automation"", ""cluster"", ""database"", ""dbaas"", ""high-availibility"", ""patroni"", ""postgres"", ""postgresql"", ""self-hosted""]",4323,597,73
basmilius/meteocons,typescript,https://github.com/basmilius/meteocons.git,95721841,2019-02-19,2026-04-12T07:52:41,"[""animations"", ""figma"", ""icon"", ""icon-pack"", ""icons"", ""lottie"", ""lottie-animation"", ""meteocons"", ""simple-icons"", ""svg"", ""svg-files"", ""weather"", ""weather-icons""]",1530,169,1
rcaferati/react-native-awesome-button,typescript,https://github.com/rcaferati/react-native-awesome-button.git,95723283,2018-03-02,2026-07-14T12:02:26,"[""animated"", ""button"", ""component"", ""progress"", ""react"", ""react-native"", ""share"", ""social""]",1277,129,4
jd-opensource/taro-ui,typescript,https://github.com/jd-opensource/taro-ui.git,95726834,2018-07-02,2026-07-30T09:46:04,"[""javascript"", ""nervjs"", ""react"", ""taro"", ""taro-compontent"", ""ui-design"", ""ui-kit"", ""wechat-mini-program"", ""wechat-weapp"", ""wxapp""]",4718,738,77
wagtail/draftail,typescript,https://github.com/wagtail/draftail.git,95738701,2016-11-11,2026-04-23T03:27:46,"[""draft-js"", ""editor"", ""react"", ""wagtail"", ""wysiwyg""]",631,66,14
vuski/admdongkor,typescript,https://github.com/vuski/admdongkor.git,95738964,2017-05-21,2026-08-04T12:58:56,[],518,133,2
asbplayer/asbplayer,typescript,https://github.com/asbplayer/asbplayer.git,95739573,2020-11-21,2026-08-04T11:14:09,"[""anki-flashcards"", ""language-learning""]",1379,204,52
timh-dev/startup-page,typescript,https://github.com/timh-dev/startup-page.git,95743143,2020-07-26,2026-08-04T03:27:59,"[""homepage"", ""landing-page"", ""landingpage"", ""react"", ""startpage"", ""startpages"", ""startup-page""]",524,55,6
StackExchange/Stacks,typescript,https://github.com/StackExchange/Stacks.git,95763190,2017-11-07,2026-08-05T12:43:07,[],667,103,51
liuzi6612/nav,typescript,https://github.com/liuzi6612/nav.git,95770275,2018-04-26,2026-06-30T01:33:49,"[""ai-awesome"", ""angular"", ""nav"", ""navigation"", ""netlify"", ""nextjs"", ""ng-zorro-antd"", ""vercel""]",3257,2381,8
liuzi6612/tomato-work,typescript,https://github.com/liuzi6612/tomato-work.git,95770519,2017-09-12,2026-06-07T08:00:11,"[""antd"", ""hooks"", ""pwa-app"", ""react"", ""react-router-v6"", ""redux"", ""typescript"", ""vite""]",713,151,2
fossasia/loungemesh,typescript,https://github.com/fossasia/loungemesh.git,95800003,2017-10-20,2026-07-15T07:06:46,[],1454,5,2
fossasia/susper-legacy,typescript,https://github.com/fossasia/susper-legacy.git,95810122,2017-01-19,2026-06-10T10:55:44,[],1741,300,74
qawolf/cli,typescript,https://github.com/qawolf/cli.git,95818220,2019-09-17,2026-08-05T09:49:15,"[""automation"", ""cli"", ""e2e"", ""end-to-end-testing"", ""playwright"", ""qa"", ""qawolf"", ""test-automation"", ""testing""]",3441,139,8
feichao93/battle-city,typescript,https://github.com/feichao93/battle-city.git,95818299,2017-02-28,2026-06-13T05:38:04,"[""battle-city"", ""game"", ""react"", ""redux"", ""redux-saga"", ""svg""]",1875,347,1
chart-kit/react-native-chart-kit,typescript,https://github.com/chart-kit/react-native-chart-kit.git,95828015,2017-12-20,2026-08-02T07:07:02,"[""android"", ""chart"", ""charting"", ""charts"", ""data-visualization"", ""graph"", ""graphs"", ""ios"", ""line-charts"", ""mobile"", ""mobile-charts"", ""react"", ""react-native"", ""react-native-svg"", ""typescript""]",3111,678,98
nilbuild/driver.js,typescript,https://github.com/nilbuild/driver.js.git,95836476,2018-03-11,2026-07-18T04:01:07,"[""feature-introductions"", ""overlay"", ""overlays"", ""popover"", ""product-tour"", ""product-tours"", ""spotlight"", ""tour"", ""user-onboarding"", ""walkthrough""]",26460,1188,47
pieroproietti/penguins-eggs-legacy,typescript,https://github.com/pieroproietti/penguins-eggs-legacy.git,95836964,2017-10-22,2026-07-29T03:56:15,"[""alpine"", ""arch"", ""arm64"", ""crypted-live-clone"", ""debian"", ""devuan"", ""fedora"", ""installer"", ""live"", ""manjaro"", ""remastering"", ""rhel9"", ""riscv64"", ""ubuntu"", ""x86-32"", ""x86-64""]",582,71,2
reversenseorg/dexcalibur,typescript,https://github.com/reversenseorg/dexcalibur.git,95844211,2019-02-17,2026-08-04T02:53:42,"[""analysis"", ""android"", ""android-security"", ""apk"", ""binary-analysis"", ""dex"", ""frida"", ""frida-gadget"", ""frida-node"", ""fuzzing"", ""hook"", ""hooking"", ""instrumentation-automation"", ""ios"", ""mobile-security"", ""reverse"", ""reverse-engineering"", ""security-tools"", ""smali""]",1167,130,8
justjavac/wechat-miniapp-radar,typescript,https://github.com/justjavac/wechat-miniapp-radar.git,95854974,2016-09-22,2026-07-09T01:37:29,"[""minapp"", ""miniprogram"", ""wechat"", ""wechat-weapp"", ""wxapp"", ""wxml""]",51221,9022,182
next-terminal/next-terminal,typescript,https://github.com/next-terminal/next-terminal.git,95875471,2020-12-20,2026-07-14T12:16:47,"[""antd"", ""antd-design"", ""docker"", ""go"", ""golang"", ""guacamole"", ""rdp"", ""react"", ""ssh"", ""vnc""]",5601,779,15
neo4j-contrib/neodash,typescript,https://github.com/neo4j-contrib/neodash.git,95876749,2020-09-24,2026-07-22T02:36:29,"[""dashboard"", ""graph"", ""neo4j"", ""nodes-2022"", ""visualization""]",518,186,33
dockview/dockview,typescript,https://github.com/dockview/dockview.git,95900183,2020-06-24,2026-08-05T05:19:30,"[""angular"", ""dock"", ""docking"", ""docking-layout"", ""docking-library"", ""drag-and-drop"", ""floating-panels"", ""grid"", ""layout"", ""layout-manager"", ""panel"", ""popout-windows"", ""react"", ""splitview"", ""tabs"", ""typescript"", ""ui-components"", ""vue"", ""vuejs"", ""zero-dependency""]",3338,164,47
Shopify/polaris-react-archive,typescript,https://github.com/Shopify/polaris-react-archive.git,95900622,2017-04-20,2026-08-05T12:55:17,"[""component-library"", ""design-system"", ""design-systems"", ""design-tokens"", ""figma-plugin"", ""icons"", ""react"", ""shopify-polaris"", ""typescript"", ""vscode-extension""]",6175,1253,338
